Time, NodeID, Gender, AgeYears, NumIndividuals, NumInfected
0,9,M,40,12,0
0,9,M,80,17,0
0,9,M,125,22,0
0,9,F,40,18,0
0,9,F,80,16,0
0,9,F,125,15,0
0,8,M,40,18,0
0,8,M,80,16,0
0,8,M,125,20,0
0,8,F,40,14,0
0,8,F,80,18,0
0,8,F,125,14,0
0,7,M,40,16,0
0,7,M,80,16,0
0,7,M,125,20,0
0,7,F,40,14,0
0,7,F,80,14,0
0,7,F,125,20,0
0,6,M,40,13,0
0,6,M,80,17,0
0,6,M,125,14,0
0,6,F,40,19,0
0,6,F,80,22,0
0,6,F,125,15,0
0,5,M,40,13,0
0,5,M,80,19,0
0,5,M,125,12,0
0,5,F,40,20,0
0,5,F,80,19,0
0,5,F,125,17,0
0,4,M,40,18,0
0,4,M,80,16,0
0,4,M,125,18,0
0,4,F,40,16,0
0,4,F,80,19,0
0,4,F,125,13,0
0,3,M,40,18,0
0,3,M,80,10,0
0,3,M,125,21,0
0,3,F,40,21,0
0,3,F,80,18,0
0,3,F,125,12,0
0,2,M,40,14,0
0,2,M,80,24,0
0,2,M,125,13,0
0,2,F,40,19,0
0,2,F,80,15,0
0,2,F,125,15,0
0,1,M,40,17,0
0,1,M,80,21,0
0,1,M,125,15,0
0,1,F,40,19,0
0,1,F,80,15,0
0,1,F,125,13,0
1,9,M,40,9,0
1,9,M,80,17,0
1,9,M,125,36,0
1,9,F,40,9,0
1,9,F,80,10,0
1,9,F,125,23,0
1,8,M,40,11,0
1,8,M,80,9,0
1,8,M,125,21,0
1,8,F,40,15,0
1,8,F,80,20,0
1,8,F,125,17,0
1,7,M,40,15,0
1,7,M,80,18,0
1,7,M,125,30,0
1,7,F,40,3,0
1,7,F,80,7,0
1,7,F,125,22,0
1,6,M,40,8,0
1,6,M,80,18,0
1,6,M,125,7,0
1,6,F,40,17,0
1,6,F,80,38,0
1,6,F,125,19,0
1,5,M,40,16,0
1,5,M,80,29,0
1,5,M,125,15,0
1,5,F,40,9,0
1,5,F,80,22,0
1,5,F,125,6,0
1,4,M,40,9,0
1,4,M,80,21,0
1,4,M,125,8,0
1,4,F,40,14,0
1,4,F,80,29,0
1,4,F,125,19,0
1,3,M,40,25,0
1,3,M,80,12,0
1,3,M,125,16,0
1,3,F,40,32,0
1,3,F,80,9,0
1,3,F,125,5,0
1,2,M,40,21,0
1,2,M,80,13,0
1,2,M,125,9,0
1,2,F,40,38,0
1,2,F,80,12,0
1,2,F,125,15,0
1,1,M,40,25,0
1,1,M,80,19,0
1,1,M,125,13,0
1,1,F,40,23,0
1,1,F,80,9,0
1,1,F,125,8,0
2,9,M,40,10,0
2,9,M,80,16,0
2,9,M,125,42,0
2,9,F,40,6,0
2,9,F,80,8,0
2,9,F,125,25,0
2,8,M,40,5,0
2,8,M,80,4,0
2,8,M,125,20,0
2,8,F,40,12,0
2,8,F,80,17,0
2,8,F,125,30,0
2,7,M,40,11,0
2,7,M,80,21,0
2,7,M,125,43,0
2,7,F,40,1,0
2,7,F,80,6,0
2,7,F,125,24,0
2,6,M,40,3,0
2,6,M,80,16,0
2,6,M,125,3,0
2,6,F,40,11,0
2,6,F,80,44,0
2,6,F,125,16,0
2,5,M,40,15,0
2,5,M,80,47,0
2,5,M,125,16,0
2,5,F,40,4,0
2,5,F,80,21,0
2,5,F,125,5,0
2,4,M,40,5,0
2,4,M,80,20,0
2,4,M,125,4,0
2,4,F,40,11,0
2,4,F,80,37,0
2,4,F,125,16,0
2,3,M,40,31,0
2,3,M,80,13,0
2,3,M,125,12,0
2,3,F,40,30,0
2,3,F,80,6,0
2,3,F,125,2,0
2,2,M,40,22,0
2,2,M,80,7,0
2,2,M,125,4,0
2,2,F,40,50,0
2,2,F,80,9,0
2,2,F,125,13,0
2,1,M,40,37,0
2,1,M,80,12,0
2,1,M,125,11,0
2,1,F,40,35,0
2,1,F,80,8,0
2,1,F,125,3,0
3,9,M,40,9,0
3,9,M,80,13,0
3,9,M,125,46,0
3,9,F,40,5,0
3,9,F,80,3,0
3,9,F,125,29,0
3,8,M,40,2,0
3,8,M,80,1,0
3,8,M,125,21,0
3,8,F,40,11,0
3,8,F,80,18,0
3,8,F,125,39,0
3,7,M,40,8,0
3,7,M,80,20,0
3,7,M,125,48,0
3,7,F,40,1,0
3,7,F,80,4,0
3,7,F,125,26,0
3,6,M,40,2,0
3,6,M,80,22,0
3,6,M,125,1,0
3,6,F,40,8,0
3,6,F,80,54,0
3,6,F,125,13,0
3,5,M,40,17,0
3,5,M,80,54,0
3,5,M,125,11,0
3,5,F,40,1,0
3,5,F,80,20,0
3,5,F,125,1,0
3,4,M,40,3,0
3,4,M,80,22,0
3,4,M,125,4,0
3,4,F,40,16,0
3,4,F,80,41,0
3,4,F,125,13,0
3,3,M,40,39,0
3,3,M,80,9,0
3,3,M,125,11,0
3,3,F,40,29,0
3,3,F,80,0,0
3,3,F,125,0,0
3,2,M,40,17,0
3,2,M,80,5,0
3,2,M,125,3,0
3,2,F,40,60,0
3,2,F,80,11,0
3,2,F,125,11,0
3,1,M,40,42,0
3,1,M,80,10,0
3,1,M,125,10,0
3,1,F,40,29,0
3,1,F,80,5,0
3,1,F,125,2,0
4,9,M,40,7,0
4,9,M,80,10,0
4,9,M,125,48,0
4,9,F,40,4,0
4,9,F,80,2,0
4,9,F,125,29,0
4,8,M,40,1,0
4,8,M,80,0,0
4,8,M,125,22,0
4,8,F,40,8,0
4,8,F,80,15,0
4,8,F,125,46,0
4,7,M,40,5,0
4,7,M,80,11,0
4,7,M,125,51,0
4,7,F,40,1,0
4,7,F,80,3,0
4,7,F,125,30,0
4,6,M,40,2,0
4,6,M,80,22,0
4,6,M,125,1,0
4,6,F,40,13,0
4,6,F,80,61,0
4,6,F,125,10,0
4,5,M,40,17,0
4,5,M,80,67,0
4,5,M,125,10,0
4,5,F,40,0,0
4,5,F,80,17,0
4,5,F,125,1,0
4,4,M,40,2,0
4,4,M,80,23,0
4,4,M,125,4,0
4,4,F,40,17,0
4,4,F,80,44,0
4,4,F,125,10,0
4,3,M,40,42,0
4,3,M,80,11,0
4,3,M,125,8,0
4,3,F,40,23,0
4,3,F,80,0,0
4,3,F,125,0,0
4,2,M,40,18,0
4,2,M,80,3,0
4,2,M,125,1,0
4,2,F,40,68,0
4,2,F,80,11,0
4,2,F,125,8,0
4,1,M,40,45,0
4,1,M,80,9,0
4,1,M,125,10,0
4,1,F,40,26,0
4,1,F,80,3,0
4,1,F,125,0,0
5,9,M,40,7,0
5,9,M,80,10,0
5,9,M,125,55,0
5,9,F,40,2,0
5,9,F,80,2,0
5,9,F,125,25,0
5,8,M,40,0,0
5,8,M,80,0,0
5,8,M,125,18,0
5,8,F,40,6,0
5,8,F,80,14,0
5,8,F,125,52,0
5,7,M,40,5,0
5,7,M,80,10,0
5,7,M,125,56,0
5,7,F,40,0,0
5,7,F,80,3,0
5,7,F,125,27,0
5,6,M,40,1,0
5,6,M,80,19,0
5,6,M,125,1,0
5,6,F,40,12,0
5,6,F,80,62,0
5,6,F,125,13,0
5,5,M,40,14,0
5,5,M,80,77,0
5,5,M,125,8,0
5,5,F,40,0,0
5,5,F,80,15,0
5,5,F,125,0,0
5,4,M,40,1,0
5,4,M,80,18,0
5,4,M,125,3,0
5,4,F,40,15,0
5,4,F,80,48,0
5,4,F,125,11,0
5,3,M,40,45,0
5,3,M,80,11,0
5,3,M,125,5,0
5,3,F,40,24,0
5,3,F,80,0,0
5,3,F,125,0,0
5,2,M,40,17,0
5,2,M,80,2,0
5,2,M,125,1,0
5,2,F,40,73,0
5,2,F,80,11,0
5,2,F,125,6,0
5,1,M,40,48,0
5,1,M,80,10,0
5,1,M,125,8,0
5,1,F,40,28,0
5,1,F,80,1,0
5,1,F,125,0,0
6,9,M,40,6,0
6,9,M,80,8,0
6,9,M,125,59,0
6,9,F,40,0,0
6,9,F,80,1,0
6,9,F,125,23,0
6,8,M,40,0,0
6,8,M,80,0,0
6,8,M,125,19,0
6,8,F,40,3,0
6,8,F,80,13,0
6,8,F,125,56,0
6,7,M,40,2,0
6,7,M,80,8,0
6,7,M,125,59,0
6,7,F,40,0,0
6,7,F,80,3,0
6,7,F,125,28,0
6,6,M,40,0,0
6,6,M,80,23,0
6,6,M,125,1,0
6,6,F,40,13,0
6,6,F,80,67,0
6,6,F,125,10,0
6,5,M,40,13,0
6,5,M,80,82,0
6,5,M,125,7,0
6,5,F,40,0,0
6,5,F,80,12,0
6,5,F,125,0,0
6,4,M,40,1,0
6,4,M,80,19,0
6,4,M,125,1,0
6,4,F,40,16,0
6,4,F,80,53,0
6,4,F,125,11,0
6,3,M,40,47,0
6,3,M,80,9,0
6,3,M,125,4,0
6,3,F,40,25,0
6,3,F,80,0,0
6,3,F,125,0,0
6,2,M,40,19,0
6,2,M,80,2,0
6,2,M,125,0,0
6,2,F,40,79,0
6,2,F,80,7,0
6,2,F,125,6,0
6,1,M,40,50,0
6,1,M,80,6,0
6,1,M,125,5,0
6,1,F,40,24,0
6,1,F,80,0,0
6,1,F,125,0,0
7,9,M,40,4,0
7,9,M,80,3,0
7,9,M,125,61,0
7,9,F,40,0,0
7,9,F,80,0,0
7,9,F,125,21,0
7,8,M,40,0,0
7,8,M,80,0,0
7,8,M,125,18,0
7,8,F,40,3,0
7,8,F,80,13,0
7,8,F,125,65,0
7,7,M,40,1,0
7,7,M,80,7,0
7,7,M,125,61,0
7,7,F,40,0,0
7,7,F,80,1,0
7,7,F,125,24,0
7,6,M,40,0,0
7,6,M,80,18,0
7,6,M,125,1,0
7,6,F,40,13,0
7,6,F,80,69,0
7,6,F,125,8,0
7,5,M,40,8,0
7,5,M,80,89,0
7,5,M,125,6,0
7,5,F,40,0,0
7,5,F,80,11,0
7,5,F,125,0,0
7,4,M,40,0,0
7,4,M,80,23,0
7,4,M,125,1,0
7,4,F,40,19,0
7,4,F,80,56,0
7,4,F,125,10,0
7,3,M,40,49,0
7,3,M,80,9,0
7,3,M,125,3,0
7,3,F,40,24,0
7,3,F,80,0,0
7,3,F,125,0,0
7,2,M,40,20,0
7,2,M,80,2,0
7,2,M,125,0,0
7,2,F,40,84,0
7,2,F,80,6,0
7,2,F,125,6,0
7,1,M,40,56,0
7,1,M,80,6,0
7,1,M,125,4,0
7,1,F,40,17,0
7,1,F,80,0,0
7,1,F,125,0,0
8,9,M,40,4,0
8,9,M,80,5,0
8,9,M,125,61,0
8,9,F,40,0,0
8,9,F,80,0,0
8,9,F,125,18,0
8,8,M,40,0,0
8,8,M,80,0,0
8,8,M,125,13,0
8,8,F,40,3,0
8,8,F,80,11,0
8,8,F,125,71,0
8,7,M,40,1,0
8,7,M,80,8,0
8,7,M,125,67,0
8,7,F,40,0,0
8,7,F,80,0,0
8,7,F,125,24,0
8,6,M,40,0,0
8,6,M,80,14,0
8,6,M,125,1,0
8,6,F,40,12,0
8,6,F,80,74,0
8,6,F,125,9,0
8,5,M,40,9,0
8,5,M,80,93,0
8,5,M,125,8,0
8,5,F,40,0,0
8,5,F,80,7,0
8,5,F,125,0,0
8,4,M,40,0,0
8,4,M,80,19,0
8,4,M,125,0,0
8,4,F,40,15,0
8,4,F,80,60,0
8,4,F,125,8,0
8,3,M,40,52,0
8,3,M,80,11,0
8,3,M,125,1,0
8,3,F,40,25,0
8,3,F,80,0,0
8,3,F,125,0,0
8,2,M,40,12,0
8,2,M,80,1,0
8,2,M,125,0,0
8,2,F,40,88,0
8,2,F,80,4,0
8,2,F,125,4,0
8,1,M,40,60,0
8,1,M,80,6,0
8,1,M,125,4,0
8,1,F,40,17,0
8,1,F,80,0,0
8,1,F,125,0,0
9,9,M,40,3,0
9,9,M,80,4,0
9,9,M,125,63,0
9,9,F,40,0,0
9,9,F,80,0,0
9,9,F,125,12,0
9,8,M,40,0,0
9,8,M,80,0,0
9,8,M,125,14,0
9,8,F,40,2,0
9,8,F,80,11,0
9,8,F,125,85,0
9,7,M,40,1,0
9,7,M,80,9,0
9,7,M,125,67,0
9,7,F,40,0,0
9,7,F,80,0,0
9,7,F,125,14,0
9,6,M,40,0,0
9,6,M,80,12,0
9,6,M,125,1,0
9,6,F,40,13,0
9,6,F,80,74,0
9,6,F,125,9,0
9,5,M,40,11,0
9,5,M,80,98,0
9,5,M,125,6,0
9,5,F,40,0,0
9,5,F,80,6,0
9,5,F,125,0,0
9,4,M,40,0,0
9,4,M,80,16,0
9,4,M,125,0,0
9,4,F,40,15,0
9,4,F,80,61,0
9,4,F,125,11,0
9,3,M,40,53,0
9,3,M,80,9,0
9,3,M,125,0,0
9,3,F,40,23,0
9,3,F,80,0,0
9,3,F,125,0,0
9,2,M,40,8,0
9,2,M,80,1,0
9,2,M,125,0,0
9,2,F,40,90,0
9,2,F,80,5,0
9,2,F,125,3,0
9,1,M,40,62,0
9,1,M,80,8,0
9,1,M,125,4,0
9,1,F,40,16,0
9,1,F,80,0,0
9,1,F,125,0,0
10,9,M,40,3,0
10,9,M,80,6,0
10,9,M,125,64,0
10,9,F,40,0,0
10,9,F,80,0,0
10,9,F,125,12,0
10,8,M,40,0,0
10,8,M,80,0,0
10,8,M,125,12,0
10,8,F,40,2,0
10,8,F,80,5,0
10,8,F,125,88,0
10,7,M,40,1,0
10,7,M,80,8,0
10,7,M,125,71,0
10,7,F,40,0,0
10,7,F,80,0,0
10,7,F,125,16,0
10,6,M,40,0,0
10,6,M,80,10,0
10,6,M,125,1,0
10,6,F,40,11,0
10,6,F,80,77,0
10,6,F,125,8,0
10,5,M,40,9,0
10,5,M,80,102,0
10,5,M,125,5,0
10,5,F,40,0,0
10,5,F,80,6,0
10,5,F,125,0,0
10,4,M,40,0,0
10,4,M,80,14,0
10,4,M,125,0,0
10,4,F,40,12,0
10,4,F,80,63,0
10,4,F,125,7,0
10,3,M,40,56,0
10,3,M,80,10,0
10,3,M,125,0,0
10,3,F,40,23,0
10,3,F,80,0,0
10,3,F,125,0,0
10,2,M,40,7,0
10,2,M,80,1,0
10,2,M,125,0,0
10,2,F,40,95,0
10,2,F,80,6,0
10,2,F,125,3,0
10,1,M,40,62,0
10,1,M,80,6,0
10,1,M,125,2,0
10,1,F,40,16,0
10,1,F,80,0,0
10,1,F,125,0,0
11,9,M,40,2,0
11,9,M,80,6,0
11,9,M,125,69,0
11,9,F,40,0,0
11,9,F,80,0,0
11,9,F,125,8,0
11,8,M,40,0,0
11,8,M,80,0,0
11,8,M,125,11,0
11,8,F,40,2,0
11,8,F,80,3,0
11,8,F,125,96,0
11,7,M,40,1,0
11,7,M,80,7,0
11,7,M,125,71,0
11,7,F,40,0,0
11,7,F,80,0,0
11,7,F,125,14,0
11,6,M,40,0,0
11,6,M,80,5,0
11,6,M,125,0,0
11,6,F,40,9,0
11,6,F,80,78,0
11,6,F,125,6,0
11,5,M,40,6,0
11,5,M,80,105,0
11,5,M,125,4,0
11,5,F,40,0,0
11,5,F,80,7,0
11,5,F,125,0,0
11,4,M,40,0,0
11,4,M,80,17,0
11,4,M,125,0,0
11,4,F,40,13,0
11,4,F,80,64,0
11,4,F,125,7,0
11,3,M,40,59,0
11,3,M,80,11,0
11,3,M,125,0,0
11,3,F,40,20,0
11,3,F,80,0,0
11,3,F,125,0,0
11,2,M,40,6,0
11,2,M,80,0,0
11,2,M,125,0,0
11,2,F,40,103,0
11,2,F,80,5,0
11,2,F,125,3,0
11,1,M,40,63,0
11,1,M,80,7,0
11,1,M,125,0,0
11,1,F,40,12,0
11,1,F,80,0,0
11,1,F,125,0,0
12,9,M,40,2,0
12,9,M,80,5,0
12,9,M,125,72,0
12,9,F,40,0,0
12,9,F,80,0,0
12,9,F,125,8,0
12,8,M,40,0,0
12,8,M,80,0,0
12,8,M,125,7,0
12,8,F,40,2,0
12,8,F,80,1,0
12,8,F,125,99,0
12,7,M,40,1,0
12,7,M,80,5,0
12,7,M,125,72,0
12,7,F,40,0,0
12,7,F,80,0,0
12,7,F,125,12,0
12,6,M,40,0,0
12,6,M,80,8,0
12,6,M,125,0,0
12,6,F,40,6,0
12,6,F,80,80,0
12,6,F,125,5,0
12,5,M,40,6,0
12,5,M,80,106,0
12,5,M,125,4,0
12,5,F,40,0,0
12,5,F,80,6,0
12,5,F,125,0,0
12,4,M,40,0,0
12,4,M,80,17,0
12,4,M,125,0,0
12,4,F,40,13,0
12,4,F,80,65,0
12,4,F,125,8,0
12,3,M,40,59,0
12,3,M,80,9,0
12,3,M,125,0,0
12,3,F,40,19,0
12,3,F,80,0,0
12,3,F,125,0,0
12,2,M,40,6,0
12,2,M,80,0,0
12,2,M,125,0,0
12,2,F,40,107,0
12,2,F,80,5,0
12,2,F,125,2,0
12,1,M,40,63,0
12,1,M,80,8,0
12,1,M,125,0,0
12,1,F,40,12,0
12,1,F,80,0,0
12,1,F,125,0,0
13,9,M,40,1,0
13,9,M,80,3,0
13,9,M,125,73,0
13,9,F,40,0,0
13,9,F,80,0,0
13,9,F,125,8,0
13,8,M,40,0,0
13,8,M,80,0,0
13,8,M,125,3,0
13,8,F,40,1,0
13,8,F,80,2,0
13,8,F,125,102,0
13,7,M,40,1,0
13,7,M,80,4,0
13,7,M,125,73,0
13,7,F,40,0,0
13,7,F,80,0,0
13,7,F,125,11,0
13,6,M,40,0,0
13,6,M,80,9,0
13,6,M,125,0,0
13,6,F,40,4,0
13,6,F,80,81,0
13,6,F,125,5,0
13,5,M,40,5,0
13,5,M,80,115,0
13,5,M,125,6,0
13,5,F,40,0,0
13,5,F,80,3,0
13,5,F,125,0,0
13,4,M,40,0,0
13,4,M,80,15,0
13,4,M,125,0,0
13,4,F,40,9,0
13,4,F,80,67,0
13,4,F,125,7,0
13,3,M,40,60,0
13,3,M,80,5,0
13,3,M,125,0,0
13,3,F,40,20,0
13,3,F,80,0,0
13,3,F,125,0,0
13,2,M,40,6,0
13,2,M,80,0,0
13,2,M,125,0,0
13,2,F,40,111,0
13,2,F,80,4,0
13,2,F,125,1,0
13,1,M,40,64,0
13,1,M,80,7,0
13,1,M,125,0,0
13,1,F,40,14,0
13,1,F,80,0,0
13,1,F,125,0,0
14,9,M,40,1,0
14,9,M,80,3,0
14,9,M,125,74,0
14,9,F,40,0,0
14,9,F,80,0,0
14,9,F,125,7,0
14,8,M,40,0,0
14,8,M,80,0,0
14,8,M,125,3,0
14,8,F,40,1,0
14,8,F,80,1,0
14,8,F,125,104,0
14,7,M,40,1,0
14,7,M,80,4,0
14,7,M,125,74,0
14,7,F,40,0,0
14,7,F,80,0,0
14,7,F,125,11,0
14,6,M,40,0,0
14,6,M,80,9,0
14,6,M,125,0,0
14,6,F,40,1,0
14,6,F,80,81,0
14,6,F,125,5,0
14,5,M,40,3,0
14,5,M,80,118,0
14,5,M,125,4,0
14,5,F,40,0,0
14,5,F,80,4,0
14,5,F,125,0,0
14,4,M,40,0,0
14,4,M,80,16,0
14,4,M,125,0,0
14,4,F,40,9,0
14,4,F,80,67,0
14,4,F,125,6,0
14,3,M,40,61,0
14,3,M,80,2,0
14,3,M,125,0,0
14,3,F,40,18,0
14,3,F,80,0,0
14,3,F,125,0,0
14,2,M,40,6,0
14,2,M,80,0,0
14,2,M,125,0,0
14,2,F,40,116,0
14,2,F,80,4,0
14,2,F,125,1,0
14,1,M,40,65,0
14,1,M,80,6,0
14,1,M,125,0,0
14,1,F,40,14,0
14,1,F,80,0,0
14,1,F,125,0,0
15,9,M,40,0,0
15,9,M,80,3,0
15,9,M,125,74,0
15,9,F,40,0,0
15,9,F,80,0,0
15,9,F,125,7,0
15,8,M,40,0,0
15,8,M,80,0,0
15,8,M,125,3,0
15,8,F,40,1,0
15,8,F,80,2,0
15,8,F,125,107,0
15,7,M,40,1,0
15,7,M,80,6,0
15,7,M,125,75,0
15,7,F,40,0,0
15,7,F,80,0,0
15,7,F,125,11,0
15,6,M,40,0,0
15,6,M,80,10,0
15,6,M,125,0,0
15,6,F,40,2,0
15,6,F,80,81,0
15,6,F,125,2,0
15,5,M,40,3,0
15,5,M,80,121,0
15,5,M,125,3,0
15,5,F,40,0,0
15,5,F,80,3,0
15,5,F,125,0,0
15,4,M,40,0,0
15,4,M,80,12,0
15,4,M,125,0,0
15,4,F,40,10,0
15,4,F,80,69,0
15,4,F,125,6,0
15,3,M,40,61,0
15,3,M,80,2,0
15,3,M,125,0,0
15,3,F,40,16,0
15,3,F,80,0,0
15,3,F,125,0,0
15,2,M,40,5,0
15,2,M,80,0,0
15,2,M,125,0,0
15,2,F,40,122,0
15,2,F,80,2,0
15,2,F,125,1,0
15,1,M,40,67,0
15,1,M,80,4,0
15,1,M,125,0,0
15,1,F,40,8,0
15,1,F,80,0,0
15,1,F,125,0,0
16,9,M,40,0,0
16,9,M,80,5,0
16,9,M,125,74,0
16,9,F,40,0,0
16,9,F,80,0,0
16,9,F,125,9,0
16,8,M,40,0,0
16,8,M,80,0,0
16,8,M,125,3,0
16,8,F,40,1,0
16,8,F,80,0,0
16,8,F,125,108,0
16,7,M,40,0,0
16,7,M,80,5,0
16,7,M,125,75,0
16,7,F,40,0,0
16,7,F,80,0,0
16,7,F,125,9,0
16,6,M,40,0,0
16,6,M,80,7,0
16,6,M,125,0,0
16,6,F,40,3,0
16,6,F,80,83,0
16,6,F,125,1,0
16,5,M,40,2,0
16,5,M,80,122,0
16,5,M,125,3,0
16,5,F,40,0,0
16,5,F,80,3,0
16,5,F,125,0,0
16,4,M,40,0,0
16,4,M,80,11,0
16,4,M,125,0,0
16,4,F,40,9,0
16,4,F,80,70,0
16,4,F,125,6,0
16,3,M,40,62,0
16,3,M,80,3,0
16,3,M,125,0,0
16,3,F,40,13,0
16,3,F,80,0,0
16,3,F,125,0,0
16,2,M,40,5,0
16,2,M,80,0,0
16,2,M,125,0,0
16,2,F,40,125,0
16,2,F,80,1,0
16,2,F,125,1,0
16,1,M,40,68,0
16,1,M,80,5,0
16,1,M,125,0,0
16,1,F,40,8,0
16,1,F,80,0,0
16,1,F,125,0,0
17,9,M,40,0,0
17,9,M,80,5,0
17,9,M,125,74,0
17,9,F,40,0,0
17,9,F,80,0,0
17,9,F,125,9,0
17,8,M,40,0,0
17,8,M,80,0,0
17,8,M,125,3,0
17,8,F,40,1,0
17,8,F,80,0,0
17,8,F,125,112,0
17,7,M,40,0,0
17,7,M,80,5,0
17,7,M,125,75,0
17,7,F,40,0,0
17,7,F,80,0,0
17,7,F,125,9,0
17,6,M,40,0,0
17,6,M,80,7,0
17,6,M,125,0,0
17,6,F,40,2,0
17,6,F,80,84,0
17,6,F,125,1,0
17,5,M,40,4,0
17,5,M,80,127,0
17,5,M,125,3,0
17,5,F,40,0,0
17,5,F,80,2,0
17,5,F,125,0,0
17,4,M,40,0,0
17,4,M,80,9,0
17,4,M,125,0,0
17,4,F,40,6,0
17,4,F,80,70,0
17,4,F,125,3,0
17,3,M,40,62,0
17,3,M,80,1,0
17,3,M,125,0,0
17,3,F,40,14,0
17,3,F,80,0,0
17,3,F,125,0,0
17,2,M,40,3,0
17,2,M,80,0,0
17,2,M,125,0,0
17,2,F,40,129,0
17,2,F,80,1,0
17,2,F,125,0,0
17,1,M,40,68,0
17,1,M,80,4,0
17,1,M,125,0,0
17,1,F,40,7,0
17,1,F,80,0,0
17,1,F,125,0,0
18,9,M,40,0,0
18,9,M,80,5,0
18,9,M,125,74,0
18,9,F,40,0,0
18,9,F,80,0,0
18,9,F,125,8,0
18,8,M,40,0,0
18,8,M,80,0,0
18,8,M,125,3,0
18,8,F,40,0,0
18,8,F,80,0,0
18,8,F,125,114,0
18,7,M,40,0,0
18,7,M,80,3,0
18,7,M,125,76,0
18,7,F,40,0,0
18,7,F,80,0,0
18,7,F,125,7,0
18,6,M,40,0,0
18,6,M,80,6,0
18,6,M,125,0,0
18,6,F,40,2,0
18,6,F,80,85,0
18,6,F,125,1,0
18,5,M,40,4,0
18,5,M,80,131,0
18,5,M,125,2,0
18,5,F,40,0,0
18,5,F,80,0,0
18,5,F,125,0,0
18,4,M,40,0,0
18,4,M,80,8,0
18,4,M,125,0,0
18,4,F,40,5,0
18,4,F,80,70,0
18,4,F,125,4,0
18,3,M,40,61,0
18,3,M,80,3,0
18,3,M,125,0,0
18,3,F,40,14,0
18,3,F,80,0,0
18,3,F,125,0,0
18,2,M,40,3,0
18,2,M,80,0,0
18,2,M,125,0,0
18,2,F,40,133,0
18,2,F,80,2,0
18,2,F,125,0,0
18,1,M,40,68,0
18,1,M,80,3,0
18,1,M,125,0,0
18,1,F,40,5,0
18,1,F,80,0,0
18,1,F,125,0,0
19,9,M,40,0,0
19,9,M,80,4,0
19,9,M,125,76,0
19,9,F,40,0,0
19,9,F,80,0,0
19,9,F,125,8,0
19,8,M,40,0,0
19,8,M,80,0,0
19,8,M,125,2,0
19,8,F,40,0,0
19,8,F,80,0,0
19,8,F,125,114,0
19,7,M,40,0,0
19,7,M,80,3,0
19,7,M,125,76,0
19,7,F,40,0,0
19,7,F,80,0,0
19,7,F,125,6,0
19,6,M,40,0,0
19,6,M,80,5,0
19,6,M,125,0,0
19,6,F,40,2,0
19,6,F,80,85,0
19,6,F,125,1,0
19,5,M,40,3,0
19,5,M,80,132,0
19,5,M,125,1,0
19,5,F,40,0,0
19,5,F,80,0,0
19,5,F,125,0,0
19,4,M,40,0,0
19,4,M,80,9,0
19,4,M,125,0,0
19,4,F,40,3,0
19,4,F,80,71,0
19,4,F,125,5,0
19,3,M,40,62,0
19,3,M,80,3,0
19,3,M,125,0,0
19,3,F,40,14,0
19,3,F,80,0,0
19,3,F,125,0,0
19,2,M,40,2,0
19,2,M,80,0,0
19,2,M,125,0,0
19,2,F,40,134,0
19,2,F,80,1,0
19,2,F,125,0,0
19,1,M,40,69,0
19,1,M,80,3,0
19,1,M,125,0,0
19,1,F,40,6,0
19,1,F,80,0,0
19,1,F,125,0,0
20,9,M,40,0,0
20,9,M,80,3,0
20,9,M,125,76,0
20,9,F,40,0,0
20,9,F,80,0,0
20,9,F,125,8,0
20,8,M,40,0,0
20,8,M,80,0,0
20,8,M,125,2,0
20,8,F,40,0,0
20,8,F,80,0,0
20,8,F,125,116,0
20,7,M,40,0,0
20,7,M,80,3,0
20,7,M,125,76,0
20,7,F,40,0,0
20,7,F,80,0,0
20,7,F,125,6,0
20,6,M,40,0,0
20,6,M,80,5,0
20,6,M,125,0,0
20,6,F,40,5,0
20,6,F,80,85,0
20,6,F,125,1,0
20,5,M,40,3,3
20,5,M,80,135,114
20,5,M,125,1,0
20,5,F,40,0,0
20,5,F,80,0,0
20,5,F,125,0,0
20,4,M,40,0,0
20,4,M,80,10,0
20,4,M,125,0,0
20,4,F,40,2,0
20,4,F,80,71,0
20,4,F,125,3,0
20,3,M,40,63,0
20,3,M,80,1,0
20,3,M,125,0,0
20,3,F,40,11,0
20,3,F,80,0,0
20,3,F,125,0,0
20,2,M,40,0,0
20,2,M,80,0,0
20,2,M,125,0,0
20,2,F,40,134,0
20,2,F,80,1,0
20,2,F,125,0,0
20,1,M,40,70,0
20,1,M,80,2,0
20,1,M,125,0,0
20,1,F,40,7,0
20,1,F,80,0,0
20,1,F,125,0,0
21,9,M,40,0,0
21,9,M,80,3,0
21,9,M,125,77,0
21,9,F,40,0,0
21,9,F,80,0,0
21,9,F,125,9,0
21,8,M,40,0,0
21,8,M,80,0,0
21,8,M,125,0,0
21,8,F,40,0,0
21,8,F,80,0,0
21,8,F,125,117,0
21,7,M,40,0,0
21,7,M,80,2,0
21,7,M,125,77,0
21,7,F,40,0,0
21,7,F,80,0,0
21,7,F,125,5,0
21,6,M,40,0,0
21,6,M,80,2,0
21,6,M,125,0,0
21,6,F,40,6,0
21,6,F,80,85,0
21,6,F,125,0,0
21,5,M,40,1,1
21,5,M,80,140,98
21,5,M,125,1,1
21,5,F,40,0,0
21,5,F,80,1,0
21,5,F,125,0,0
21,4,M,40,0,0
21,4,M,80,9,0
21,4,M,125,0,0
21,4,F,40,2,0
21,4,F,80,71,0
21,4,F,125,3,0
21,3,M,40,63,0
21,3,M,80,2,0
21,3,M,125,0,0
21,3,F,40,7,0
21,3,F,80,0,0
21,3,F,125,0,0
21,2,M,40,1,1
21,2,M,80,0,0
21,2,M,125,0,0
21,2,F,40,138,0
21,2,F,80,0,0
21,2,F,125,0,0
21,1,M,40,71,1
21,1,M,80,1,0
21,1,M,125,0,0
21,1,F,40,6,0
21,1,F,80,0,0
21,1,F,125,0,0
22,9,M,40,0,0
22,9,M,80,0,0
22,9,M,125,77,0
22,9,F,40,0,0
22,9,F,80,0,0
22,9,F,125,8,0
22,8,M,40,0,0
22,8,M,80,0,0
22,8,M,125,0,0
22,8,F,40,0,0
22,8,F,80,1,0
22,8,F,125,119,0
22,7,M,40,0,0
22,7,M,80,2,0
22,7,M,125,77,0
22,7,F,40,0,0
22,7,F,80,0,0
22,7,F,125,3,0
22,6,M,40,0,0
22,6,M,80,4,0
22,6,M,125,0,0
22,6,F,40,5,0
22,6,F,80,85,0
22,6,F,125,0,0
22,5,M,40,1,1
22,5,M,80,146,93
22,5,M,125,1,1
22,5,F,40,0,0
22,5,F,80,0,0
22,5,F,125,0,0
22,4,M,40,0,0
22,4,M,80,5,0
22,4,M,125,0,0
22,4,F,40,2,0
22,4,F,80,71,0
22,4,F,125,4,0
22,3,M,40,63,0
22,3,M,80,1,0
22,3,M,125,0,0
22,3,F,40,6,0
22,3,F,80,0,0
22,3,F,125,0,0
22,2,M,40,1,1
22,2,M,80,0,0
22,2,M,125,0,0
22,2,F,40,140,0
22,2,F,80,0,0
22,2,F,125,0,0
22,1,M,40,71,1
22,1,M,80,1,0
22,1,M,125,0,0
22,1,F,40,6,0
22,1,F,80,0,0
22,1,F,125,0,0
23,9,M,40,0,0
23,9,M,80,1,0
23,9,M,125,77,0
23,9,F,40,0,0
23,9,F,80,0,0
23,9,F,125,7,0
23,8,M,40,0,0
23,8,M,80,0,0
23,8,M,125,0,0
23,8,F,40,0,0
23,8,F,80,0,0
23,8,F,125,120,0
23,7,M,40,0,0
23,7,M,80,2,0
23,7,M,125,77,0
23,7,F,40,0,0
23,7,F,80,0,0
23,7,F,125,4,0
23,6,M,40,0,0
23,6,M,80,4,0
23,6,M,125,0,0
23,6,F,40,3,0
23,6,F,80,85,0
23,6,F,125,0,0
23,5,M,40,1,1
23,5,M,80,147,85
23,5,M,125,1,1
23,5,F,40,0,0
23,5,F,80,0,0
23,5,F,125,0,0
23,4,M,40,0,0
23,4,M,80,4,0
23,4,M,125,0,0
23,4,F,40,1,0
23,4,F,80,72,0
23,4,F,125,3,0
23,3,M,40,63,0
23,3,M,80,0,0
23,3,M,125,0,0
23,3,F,40,6,0
23,3,F,80,0,0
23,3,F,125,0,0
23,2,M,40,1,1
23,2,M,80,0,0
23,2,M,125,0,0
23,2,F,40,142,0
23,2,F,80,0,0
23,2,F,125,0,0
23,1,M,40,71,1
23,1,M,80,1,0
23,1,M,125,0,0
23,1,F,40,7,0
23,1,F,80,0,0
23,1,F,125,0,0
24,9,M,40,0,0
24,9,M,80,1,0
24,9,M,125,77,0
24,9,F,40,0,0
24,9,F,80,0,0
24,9,F,125,6,0
24,8,M,40,0,0
24,8,M,80,0,0
24,8,M,125,0,0
24,8,F,40,0,0
24,8,F,80,0,0
24,8,F,125,122,0
24,7,M,40,0,0
24,7,M,80,2,0
24,7,M,125,77,0
24,7,F,40,0,0
24,7,F,80,0,0
24,7,F,125,3,0
24,6,M,40,0,0
24,6,M,80,4,0
24,6,M,125,0,0
24,6,F,40,1,0
24,6,F,80,85,0
24,6,F,125,0,0
24,5,M,40,1,1
24,5,M,80,148,72
24,5,M,125,1,1
24,5,F,40,0,0
24,5,F,80,0,0
24,5,F,125,0,0
24,4,M,40,0,0
24,4,M,80,3,0
24,4,M,125,0,0
24,4,F,40,0,0
24,4,F,80,72,0
24,4,F,125,3,0
24,3,M,40,63,0
24,3,M,80,0,0
24,3,M,125,0,0
24,3,F,40,5,0
24,3,F,80,0,0
24,3,F,125,0,0
24,2,M,40,1,1
24,2,M,80,0,0
24,2,M,125,0,0
24,2,F,40,145,0
24,2,F,80,0,0
24,2,F,125,0,0
24,1,M,40,71,1
24,1,M,80,1,0
24,1,M,125,0,0
24,1,F,40,8,0
24,1,F,80,0,0
24,1,F,125,0,0
25,9,M,40,0,0
25,9,M,80,1,0
25,9,M,125,77,0
25,9,F,40,0,0
25,9,F,80,0,0
25,9,F,125,3,0
25,8,M,40,0,0
25,8,M,80,0,0
25,8,M,125,0,0
25,8,F,40,0,0
25,8,F,80,0,0
25,8,F,125,124,0
25,7,M,40,0,0
25,7,M,80,3,0
25,7,M,125,77,0
25,7,F,40,0,0
25,7,F,80,0,0
25,7,F,125,2,0
25,6,M,40,0,0
25,6,M,80,3,0
25,6,M,125,0,0
25,6,F,40,1,0
25,6,F,80,85,0
25,6,F,125,2,0
25,5,M,40,1,1
25,5,M,80,150,62
25,5,M,125,1,1
25,5,F,40,0,0
25,5,F,80,0,0
25,5,F,125,0,0
25,4,M,40,0,0
25,4,M,80,1,0
25,4,M,125,0,0
25,4,F,40,1,0
25,4,F,80,72,0
25,4,F,125,3,0
25,3,M,40,63,0
25,3,M,80,0,0
25,3,M,125,0,0
25,3,F,40,5,0
25,3,F,80,0,0
25,3,F,125,0,0
25,2,M,40,1,1
25,2,M,80,0,0
25,2,M,125,0,0
25,2,F,40,146,0
25,2,F,80,0,0
25,2,F,125,0,0
25,1,M,40,71,1
25,1,M,80,1,0
25,1,M,125,0,0
25,1,F,40,6,0
25,1,F,80,0,0
25,1,F,125,0,0
26,9,M,40,0,0
26,9,M,80,0,0
26,9,M,125,77,0
26,9,F,40,0,0
26,9,F,80,0,0
26,9,F,125,3,0
26,8,M,40,0,0
26,8,M,80,0,0
26,8,M,125,1,1
26,8,F,40,0,0
26,8,F,80,0,0
26,8,F,125,125,0
26,7,M,40,0,0
26,7,M,80,2,0
26,7,M,125,77,0
26,7,F,40,0,0
26,7,F,80,0,0
26,7,F,125,2,0
26,6,M,40,0,0
26,6,M,80,2,0
26,6,M,125,0,0
26,6,F,40,0,0
26,6,F,80,85,0
26,6,F,125,1,0
26,5,M,40,1,0
26,5,M,80,152,57
26,5,M,125,0,0
26,5,F,40,0,0
26,5,F,80,0,0
26,5,F,125,0,0
26,4,M,40,0,0
26,4,M,80,1,0
26,4,M,125,0,0
26,4,F,40,0,0
26,4,F,80,72,0
26,4,F,125,3,0
26,3,M,40,63,0
26,3,M,80,1,0
26,3,M,125,0,0
26,3,F,40,5,0
26,3,F,80,0,0
26,3,F,125,0,0
26,2,M,40,1,1
26,2,M,80,0,0
26,2,M,125,0,0
26,2,F,40,147,1
26,2,F,80,0,0
26,2,F,125,0,0
26,1,M,40,71,1
26,1,M,80,1,0
26,1,M,125,0,0
26,1,F,40,7,0
26,1,F,80,0,0
26,1,F,125,0,0
27,9,M,40,0,0
27,9,M,80,0,0
27,9,M,125,77,0
27,9,F,40,0,0
27,9,F,80,0,0
27,9,F,125,3,0
27,8,M,40,0,0
27,8,M,80,0,0
27,8,M,125,1,1
27,8,F,40,0,0
27,8,F,80,0,0
27,8,F,125,125,0
27,7,M,40,0,0
27,7,M,80,1,0
27,7,M,125,77,0
27,7,F,40,0,0
27,7,F,80,0,0
27,7,F,125,2,0
27,6,M,40,0,0
27,6,M,80,4,0
27,6,M,125,0,0
27,6,F,40,0,0
27,6,F,80,84,0
27,6,F,125,2,0
27,5,M,40,1,0
27,5,M,80,153,52
27,5,M,125,0,0
27,5,F,40,0,0
27,5,F,80,0,0
27,5,F,125,0,0
27,4,M,40,0,0
27,4,M,80,1,0
27,4,M,125,0,0
27,4,F,40,0,0
27,4,F,80,72,0
27,4,F,125,3,0
27,3,M,40,63,0
27,3,M,80,0,0
27,3,M,125,0,0
27,3,F,40,5,0
27,3,F,80,0,0
27,3,F,125,0,0
27,2,M,40,1,0
27,2,M,80,0,0
27,2,M,125,0,0
27,2,F,40,148,1
27,2,F,80,0,0
27,2,F,125,0,0
27,1,M,40,71,1
27,1,M,80,0,0
27,1,M,125,0,0
27,1,F,40,6,0
27,1,F,80,0,0
27,1,F,125,0,0
28,9,M,40,0,0
28,9,M,80,0,0
28,9,M,125,78,1
28,9,F,40,0,0
28,9,F,80,0,0
28,9,F,125,5,0
28,8,M,40,0,0
28,8,M,80,0,0
28,8,M,125,0,0
28,8,F,40,0,0
28,8,F,80,0,0
28,8,F,125,126,0
28,7,M,40,0,0
28,7,M,80,1,0
28,7,M,125,77,0
28,7,F,40,0,0
28,7,F,80,0,0
28,7,F,125,1,0
28,6,M,40,0,0
28,6,M,80,4,0
28,6,M,125,0,0
28,6,F,40,0,0
28,6,F,80,84,0
28,6,F,125,1,0
28,5,M,40,1,0
28,5,M,80,153,48
28,5,M,125,0,0
28,5,F,40,0,0
28,5,F,80,0,0
28,5,F,125,0,0
28,4,M,40,0,0
28,4,M,80,0,0
28,4,M,125,0,0
28,4,F,40,0,0
28,4,F,80,72,0
28,4,F,125,2,0
28,3,M,40,63,0
28,3,M,80,0,0
28,3,M,125,0,0
28,3,F,40,4,0
28,3,F,80,0,0
28,3,F,125,0,0
28,2,M,40,1,0
28,2,M,80,0,0
28,2,M,125,0,0
28,2,F,40,150,1
28,2,F,80,0,0
28,2,F,125,0,0
28,1,M,40,71,1
28,1,M,80,1,0
28,1,M,125,0,0
28,1,F,40,5,0
28,1,F,80,0,0
28,1,F,125,0,0
29,9,M,40,0,0
29,9,M,80,0,0
29,9,M,125,78,1
29,9,F,40,0,0
29,9,F,80,0,0
29,9,F,125,5,0
29,8,M,40,0,0
29,8,M,80,0,0
29,8,M,125,0,0
29,8,F,40,0,0
29,8,F,80,0,0
29,8,F,125,126,0
29,7,M,40,0,0
29,7,M,80,1,0
29,7,M,125,77,0
29,7,F,40,0,0
29,7,F,80,0,0
29,7,F,125,1,0
29,6,M,40,0,0
29,6,M,80,3,0
29,6,M,125,0,0
29,6,F,40,0,0
29,6,F,80,84,0
29,6,F,125,1,0
29,5,M,40,1,0
29,5,M,80,154,39
29,5,M,125,0,0
29,5,F,40,0,0
29,5,F,80,0,0
29,5,F,125,0,0
29,4,M,40,0,0
29,4,M,80,1,0
29,4,M,125,0,0
29,4,F,40,0,0
29,4,F,80,72,0
29,4,F,125,2,0
29,3,M,40,63,0
29,3,M,80,0,0
29,3,M,125,0,0
29,3,F,40,3,0
29,3,F,80,0,0
29,3,F,125,0,0
29,2,M,40,1,0
29,2,M,80,0,0
29,2,M,125,0,0
29,2,F,40,151,1
29,2,F,80,0,0
29,2,F,125,0,0
29,1,M,40,71,1
29,1,M,80,0,0
29,1,M,125,0,0
29,1,F,40,5,0
29,1,F,80,0,0
29,1,F,125,0,0
30,9,M,40,0,0
30,9,M,80,0,0
30,9,M,125,78,1
30,9,F,40,0,0
30,9,F,80,0,0
30,9,F,125,3,0
30,8,M,40,0,0
30,8,M,80,0,0
30,8,M,125,0,0
30,8,F,40,0,0
30,8,F,80,0,0
30,8,F,125,127,0
30,7,M,40,0,0
30,7,M,80,1,0
30,7,M,125,77,0
30,7,F,40,0,0
30,7,F,80,0,0
30,7,F,125,0,0
30,6,M,40,0,0
30,6,M,80,1,0
30,6,M,125,0,0
30,6,F,40,1,0
30,6,F,80,84,0
30,6,F,125,2,0
30,5,M,40,1,0
30,5,M,80,155,38
30,5,M,125,0,0
30,5,F,40,0,0
30,5,F,80,0,0
30,5,F,125,0,0
30,4,M,40,0,0
30,4,M,80,0,0
30,4,M,125,0,0
30,4,F,40,2,0
30,4,F,80,72,0
30,4,F,125,3,0
30,3,M,40,63,0
30,3,M,80,2,0
30,3,M,125,0,0
30,3,F,40,2,0
30,3,F,80,0,0
30,3,F,125,0,0
30,2,M,40,1,0
30,2,M,80,0,0
30,2,M,125,0,0
30,2,F,40,151,1
30,2,F,80,0,0
30,2,F,125,0,0
30,1,M,40,71,1
30,1,M,80,0,0
30,1,M,125,0,0
30,1,F,40,3,0
30,1,F,80,0,0
30,1,F,125,0,0
31,9,M,40,0,0
31,9,M,80,0,0
31,9,M,125,78,2
31,9,F,40,0,0
31,9,F,80,0,0
31,9,F,125,4,0
31,8,M,40,0,0
31,8,M,80,0,0
31,8,M,125,0,0
31,8,F,40,0,0
31,8,F,80,0,0
31,8,F,125,127,0
31,7,M,40,0,0
31,7,M,80,1,0
31,7,M,125,77,0
31,7,F,40,0,0
31,7,F,80,0,0
31,7,F,125,0,0
31,6,M,40,0,0
31,6,M,80,1,0
31,6,M,125,0,0
31,6,F,40,1,0
31,6,F,80,84,0
31,6,F,125,2,0
31,5,M,40,1,0
31,5,M,80,156,34
31,5,M,125,0,0
31,5,F,40,0,0
31,5,F,80,0,0
31,5,F,125,0,0
31,4,M,40,0,0
31,4,M,80,0,0
31,4,M,125,0,0
31,4,F,40,1,0
31,4,F,80,72,0
31,4,F,125,2,0
31,3,M,40,64,0
31,3,M,80,1,0
31,3,M,125,0,0
31,3,F,40,3,0
31,3,F,80,0,0
31,3,F,125,0,0
31,2,M,40,0,0
31,2,M,80,0,0
31,2,M,125,0,0
31,2,F,40,152,2
31,2,F,80,0,0
31,2,F,125,0,0
31,1,M,40,71,2
31,1,M,80,0,0
31,1,M,125,0,0
31,1,F,40,2,0
31,1,F,80,0,0
31,1,F,125,0,0
32,9,M,40,0,0
32,9,M,80,0,0
32,9,M,125,78,2
32,9,F,40,0,0
32,9,F,80,0,0
32,9,F,125,3,0
32,8,M,40,0,0
32,8,M,80,0,0
32,8,M,125,0,0
32,8,F,40,0,0
32,8,F,80,0,0
32,8,F,125,129,0
32,7,M,40,0,0
32,7,M,80,0,0
32,7,M,125,77,0
32,7,F,40,0,0
32,7,F,80,0,0
32,7,F,125,1,0
32,6,M,40,0,0
32,6,M,80,0,0
32,6,M,125,0,0
32,6,F,40,0,0
32,6,F,80,84,0
32,6,F,125,2,0
32,5,M,40,1,0
32,5,M,80,156,34
32,5,M,125,0,0
32,5,F,40,0,0
32,5,F,80,0,0
32,5,F,125,0,0
32,4,M,40,0,0
32,4,M,80,1,0
32,4,M,125,0,0
32,4,F,40,1,0
32,4,F,80,72,0
32,4,F,125,0,0
32,3,M,40,64,0
32,3,M,80,2,0
32,3,M,125,0,0
32,3,F,40,2,0
32,3,F,80,0,0
32,3,F,125,0,0
32,2,M,40,0,0
32,2,M,80,0,0
32,2,M,125,0,0
32,2,F,40,153,3
32,2,F,80,0,0
32,2,F,125,0,0
32,1,M,40,71,3
32,1,M,80,0,0
32,1,M,125,0,0
32,1,F,40,3,0
32,1,F,80,0,0
32,1,F,125,0,0
33,9,M,40,0,0
33,9,M,80,0,0
33,9,M,125,78,2
33,9,F,40,0,0
33,9,F,80,0,0
33,9,F,125,3,0
33,8,M,40,0,0
33,8,M,80,0,0
33,8,M,125,0,0
33,8,F,40,0,0
33,8,F,80,0,0
33,8,F,125,131,0
33,7,M,40,0,0
33,7,M,80,0,0
33,7,M,125,77,0
33,7,F,40,0,0
33,7,F,80,0,0
33,7,F,125,0,0
33,6,M,40,0,0
33,6,M,80,0,0
33,6,M,125,0,0
33,6,F,40,0,0
33,6,F,80,84,0
33,6,F,125,0,0
33,5,M,40,1,0
33,5,M,80,156,29
33,5,M,125,0,0
33,5,F,40,0,0
33,5,F,80,0,0
33,5,F,125,0,0
33,4,M,40,0,0
33,4,M,80,2,0
33,4,M,125,0,0
33,4,F,40,2,0
33,4,F,80,72,0
33,4,F,125,1,0
33,3,M,40,64,0
33,3,M,80,1,0
33,3,M,125,0,0
33,3,F,40,2,0
33,3,F,80,0,0
33,3,F,125,0,0
33,2,M,40,0,0
33,2,M,80,0,0
33,2,M,125,0,0
33,2,F,40,153,3
33,2,F,80,0,0
33,2,F,125,0,0
33,1,M,40,71,5
33,1,M,80,0,0
33,1,M,125,0,0
33,1,F,40,2,0
33,1,F,80,0,0
33,1,F,125,0,0
34,9,M,40,0,0
34,9,M,80,0,0
34,9,M,125,78,3
34,9,F,40,0,0
34,9,F,80,0,0
34,9,F,125,3,0
34,8,M,40,0,0
34,8,M,80,0,0
34,8,M,125,0,0
34,8,F,40,0,0
34,8,F,80,0,0
34,8,F,125,131,0
34,7,M,40,0,0
34,7,M,80,0,0
34,7,M,125,77,0
34,7,F,40,0,0
34,7,F,80,0,0
34,7,F,125,0,0
34,6,M,40,0,0
34,6,M,80,0,0
34,6,M,125,0,0
34,6,F,40,0,0
34,6,F,80,84,0
34,6,F,125,0,0
34,5,M,40,1,0
34,5,M,80,156,27
34,5,M,125,0,0
34,5,F,40,0,0
34,5,F,80,0,0
34,5,F,125,0,0
34,4,M,40,0,0
34,4,M,80,1,0
34,4,M,125,0,0
34,4,F,40,2,0
34,4,F,80,72,0
34,4,F,125,1,0
34,3,M,40,64,0
34,3,M,80,1,0
34,3,M,125,0,0
34,3,F,40,2,0
34,3,F,80,0,0
34,3,F,125,0,0
34,2,M,40,0,0
34,2,M,80,0,0
34,2,M,125,0,0
34,2,F,40,154,3
34,2,F,80,0,0
34,2,F,125,0,0
34,1,M,40,71,6
34,1,M,80,1,0
34,1,M,125,0,0
34,1,F,40,1,0
34,1,F,80,0,0
34,1,F,125,0,0
35,9,M,40,0,0
35,9,M,80,0,0
35,9,M,125,78,2
35,9,F,40,0,0
35,9,F,80,0,0
35,9,F,125,3,0
35,8,M,40,0,0
35,8,M,80,0,0
35,8,M,125,0,0
35,8,F,40,0,0
35,8,F,80,0,0
35,8,F,125,132,0
35,7,M,40,0,0
35,7,M,80,0,0
35,7,M,125,77,0
35,7,F,40,0,0
35,7,F,80,0,0
35,7,F,125,0,0
35,6,M,40,0,0
35,6,M,80,0,0
35,6,M,125,0,0
35,6,F,40,0,0
35,6,F,80,84,0
35,6,F,125,0,0
35,5,M,40,1,0
35,5,M,80,156,27
35,5,M,125,0,0
35,5,F,40,0,0
35,5,F,80,0,0
35,5,F,125,0,0
35,4,M,40,0,0
35,4,M,80,1,0
35,4,M,125,0,0
35,4,F,40,2,0
35,4,F,80,72,0
35,4,F,125,0,0
35,3,M,40,64,0
35,3,M,80,1,0
35,3,M,125,0,0
35,3,F,40,2,0
35,3,F,80,0,0
35,3,F,125,0,0
35,2,M,40,0,0
35,2,M,80,0,0
35,2,M,125,0,0
35,2,F,40,154,2
35,2,F,80,0,0
35,2,F,125,0,0
35,1,M,40,71,6
35,1,M,80,1,0
35,1,M,125,0,0
35,1,F,40,1,0
35,1,F,80,0,0
35,1,F,125,0,0
36,9,M,40,0,0
36,9,M,80,0,0
36,9,M,125,78,2
36,9,F,40,0,0
36,9,F,80,0,0
36,9,F,125,3,0
36,8,M,40,0,0
36,8,M,80,0,0
36,8,M,125,0,0
36,8,F,40,0,0
36,8,F,80,0,0
36,8,F,125,132,0
36,7,M,40,0,0
36,7,M,80,0,0
36,7,M,125,77,0
36,7,F,40,0,0
36,7,F,80,0,0
36,7,F,125,0,0
36,6,M,40,0,0
36,6,M,80,0,0
36,6,M,125,0,0
36,6,F,40,0,0
36,6,F,80,84,0
36,6,F,125,0,0
36,5,M,40,1,0
36,5,M,80,156,27
36,5,M,125,0,0
36,5,F,40,0,0
36,5,F,80,0,0
36,5,F,125,0,0
36,4,M,40,0,0
36,4,M,80,1,0
36,4,M,125,0,0
36,4,F,40,2,0
36,4,F,80,72,0
36,4,F,125,0,0
36,3,M,40,64,0
36,3,M,80,1,0
36,3,M,125,0,0
36,3,F,40,2,0
36,3,F,80,0,0
36,3,F,125,0,0
36,2,M,40,0,0
36,2,M,80,0,0
36,2,M,125,0,0
36,2,F,40,154,3
36,2,F,80,0,0
36,2,F,125,0,0
36,1,M,40,71,6
36,1,M,80,1,0
36,1,M,125,0,0
36,1,F,40,1,0
36,1,F,80,0,0
36,1,F,125,0,0
37,9,M,40,0,0
37,9,M,80,0,0
37,9,M,125,78,2
37,9,F,40,0,0
37,9,F,80,0,0
37,9,F,125,2,0
37,8,M,40,0,0
37,8,M,80,0,0
37,8,M,125,0,0
37,8,F,40,0,0
37,8,F,80,0,0
37,8,F,125,132,0
37,7,M,40,0,0
37,7,M,80,0,0
37,7,M,125,77,0
37,7,F,40,0,0
37,7,F,80,0,0
37,7,F,125,0,0
37,6,M,40,0,0
37,6,M,80,0,0
37,6,M,125,0,0
37,6,F,40,0,0
37,6,F,80,84,0
37,6,F,125,1,0
37,5,M,40,1,0
37,5,M,80,156,26
37,5,M,125,0,0
37,5,F,40,0,0
37,5,F,80,0,0
37,5,F,125,0,0
37,4,M,40,0,0
37,4,M,80,1,0
37,4,M,125,0,0
37,4,F,40,0,0
37,4,F,80,72,0
37,4,F,125,0,0
37,3,M,40,64,0
37,3,M,80,1,0
37,3,M,125,0,0
37,3,F,40,3,0
37,3,F,80,0,0
37,3,F,125,0,0
37,2,M,40,0,0
37,2,M,80,0,0
37,2,M,125,0,0
37,2,F,40,155,3
37,2,F,80,0,0
37,2,F,125,0,0
37,1,M,40,71,7
37,1,M,80,1,0
37,1,M,125,0,0
37,1,F,40,1,0
37,1,F,80,0,0
37,1,F,125,0,0
38,9,M,40,0,0
38,9,M,80,0,0
38,9,M,125,78,2
38,9,F,40,0,0
38,9,F,80,0,0
38,9,F,125,2,0
38,8,M,40,0,0
38,8,M,80,0,0
38,8,M,125,0,0
38,8,F,40,0,0
38,8,F,80,0,0
38,8,F,125,132,0
38,7,M,40,0,0
38,7,M,80,0,0
38,7,M,125,77,0
38,7,F,40,0,0
38,7,F,80,0,0
38,7,F,125,0,0
38,6,M,40,0,0
38,6,M,80,0,0
38,6,M,125,0,0
38,6,F,40,0,0
38,6,F,80,84,0
38,6,F,125,1,0
38,5,M,40,0,0
38,5,M,80,156,20
38,5,M,125,0,0
38,5,F,40,0,0
38,5,F,80,0,0
38,5,F,125,0,0
38,4,M,40,0,0
38,4,M,80,1,0
38,4,M,125,0,0
38,4,F,40,1,0
38,4,F,80,72,0
38,4,F,125,0,0
38,3,M,40,65,0
38,3,M,80,1,0
38,3,M,125,0,0
38,3,F,40,3,0
38,3,F,80,0,0
38,3,F,125,0,0
38,2,M,40,0,0
38,2,M,80,0,0
38,2,M,125,0,0
38,2,F,40,155,3
38,2,F,80,0,0
38,2,F,125,0,0
38,1,M,40,71,8
38,1,M,80,1,0
38,1,M,125,0,0
38,1,F,40,0,0
38,1,F,80,0,0
38,1,F,125,0,0
39,9,M,40,0,0
39,9,M,80,0,0
39,9,M,125,78,2
39,9,F,40,0,0
39,9,F,80,0,0
39,9,F,125,2,0
39,8,M,40,0,0
39,8,M,80,0,0
39,8,M,125,0,0
39,8,F,40,0,0
39,8,F,80,0,0
39,8,F,125,132,0
39,7,M,40,0,0
39,7,M,80,0,0
39,7,M,125,77,0
39,7,F,40,0,0
39,7,F,80,0,0
39,7,F,125,0,0
39,6,M,40,0,0
39,6,M,80,1,0
39,6,M,125,0,0
39,6,F,40,1,0
39,6,F,80,84,0
39,6,F,125,1,0
39,5,M,40,0,0
39,5,M,80,156,15
39,5,M,125,0,0
39,5,F,40,0,0
39,5,F,80,0,0
39,5,F,125,0,0
39,4,M,40,0,0
39,4,M,80,1,0
39,4,M,125,0,0
39,4,F,40,1,0
39,4,F,80,72,0
39,4,F,125,0,0
39,3,M,40,65,0
39,3,M,80,0,0
39,3,M,125,0,0
39,3,F,40,2,0
39,3,F,80,0,0
39,3,F,125,0,0
39,2,M,40,0,0
39,2,M,80,0,0
39,2,M,125,0,0
39,2,F,40,155,2
39,2,F,80,0,0
39,2,F,125,0,0
39,1,M,40,71,8
39,1,M,80,1,0
39,1,M,125,0,0
39,1,F,40,0,0
39,1,F,80,0,0
39,1,F,125,0,0
40,9,M,40,0,0
40,9,M,80,0,0
40,9,M,125,78,3
40,9,F,40,0,0
40,9,F,80,0,0
40,9,F,125,2,0
40,8,M,40,0,0
40,8,M,80,0,0
40,8,M,125,0,0
40,8,F,40,0,0
40,8,F,80,0,0
40,8,F,125,132,0
40,7,M,40,0,0
40,7,M,80,0,0
40,7,M,125,77,0
40,7,F,40,0,0
40,7,F,80,0,0
40,7,F,125,1,0
40,6,M,40,0,0
40,6,M,80,1,0
40,6,M,125,0,0
40,6,F,40,1,0
40,6,F,80,84,0
40,6,F,125,0,0
40,5,M,40,0,0
40,5,M,80,157,15
40,5,M,125,0,0
40,5,F,40,0,0
40,5,F,80,0,0
40,5,F,125,0,0
40,4,M,40,0,0
40,4,M,80,0,0
40,4,M,125,0,0
40,4,F,40,1,0
40,4,F,80,72,0
40,4,F,125,0,0
40,3,M,40,65,0
40,3,M,80,0,0
40,3,M,125,0,0
40,3,F,40,0,0
40,3,F,80,0,0
40,3,F,125,0,0
40,2,M,40,0,0
40,2,M,80,0,0
40,2,M,125,0,0
40,2,F,40,157,2
40,2,F,80,0,0
40,2,F,125,0,0
40,1,M,40,71,10
40,1,M,80,1,0
40,1,M,125,0,0
40,1,F,40,0,0
40,1,F,80,0,0
40,1,F,125,0,0
41,9,M,40,0,0
41,9,M,80,0,0
41,9,M,125,78,4
41,9,F,40,0,0
41,9,F,80,0,0
41,9,F,125,2,0
41,8,M,40,0,0
41,8,M,80,0,0
41,8,M,125,0,0
41,8,F,40,0,0
41,8,F,80,0,0
41,8,F,125,133,0
41,7,M,40,0,0
41,7,M,80,0,0
41,7,M,125,77,0
41,7,F,40,0,0
41,7,F,80,0,0
41,7,F,125,0,0
41,6,M,40,0,0
41,6,M,80,2,0
41,6,M,125,0,0
41,6,F,40,0,0
41,6,F,80,84,0
41,6,F,125,0,0
41,5,M,40,0,0
41,5,M,80,157,15
41,5,M,125,0,0
41,5,F,40,0,0
41,5,F,80,0,0
41,5,F,125,0,0
41,4,M,40,0,0
41,4,M,80,0,0
41,4,M,125,0,0
41,4,F,40,1,0
41,4,F,80,72,0
41,4,F,125,0,0
41,3,M,40,65,0
41,3,M,80,0,0
41,3,M,125,0,0
41,3,F,40,0,0
41,3,F,80,0,0
41,3,F,125,0,0
41,2,M,40,0,0
41,2,M,80,0,0
41,2,M,125,0,0
41,2,F,40,157,3
41,2,F,80,0,0
41,2,F,125,0,0
41,1,M,40,71,10
41,1,M,80,0,0
41,1,M,125,0,0
41,1,F,40,1,0
41,1,F,80,0,0
41,1,F,125,0,0
42,9,M,40,0,0
42,9,M,80,0,0
42,9,M,125,78,5
42,9,F,40,0,0
42,9,F,80,0,0
42,9,F,125,2,0
42,8,M,40,0,0
42,8,M,80,0,0
42,8,M,125,0,0
42,8,F,40,0,0
42,8,F,80,0,0
42,8,F,125,133,0
42,7,M,40,0,0
42,7,M,80,0,0
42,7,M,125,77,0
42,7,F,40,0,0
42,7,F,80,0,0
42,7,F,125,0,0
42,6,M,40,0,0
42,6,M,80,1,0
42,6,M,125,0,0
42,6,F,40,0,0
42,6,F,80,84,0
42,6,F,125,0,0
42,5,M,40,0,0
42,5,M,80,157,12
42,5,M,125,0,0
42,5,F,40,0,0
42,5,F,80,0,0
42,5,F,125,0,0
42,4,M,40,0,0
42,4,M,80,0,0
42,4,M,125,0,0
42,4,F,40,0,0
42,4,F,80,72,0
42,4,F,125,0,0
42,3,M,40,65,0
42,3,M,80,1,0
42,3,M,125,0,0
42,3,F,40,1,0
42,3,F,80,0,0
42,3,F,125,0,0
42,2,M,40,0,0
42,2,M,80,0,0
42,2,M,125,0,0
42,2,F,40,157,3
42,2,F,80,0,0
42,2,F,125,0,0
42,1,M,40,71,13
42,1,M,80,0,0
42,1,M,125,0,0
42,1,F,40,1,0
42,1,F,80,0,0
42,1,F,125,0,0
43,9,M,40,0,0
43,9,M,80,0,0
43,9,M,125,78,5
43,9,F,40,0,0
43,9,F,80,0,0
43,9,F,125,1,0
43,8,M,40,0,0
43,8,M,80,0,0
43,8,M,125,0,0
43,8,F,40,0,0
43,8,F,80,0,0
43,8,F,125,134,0
43,7,M,40,0,0
43,7,M,80,0,0
43,7,M,125,77,0
43,7,F,40,0,0
43,7,F,80,0,0
43,7,F,125,0,0
43,6,M,40,0,0
43,6,M,80,1,0
43,6,M,125,0,0
43,6,F,40,0,0
43,6,F,80,84,0
43,6,F,125,0,0
43,5,M,40,0,0
43,5,M,80,157,9
43,5,M,125,0,0
43,5,F,40,0,0
43,5,F,80,0,0
43,5,F,125,0,0
43,4,M,40,0,0
43,4,M,80,0,0
43,4,M,125,0,0
43,4,F,40,0,0
43,4,F,80,72,0
43,4,F,125,0,0
43,3,M,40,65,0
43,3,M,80,1,0
43,3,M,125,0,0
43,3,F,40,1,0
43,3,F,80,0,0
43,3,F,125,0,0
43,2,M,40,0,0
43,2,M,80,0,0
43,2,M,125,0,0
43,2,F,40,157,4
43,2,F,80,0,0
43,2,F,125,0,0
43,1,M,40,71,14
43,1,M,80,0,0
43,1,M,125,0,0
43,1,F,40,1,0
43,1,F,80,0,0
43,1,F,125,0,0
44,9,M,40,0,0
44,9,M,80,0,0
44,9,M,125,78,5
44,9,F,40,0,0
44,9,F,80,0,0
44,9,F,125,1,0
44,8,M,40,0,0
44,8,M,80,0,0
44,8,M,125,0,0
44,8,F,40,0,0
44,8,F,80,0,0
44,8,F,125,134,0
44,7,M,40,0,0
44,7,M,80,0,0
44,7,M,125,77,0
44,7,F,40,0,0
44,7,F,80,0,0
44,7,F,125,0,0
44,6,M,40,0,0
44,6,M,80,1,0
44,6,M,125,0,0
44,6,F,40,0,0
44,6,F,80,84,0
44,6,F,125,0,0
44,5,M,40,0,0
44,5,M,80,157,9
44,5,M,125,0,0
44,5,F,40,0,0
44,5,F,80,0,0
44,5,F,125,0,0
44,4,M,40,0,0
44,4,M,80,0,0
44,4,M,125,0,0
44,4,F,40,0,0
44,4,F,80,72,0
44,4,F,125,0,0
44,3,M,40,65,0
44,3,M,80,1,0
44,3,M,125,0,0
44,3,F,40,1,0
44,3,F,80,0,0
44,3,F,125,0,0
44,2,M,40,0,0
44,2,M,80,0,0
44,2,M,125,0,0
44,2,F,40,157,4
44,2,F,80,0,0
44,2,F,125,0,0
44,1,M,40,71,11
44,1,M,80,0,0
44,1,M,125,0,0
44,1,F,40,1,0
44,1,F,80,0,0
44,1,F,125,0,0
45,9,M,40,0,0
45,9,M,80,0,0
45,9,M,125,78,4
45,9,F,40,0,0
45,9,F,80,0,0
45,9,F,125,1,0
45,8,M,40,0,0
45,8,M,80,0,0
45,8,M,125,0,0
45,8,F,40,0,0
45,8,F,80,0,0
45,8,F,125,134,0
45,7,M,40,0,0
45,7,M,80,0,0
45,7,M,125,77,0
45,7,F,40,0,0
45,7,F,80,0,0
45,7,F,125,0,0
45,6,M,40,0,0
45,6,M,80,1,0
45,6,M,125,0,0
45,6,F,40,0,0
45,6,F,80,84,0
45,6,F,125,0,0
45,5,M,40,0,0
45,5,M,80,157,7
45,5,M,125,0,0
45,5,F,40,0,0
45,5,F,80,0,0
45,5,F,125,0,0
45,4,M,40,0,0
45,4,M,80,0,0
45,4,M,125,0,0
45,4,F,40,0,0
45,4,F,80,72,0
45,4,F,125,0,0
45,3,M,40,65,0
45,3,M,80,1,0
45,3,M,125,0,0
45,3,F,40,0,0
45,3,F,80,0,0
45,3,F,125,0,0
45,2,M,40,0,0
45,2,M,80,0,0
45,2,M,125,0,0
45,2,F,40,158,2
45,2,F,80,0,0
45,2,F,125,0,0
45,1,M,40,71,9
45,1,M,80,0,0
45,1,M,125,0,0
45,1,F,40,1,0
45,1,F,80,0,0
45,1,F,125,0,0
46,9,M,40,0,0
46,9,M,80,0,0
46,9,M,125,78,4
46,9,F,40,0,0
46,9,F,80,0,0
46,9,F,125,1,0
46,8,M,40,0,0
46,8,M,80,0,0
46,8,M,125,0,0
46,8,F,40,0,0
46,8,F,80,0,0
46,8,F,125,134,0
46,7,M,40,0,0
46,7,M,80,0,0
46,7,M,125,77,0
46,7,F,40,0,0
46,7,F,80,0,0
46,7,F,125,0,0
46,6,M,40,0,0
46,6,M,80,1,0
46,6,M,125,0,0
46,6,F,40,0,0
46,6,F,80,84,0
46,6,F,125,0,0
46,5,M,40,0,0
46,5,M,80,157,8
46,5,M,125,0,0
46,5,F,40,0,0
46,5,F,80,0,0
46,5,F,125,0,0
46,4,M,40,0,0
46,4,M,80,0,0
46,4,M,125,0,0
46,4,F,40,0,0
46,4,F,80,72,0
46,4,F,125,0,0
46,3,M,40,65,0
46,3,M,80,1,0
46,3,M,125,0,0
46,3,F,40,0,0
46,3,F,80,0,0
46,3,F,125,0,0
46,2,M,40,0,0
46,2,M,80,0,0
46,2,M,125,0,0
46,2,F,40,159,2
46,2,F,80,0,0
46,2,F,125,0,0
46,1,M,40,71,7
46,1,M,80,0,0
46,1,M,125,0,0
46,1,F,40,0,0
46,1,F,80,0,0
46,1,F,125,0,0
47,9,M,40,0,0
47,9,M,80,0,0
47,9,M,125,78,4
47,9,F,40,0,0
47,9,F,80,0,0
47,9,F,125,1,0
47,8,M,40,0,0
47,8,M,80,0,0
47,8,M,125,0,0
47,8,F,40,0,0
47,8,F,80,0,0
47,8,F,125,134,0
47,7,M,40,0,0
47,7,M,80,0,0
47,7,M,125,77,0
47,7,F,40,0,0
47,7,F,80,0,0
47,7,F,125,0,0
47,6,M,40,0,0
47,6,M,80,1,0
47,6,M,125,0,0
47,6,F,40,0,0
47,6,F,80,84,0
47,6,F,125,0,0
47,5,M,40,0,0
47,5,M,80,157,6
47,5,M,125,0,0
47,5,F,40,0,0
47,5,F,80,0,0
47,5,F,125,0,0
47,4,M,40,0,0
47,4,M,80,0,0
47,4,M,125,0,0
47,4,F,40,0,0
47,4,F,80,72,0
47,4,F,125,0,0
47,3,M,40,65,0
47,3,M,80,1,0
47,3,M,125,0,0
47,3,F,40,0,0
47,3,F,80,0,0
47,3,F,125,0,0
47,2,M,40,0,0
47,2,M,80,0,0
47,2,M,125,0,0
47,2,F,40,159,2
47,2,F,80,0,0
47,2,F,125,0,0
47,1,M,40,71,8
47,1,M,80,0,0
47,1,M,125,0,0
47,1,F,40,0,0
47,1,F,80,0,0
47,1,F,125,0,0
48,9,M,40,0,0
48,9,M,80,0,0
48,9,M,125,78,3
48,9,F,40,0,0
48,9,F,80,0,0
48,9,F,125,1,0
48,8,M,40,0,0
48,8,M,80,0,0
48,8,M,125,0,0
48,8,F,40,0,0
48,8,F,80,0,0
48,8,F,125,134,0
48,7,M,40,0,0
48,7,M,80,0,0
48,7,M,125,77,0
48,7,F,40,0,0
48,7,F,80,0,0
48,7,F,125,0,0
48,6,M,40,0,0
48,6,M,80,0,0
48,6,M,125,0,0
48,6,F,40,0,0
48,6,F,80,84,0
48,6,F,125,0,0
48,5,M,40,0,0
48,5,M,80,157,5
48,5,M,125,0,0
48,5,F,40,0,0
48,5,F,80,0,0
48,5,F,125,0,0
48,4,M,40,0,0
48,4,M,80,0,0
48,4,M,125,0,0
48,4,F,40,0,0
48,4,F,80,72,0
48,4,F,125,0,0
48,3,M,40,65,0
48,3,M,80,2,0
48,3,M,125,0,0
48,3,F,40,0,0
48,3,F,80,0,0
48,3,F,125,0,0
48,2,M,40,0,0
48,2,M,80,0,0
48,2,M,125,0,0
48,2,F,40,159,4
48,2,F,80,0,0
48,2,F,125,0,0
48,1,M,40,71,7
48,1,M,80,0,0
48,1,M,125,0,0
48,1,F,40,0,0
48,1,F,80,0,0
48,1,F,125,0,0
49,9,M,40,0,0
49,9,M,80,0,0
49,9,M,125,78,6
49,9,F,40,0,0
49,9,F,80,0,0
49,9,F,125,1,0
49,8,M,40,0,0
49,8,M,80,0,0
49,8,M,125,0,0
49,8,F,40,0,0
49,8,F,80,0,0
49,8,F,125,134,0
49,7,M,40,0,0
49,7,M,80,0,0
49,7,M,125,77,0
49,7,F,40,0,0
49,7,F,80,0,0
49,7,F,125,0,0
49,6,M,40,0,0
49,6,M,80,0,0
49,6,M,125,0,0
49,6,F,40,0,0
49,6,F,80,84,0
49,6,F,125,0,0
49,5,M,40,0,0
49,5,M,80,157,5
49,5,M,125,0,0
49,5,F,40,0,0
49,5,F,80,0,0
49,5,F,125,0,0
49,4,M,40,0,0
49,4,M,80,0,0
49,4,M,125,0,0
49,4,F,40,0,0
49,4,F,80,72,0
49,4,F,125,0,0
49,3,M,40,65,0
49,3,M,80,2,0
49,3,M,125,0,0
49,3,F,40,0,0
49,3,F,80,0,0
49,3,F,125,0,0
49,2,M,40,0,0
49,2,M,80,0,0
49,2,M,125,0,0
49,2,F,40,159,4
49,2,F,80,0,0
49,2,F,125,0,0
49,1,M,40,71,9
49,1,M,80,0,0
49,1,M,125,0,0
49,1,F,40,0,0
49,1,F,80,0,0
49,1,F,125,0,0
50,9,M,40,0,0
50,9,M,80,0,0
50,9,M,125,78,7
50,9,F,40,0,0
50,9,F,80,0,0
50,9,F,125,1,0
50,8,M,40,0,0
50,8,M,80,0,0
50,8,M,125,0,0
50,8,F,40,0,0
50,8,F,80,0,0
50,8,F,125,134,0
50,7,M,40,0,0
50,7,M,80,0,0
50,7,M,125,77,0
50,7,F,40,0,0
50,7,F,80,0,0
50,7,F,125,0,0
50,6,M,40,0,0
50,6,M,80,0,0
50,6,M,125,0,0
50,6,F,40,0,0
50,6,F,80,84,0
50,6,F,125,0,0
50,5,M,40,0,0
50,5,M,80,158,4
50,5,M,125,0,0
50,5,F,40,0,0
50,5,F,80,0,0
50,5,F,125,0,0
50,4,M,40,0,0
50,4,M,80,1,0
50,4,M,125,0,0
50,4,F,40,0,0
50,4,F,80,72,0
50,4,F,125,0,0
50,3,M,40,65,0
50,3,M,80,0,0
50,3,M,125,0,0
50,3,F,40,0,0
50,3,F,80,0,0
50,3,F,125,0,0
50,2,M,40,0,0
50,2,M,80,0,0
50,2,M,125,0,0
50,2,F,40,159,4
50,2,F,80,0,0
50,2,F,125,0,0
50,1,M,40,71,11
50,1,M,80,0,0
50,1,M,125,0,0
50,1,F,40,0,0
50,1,F,80,0,0
50,1,F,125,0,0
51,9,M,40,0,0
51,9,M,80,0,0
51,9,M,125,78,6
51,9,F,40,0,0
51,9,F,80,0,0
51,9,F,125,1,0
51,8,M,40,0,0
51,8,M,80,0,0
51,8,M,125,0,0
51,8,F,40,0,0
51,8,F,80,0,0
51,8,F,125,134,0
51,7,M,40,0,0
51,7,M,80,0,0
51,7,M,125,77,0
51,7,F,40,0,0
51,7,F,80,0,0
51,7,F,125,0,0
51,6,M,40,0,0
51,6,M,80,0,0
51,6,M,125,0,0
51,6,F,40,0,0
51,6,F,80,84,0
51,6,F,125,0,0
51,5,M,40,0,0
51,5,M,80,158,4
51,5,M,125,0,0
51,5,F,40,0,0
51,5,F,80,0,0
51,5,F,125,0,0
51,4,M,40,0,0
51,4,M,80,1,0
51,4,M,125,0,0
51,4,F,40,0,0
51,4,F,80,72,0
51,4,F,125,0,0
51,3,M,40,65,0
51,3,M,80,0,0
51,3,M,125,0,0
51,3,F,40,0,0
51,3,F,80,0,0
51,3,F,125,0,0
51,2,M,40,0,0
51,2,M,80,0,0
51,2,M,125,0,0
51,2,F,40,159,4
51,2,F,80,0,0
51,2,F,125,0,0
51,1,M,40,71,10
51,1,M,80,0,0
51,1,M,125,0,0
51,1,F,40,0,0
51,1,F,80,0,0
51,1,F,125,0,0
52,9,M,40,0,0
52,9,M,80,0,0
52,9,M,125,78,6
52,9,F,40,0,0
52,9,F,80,0,0
52,9,F,125,1,0
52,8,M,40,0,0
52,8,M,80,0,0
52,8,M,125,0,0
52,8,F,40,0,0
52,8,F,80,0,0
52,8,F,125,134,0
52,7,M,40,0,0
52,7,M,80,0,0
52,7,M,125,77,0
52,7,F,40,0,0
52,7,F,80,0,0
52,7,F,125,0,0
52,6,M,40,0,0
52,6,M,80,0,0
52,6,M,125,0,0
52,6,F,40,0,0
52,6,F,80,84,0
52,6,F,125,0,0
52,5,M,40,0,0
52,5,M,80,158,5
52,5,M,125,0,0
52,5,F,40,0,0
52,5,F,80,0,0
52,5,F,125,0,0
52,4,M,40,0,0
52,4,M,80,1,0
52,4,M,125,0,0
52,4,F,40,0,0
52,4,F,80,72,0
52,4,F,125,0,0
52,3,M,40,65,0
52,3,M,80,0,0
52,3,M,125,0,0
52,3,F,40,0,0
52,3,F,80,0,0
52,3,F,125,0,0
52,2,M,40,0,0
52,2,M,80,0,0
52,2,M,125,0,0
52,2,F,40,159,4
52,2,F,80,0,0
52,2,F,125,0,0
52,1,M,40,71,9
52,1,M,80,0,0
52,1,M,125,0,0
52,1,F,40,0,0
52,1,F,80,0,0
52,1,F,125,0,0
53,9,M,40,0,0
53,9,M,80,0,0
53,9,M,125,78,7
53,9,F,40,0,0
53,9,F,80,0,0
53,9,F,125,1,0
53,8,M,40,0,0
53,8,M,80,0,0
53,8,M,125,0,0
53,8,F,40,0,0
53,8,F,80,0,0
53,8,F,125,134,0
53,7,M,40,0,0
53,7,M,80,0,0
53,7,M,125,77,0
53,7,F,40,0,0
53,7,F,80,0,0
53,7,F,125,0,0
53,6,M,40,0,0
53,6,M,80,0,0
53,6,M,125,0,0
53,6,F,40,0,0
53,6,F,80,84,0
53,6,F,125,0,0
53,5,M,40,0,0
53,5,M,80,158,5
53,5,M,125,0,0
53,5,F,40,0,0
53,5,F,80,0,0
53,5,F,125,0,0
53,4,M,40,0,0
53,4,M,80,1,0
53,4,M,125,0,0
53,4,F,40,0,0
53,4,F,80,72,0
53,4,F,125,0,0
53,3,M,40,65,0
53,3,M,80,0,0
53,3,M,125,0,0
53,3,F,40,0,0
53,3,F,80,0,0
53,3,F,125,0,0
53,2,M,40,0,0
53,2,M,80,0,0
53,2,M,125,0,0
53,2,F,40,159,5
53,2,F,80,0,0
53,2,F,125,0,0
53,1,M,40,71,8
53,1,M,80,0,0
53,1,M,125,0,0
53,1,F,40,0,0
53,1,F,80,0,0
53,1,F,125,0,0
54,9,M,40,0,0
54,9,M,80,0,0
54,9,M,125,78,10
54,9,F,40,0,0
54,9,F,80,0,0
54,9,F,125,1,0
54,8,M,40,0,0
54,8,M,80,0,0
54,8,M,125,0,0
54,8,F,40,0,0
54,8,F,80,0,0
54,8,F,125,134,0
54,7,M,40,0,0
54,7,M,80,0,0
54,7,M,125,77,0
54,7,F,40,0,0
54,7,F,80,0,0
54,7,F,125,0,0
54,6,M,40,0,0
54,6,M,80,0,0
54,6,M,125,0,0
54,6,F,40,0,0
54,6,F,80,84,0
54,6,F,125,0,0
54,5,M,40,0,0
54,5,M,80,158,5
54,5,M,125,0,0
54,5,F,40,0,0
54,5,F,80,0,0
54,5,F,125,0,0
54,4,M,40,0,0
54,4,M,80,1,0
54,4,M,125,0,0
54,4,F,40,0,0
54,4,F,80,72,0
54,4,F,125,0,0
54,3,M,40,65,0
54,3,M,80,0,0
54,3,M,125,0,0
54,3,F,40,0,0
54,3,F,80,0,0
54,3,F,125,0,0
54,2,M,40,0,0
54,2,M,80,0,0
54,2,M,125,0,0
54,2,F,40,159,6
54,2,F,80,0,0
54,2,F,125,0,0
54,1,M,40,71,8
54,1,M,80,0,0
54,1,M,125,0,0
54,1,F,40,0,0
54,1,F,80,0,0
54,1,F,125,0,0
55,9,M,40,0,0
55,9,M,80,0,0
55,9,M,125,78,10
55,9,F,40,0,0
55,9,F,80,0,0
55,9,F,125,1,0
55,8,M,40,0,0
55,8,M,80,0,0
55,8,M,125,0,0
55,8,F,40,0,0
55,8,F,80,0,0
55,8,F,125,134,0
55,7,M,40,0,0
55,7,M,80,0,0
55,7,M,125,77,0
55,7,F,40,0,0
55,7,F,80,0,0
55,7,F,125,0,0
55,6,M,40,0,0
55,6,M,80,0,0
55,6,M,125,0,0
55,6,F,40,0,0
55,6,F,80,84,0
55,6,F,125,0,0
55,5,M,40,0,0
55,5,M,80,158,5
55,5,M,125,0,0
55,5,F,40,0,0
55,5,F,80,0,0
55,5,F,125,0,0
55,4,M,40,0,0
55,4,M,80,0,0
55,4,M,125,0,0
55,4,F,40,0,0
55,4,F,80,72,0
55,4,F,125,0,0
55,3,M,40,65,0
55,3,M,80,0,0
55,3,M,125,0,0
55,3,F,40,0,0
55,3,F,80,0,0
55,3,F,125,0,0
55,2,M,40,0,0
55,2,M,80,0,0
55,2,M,125,0,0
55,2,F,40,159,7
55,2,F,80,0,0
55,2,F,125,0,0
55,1,M,40,71,7
55,1,M,80,1,0
55,1,M,125,0,0
55,1,F,40,0,0
55,1,F,80,0,0
55,1,F,125,0,0
56,9,M,40,0,0
56,9,M,80,0,0
56,9,M,125,78,11
56,9,F,40,0,0
56,9,F,80,0,0
56,9,F,125,1,0
56,8,M,40,0,0
56,8,M,80,0,0
56,8,M,125,0,0
56,8,F,40,0,0
56,8,F,80,0,0
56,8,F,125,134,0
56,7,M,40,0,0
56,7,M,80,0,0
56,7,M,125,77,0
56,7,F,40,0,0
56,7,F,80,0,0
56,7,F,125,0,0
56,6,M,40,0,0
56,6,M,80,0,0
56,6,M,125,0,0
56,6,F,40,0,0
56,6,F,80,84,0
56,6,F,125,0,0
56,5,M,40,0,0
56,5,M,80,158,5
56,5,M,125,0,0
56,5,F,40,0,0
56,5,F,80,0,0
56,5,F,125,0,0
56,4,M,40,0,0
56,4,M,80,0,0
56,4,M,125,0,0
56,4,F,40,0,0
56,4,F,80,72,0
56,4,F,125,0,0
56,3,M,40,65,0
56,3,M,80,0,0
56,3,M,125,0,0
56,3,F,40,0,0
56,3,F,80,0,0
56,3,F,125,0,0
56,2,M,40,0,0
56,2,M,80,0,0
56,2,M,125,0,0
56,2,F,40,159,8
56,2,F,80,0,0
56,2,F,125,0,0
56,1,M,40,71,8
56,1,M,80,1,0
56,1,M,125,0,0
56,1,F,40,0,0
56,1,F,80,0,0
56,1,F,125,0,0
57,9,M,40,0,0
57,9,M,80,0,0
57,9,M,125,78,13
57,9,F,40,0,0
57,9,F,80,0,0
57,9,F,125,1,0
57,8,M,40,0,0
57,8,M,80,0,0
57,8,M,125,0,0
57,8,F,40,0,0
57,8,F,80,0,0
57,8,F,125,134,0
57,7,M,40,0,0
57,7,M,80,0,0
57,7,M,125,77,0
57,7,F,40,0,0
57,7,F,80,0,0
57,7,F,125,0,0
57,6,M,40,0,0
57,6,M,80,0,0
57,6,M,125,0,0
57,6,F,40,0,0
57,6,F,80,84,0
57,6,F,125,0,0
57,5,M,40,0,0
57,5,M,80,158,4
57,5,M,125,0,0
57,5,F,40,0,0
57,5,F,80,0,0
57,5,F,125,0,0
57,4,M,40,0,0
57,4,M,80,1,0
57,4,M,125,0,0
57,4,F,40,0,0
57,4,F,80,72,0
57,4,F,125,0,0
57,3,M,40,65,0
57,3,M,80,0,0
57,3,M,125,0,0
57,3,F,40,0,0
57,3,F,80,0,0
57,3,F,125,0,0
57,2,M,40,0,0
57,2,M,80,0,0
57,2,M,125,0,0
57,2,F,40,159,8
57,2,F,80,0,0
57,2,F,125,0,0
57,1,M,40,71,10
57,1,M,80,0,0
57,1,M,125,0,0
57,1,F,40,0,0
57,1,F,80,0,0
57,1,F,125,0,0
58,9,M,40,0,0
58,9,M,80,0,0
58,9,M,125,78,13
58,9,F,40,0,0
58,9,F,80,0,0
58,9,F,125,1,0
58,8,M,40,0,0
58,8,M,80,0,0
58,8,M,125,0,0
58,8,F,40,0,0
58,8,F,80,0,0
58,8,F,125,134,0
58,7,M,40,0,0
58,7,M,80,0,0
58,7,M,125,77,0
58,7,F,40,0,0
58,7,F,80,0,0
58,7,F,125,0,0
58,6,M,40,0,0
58,6,M,80,0,0
58,6,M,125,0,0
58,6,F,40,0,0
58,6,F,80,84,0
58,6,F,125,0,0
58,5,M,40,0,0
58,5,M,80,158,3
58,5,M,125,0,0
58,5,F,40,0,0
58,5,F,80,0,0
58,5,F,125,0,0
58,4,M,40,0,0
58,4,M,80,1,0
58,4,M,125,0,0
58,4,F,40,0,0
58,4,F,80,72,0
58,4,F,125,0,0
58,3,M,40,65,0
58,3,M,80,0,0
58,3,M,125,0,0
58,3,F,40,0,0
58,3,F,80,0,0
58,3,F,125,0,0
58,2,M,40,0,0
58,2,M,80,0,0
58,2,M,125,0,0
58,2,F,40,159,7
58,2,F,80,0,0
58,2,F,125,0,0
58,1,M,40,71,9
58,1,M,80,0,0
58,1,M,125,0,0
58,1,F,40,0,0
58,1,F,80,0,0
58,1,F,125,0,0
59,9,M,40,0,0
59,9,M,80,0,0
59,9,M,125,78,13
59,9,F,40,0,0
59,9,F,80,0,0
59,9,F,125,1,0
59,8,M,40,0,0
59,8,M,80,0,0
59,8,M,125,0,0
59,8,F,40,0,0
59,8,F,80,0,0
59,8,F,125,134,0
59,7,M,40,0,0
59,7,M,80,0,0
59,7,M,125,77,0
59,7,F,40,0,0
59,7,F,80,0,0
59,7,F,125,0,0
59,6,M,40,0,0
59,6,M,80,0,0
59,6,M,125,0,0
59,6,F,40,0,0
59,6,F,80,84,0
59,6,F,125,0,0
59,5,M,40,0,0
59,5,M,80,158,3
59,5,M,125,0,0
59,5,F,40,0,0
59,5,F,80,0,0
59,5,F,125,0,0
59,4,M,40,0,0
59,4,M,80,1,0
59,4,M,125,0,0
59,4,F,40,0,0
59,4,F,80,72,0
59,4,F,125,0,0
59,3,M,40,65,0
59,3,M,80,0,0
59,3,M,125,0,0
59,3,F,40,0,0
59,3,F,80,0,0
59,3,F,125,0,0
59,2,M,40,0,0
59,2,M,80,0,0
59,2,M,125,0,0
59,2,F,40,159,7
59,2,F,80,0,0
59,2,F,125,0,0
59,1,M,40,71,10
59,1,M,80,0,0
59,1,M,125,0,0
59,1,F,40,0,0
59,1,F,80,0,0
59,1,F,125,0,0
60,9,M,40,0,0
60,9,M,80,0,0
60,9,M,125,78,14
60,9,F,40,0,0
60,9,F,80,0,0
60,9,F,125,1,0
60,8,M,40,0,0
60,8,M,80,0,0
60,8,M,125,0,0
60,8,F,40,0,0
60,8,F,80,0,0
60,8,F,125,134,0
60,7,M,40,0,0
60,7,M,80,0,0
60,7,M,125,77,0
60,7,F,40,0,0
60,7,F,80,0,0
60,7,F,125,0,0
60,6,M,40,0,0
60,6,M,80,0,0
60,6,M,125,0,0
60,6,F,40,0,0
60,6,F,80,84,0
60,6,F,125,0,0
60,5,M,40,0,0
60,5,M,80,158,2
60,5,M,125,0,0
60,5,F,40,0,0
60,5,F,80,0,0
60,5,F,125,0,0
60,4,M,40,0,0
60,4,M,80,1,0
60,4,M,125,0,0
60,4,F,40,0,0
60,4,F,80,72,0
60,4,F,125,0,0
60,3,M,40,65,0
60,3,M,80,0,0
60,3,M,125,0,0
60,3,F,40,0,0
60,3,F,80,0,0
60,3,F,125,0,0
60,2,M,40,0,0
60,2,M,80,0,0
60,2,M,125,0,0
60,2,F,40,159,6
60,2,F,80,0,0
60,2,F,125,0,0
60,1,M,40,71,10
60,1,M,80,0,0
60,1,M,125,0,0
60,1,F,40,0,0
60,1,F,80,0,0
60,1,F,125,0,0
61,9,M,40,0,0
61,9,M,80,0,0
61,9,M,125,78,12
61,9,F,40,0,0
61,9,F,80,0,0
61,9,F,125,0,0
61,8,M,40,0,0
61,8,M,80,0,0
61,8,M,125,0,0
61,8,F,40,0,0
61,8,F,80,0,0
61,8,F,125,134,0
61,7,M,40,0,0
61,7,M,80,0,0
61,7,M,125,77,0
61,7,F,40,0,0
61,7,F,80,0,0
61,7,F,125,0,0
61,6,M,40,0,0
61,6,M,80,0,0
61,6,M,125,0,0
61,6,F,40,0,0
61,6,F,80,84,0
61,6,F,125,1,0
61,5,M,40,0,0
61,5,M,80,158,1
61,5,M,125,0,0
61,5,F,40,0,0
61,5,F,80,0,0
61,5,F,125,0,0
61,4,M,40,0,0
61,4,M,80,1,0
61,4,M,125,0,0
61,4,F,40,0,0
61,4,F,80,72,0
61,4,F,125,0,0
61,3,M,40,65,0
61,3,M,80,0,0
61,3,M,125,0,0
61,3,F,40,0,0
61,3,F,80,0,0
61,3,F,125,0,0
61,2,M,40,0,0
61,2,M,80,0,0
61,2,M,125,0,0
61,2,F,40,159,8
61,2,F,80,0,0
61,2,F,125,0,0
61,1,M,40,71,9
61,1,M,80,0,0
61,1,M,125,0,0
61,1,F,40,0,0
61,1,F,80,0,0
61,1,F,125,0,0
62,9,M,40,0,0
62,9,M,80,0,0
62,9,M,125,78,11
62,9,F,40,0,0
62,9,F,80,0,0
62,9,F,125,0,0
62,8,M,40,0,0
62,8,M,80,0,0
62,8,M,125,0,0
62,8,F,40,0,0
62,8,F,80,0,0
62,8,F,125,135,0
62,7,M,40,0,0
62,7,M,80,0,0
62,7,M,125,77,0
62,7,F,40,0,0
62,7,F,80,0,0
62,7,F,125,0,0
62,6,M,40,0,0
62,6,M,80,0,0
62,6,M,125,0,0
62,6,F,40,0,0
62,6,F,80,84,0
62,6,F,125,0,0
62,5,M,40,0,0
62,5,M,80,158,1
62,5,M,125,0,0
62,5,F,40,0,0
62,5,F,80,0,0
62,5,F,125,0,0
62,4,M,40,0,0
62,4,M,80,1,0
62,4,M,125,0,0
62,4,F,40,0,0
62,4,F,80,72,0
62,4,F,125,0,0
62,3,M,40,65,0
62,3,M,80,0,0
62,3,M,125,0,0
62,3,F,40,0,0
62,3,F,80,0,0
62,3,F,125,0,0
62,2,M,40,0,0
62,2,M,80,0,0
62,2,M,125,0,0
62,2,F,40,159,12
62,2,F,80,0,0
62,2,F,125,0,0
62,1,M,40,71,8
62,1,M,80,0,0
62,1,M,125,0,0
62,1,F,40,0,0
62,1,F,80,0,0
62,1,F,125,0,0
63,9,M,40,0,0
63,9,M,80,0,0
63,9,M,125,78,13
63,9,F,40,0,0
63,9,F,80,0,0
63,9,F,125,0,0
63,8,M,40,0,0
63,8,M,80,0,0
63,8,M,125,0,0
63,8,F,40,0,0
63,8,F,80,0,0
63,8,F,125,135,0
63,7,M,40,0,0
63,7,M,80,0,0
63,7,M,125,77,0
63,7,F,40,0,0
63,7,F,80,0,0
63,7,F,125,0,0
63,6,M,40,0,0
63,6,M,80,0,0
63,6,M,125,0,0
63,6,F,40,0,0
63,6,F,80,84,0
63,6,F,125,0,0
63,5,M,40,0,0
63,5,M,80,158,1
63,5,M,125,0,0
63,5,F,40,0,0
63,5,F,80,0,0
63,5,F,125,0,0
63,4,M,40,0,0
63,4,M,80,1,0
63,4,M,125,0,0
63,4,F,40,0,0
63,4,F,80,72,0
63,4,F,125,0,0
63,3,M,40,65,0
63,3,M,80,0,0
63,3,M,125,0,0
63,3,F,40,0,0
63,3,F,80,0,0
63,3,F,125,0,0
63,2,M,40,0,0
63,2,M,80,0,0
63,2,M,125,0,0
63,2,F,40,159,11
63,2,F,80,0,0
63,2,F,125,0,0
63,1,M,40,71,6
63,1,M,80,0,0
63,1,M,125,0,0
63,1,F,40,0,0
63,1,F,80,0,0
63,1,F,125,0,0
64,9,M,40,0,0
64,9,M,80,0,0
64,9,M,125,78,12
64,9,F,40,0,0
64,9,F,80,0,0
64,9,F,125,0,0
64,8,M,40,0,0
64,8,M,80,0,0
64,8,M,125,0,0
64,8,F,40,0,0
64,8,F,80,0,0
64,8,F,125,135,0
64,7,M,40,0,0
64,7,M,80,0,0
64,7,M,125,77,0
64,7,F,40,0,0
64,7,F,80,0,0
64,7,F,125,0,0
64,6,M,40,0,0
64,6,M,80,0,0
64,6,M,125,0,0
64,6,F,40,0,0
64,6,F,80,84,0
64,6,F,125,0,0
64,5,M,40,0,0
64,5,M,80,158,1
64,5,M,125,0,0
64,5,F,40,0,0
64,5,F,80,0,0
64,5,F,125,0,0
64,4,M,40,0,0
64,4,M,80,1,0
64,4,M,125,0,0
64,4,F,40,0,0
64,4,F,80,72,0
64,4,F,125,0,0
64,3,M,40,65,0
64,3,M,80,0,0
64,3,M,125,0,0
64,3,F,40,0,0
64,3,F,80,0,0
64,3,F,125,0,0
64,2,M,40,0,0
64,2,M,80,0,0
64,2,M,125,0,0
64,2,F,40,159,10
64,2,F,80,0,0
64,2,F,125,0,0
64,1,M,40,71,7
64,1,M,80,0,0
64,1,M,125,0,0
64,1,F,40,0,0
64,1,F,80,0,0
64,1,F,125,0,0
65,9,M,40,0,0
65,9,M,80,0,0
65,9,M,125,78,12
65,9,F,40,0,0
65,9,F,80,0,0
65,9,F,125,0,0
65,8,M,40,0,0
65,8,M,80,0,0
65,8,M,125,0,0
65,8,F,40,0,0
65,8,F,80,0,0
65,8,F,125,135,0
65,7,M,40,0,0
65,7,M,80,0,0
65,7,M,125,77,0
65,7,F,40,0,0
65,7,F,80,0,0
65,7,F,125,0,0
65,6,M,40,0,0
65,6,M,80,0,0
65,6,M,125,0,0
65,6,F,40,0,0
65,6,F,80,84,0
65,6,F,125,0,0
65,5,M,40,0,0
65,5,M,80,158,1
65,5,M,125,0,0
65,5,F,40,0,0
65,5,F,80,0,0
65,5,F,125,0,0
65,4,M,40,0,0
65,4,M,80,1,0
65,4,M,125,0,0
65,4,F,40,0,0
65,4,F,80,72,0
65,4,F,125,0,0
65,3,M,40,65,0
65,3,M,80,0,0
65,3,M,125,0,0
65,3,F,40,0,0
65,3,F,80,0,0
65,3,F,125,0,0
65,2,M,40,0,0
65,2,M,80,0,0
65,2,M,125,0,0
65,2,F,40,159,9
65,2,F,80,0,0
65,2,F,125,0,0
65,1,M,40,71,7
65,1,M,80,0,0
65,1,M,125,0,0
65,1,F,40,0,0
65,1,F,80,0,0
65,1,F,125,0,0
66,9,M,40,0,0
66,9,M,80,0,0
66,9,M,125,78,13
66,9,F,40,0,0
66,9,F,80,0,0
66,9,F,125,0,0
66,8,M,40,0,0
66,8,M,80,0,0
66,8,M,125,0,0
66,8,F,40,0,0
66,8,F,80,0,0
66,8,F,125,135,0
66,7,M,40,0,0
66,7,M,80,0,0
66,7,M,125,77,0
66,7,F,40,0,0
66,7,F,80,0,0
66,7,F,125,0,0
66,6,M,40,0,0
66,6,M,80,0,0
66,6,M,125,0,0
66,6,F,40,0,0
66,6,F,80,84,0
66,6,F,125,0,0
66,5,M,40,0,0
66,5,M,80,158,1
66,5,M,125,0,0
66,5,F,40,0,0
66,5,F,80,0,0
66,5,F,125,0,0
66,4,M,40,0,0
66,4,M,80,1,0
66,4,M,125,0,0
66,4,F,40,0,0
66,4,F,80,72,0
66,4,F,125,0,0
66,3,M,40,65,0
66,3,M,80,0,0
66,3,M,125,0,0
66,3,F,40,0,0
66,3,F,80,0,0
66,3,F,125,0,0
66,2,M,40,0,0
66,2,M,80,0,0
66,2,M,125,0,0
66,2,F,40,159,9
66,2,F,80,0,0
66,2,F,125,0,0
66,1,M,40,71,7
66,1,M,80,0,0
66,1,M,125,0,0
66,1,F,40,0,0
66,1,F,80,0,0
66,1,F,125,0,0
67,9,M,40,0,0
67,9,M,80,0,0
67,9,M,125,78,16
67,9,F,40,0,0
67,9,F,80,0,0
67,9,F,125,0,0
67,8,M,40,0,0
67,8,M,80,0,0
67,8,M,125,0,0
67,8,F,40,0,0
67,8,F,80,0,0
67,8,F,125,135,0
67,7,M,40,0,0
67,7,M,80,0,0
67,7,M,125,77,0
67,7,F,40,0,0
67,7,F,80,0,0
67,7,F,125,0,0
67,6,M,40,0,0
67,6,M,80,0,0
67,6,M,125,0,0
67,6,F,40,0,0
67,6,F,80,84,0
67,6,F,125,0,0
67,5,M,40,0,0
67,5,M,80,158,1
67,5,M,125,0,0
67,5,F,40,0,0
67,5,F,80,0,0
67,5,F,125,0,0
67,4,M,40,0,0
67,4,M,80,1,0
67,4,M,125,0,0
67,4,F,40,0,0
67,4,F,80,72,0
67,4,F,125,0,0
67,3,M,40,65,0
67,3,M,80,0,0
67,3,M,125,0,0
67,3,F,40,0,0
67,3,F,80,0,0
67,3,F,125,0,0
67,2,M,40,0,0
67,2,M,80,0,0
67,2,M,125,0,0
67,2,F,40,159,8
67,2,F,80,0,0
67,2,F,125,0,0
67,1,M,40,71,7
67,1,M,80,0,0
67,1,M,125,0,0
67,1,F,40,0,0
67,1,F,80,0,0
67,1,F,125,0,0
68,9,M,40,0,0
68,9,M,80,0,0
68,9,M,125,78,14
68,9,F,40,0,0
68,9,F,80,0,0
68,9,F,125,0,0
68,8,M,40,0,0
68,8,M,80,0,0
68,8,M,125,0,0
68,8,F,40,0,0
68,8,F,80,0,0
68,8,F,125,135,0
68,7,M,40,0,0
68,7,M,80,0,0
68,7,M,125,77,0
68,7,F,40,0,0
68,7,F,80,0,0
68,7,F,125,0,0
68,6,M,40,0,0
68,6,M,80,0,0
68,6,M,125,0,0
68,6,F,40,0,0
68,6,F,80,84,0
68,6,F,125,0,0
68,5,M,40,0,0
68,5,M,80,158,1
68,5,M,125,0,0
68,5,F,40,0,0
68,5,F,80,0,0
68,5,F,125,0,0
68,4,M,40,0,0
68,4,M,80,1,0
68,4,M,125,0,0
68,4,F,40,0,0
68,4,F,80,72,0
68,4,F,125,0,0
68,3,M,40,65,0
68,3,M,80,0,0
68,3,M,125,0,0
68,3,F,40,0,0
68,3,F,80,0,0
68,3,F,125,0,0
68,2,M,40,0,0
68,2,M,80,0,0
68,2,M,125,0,0
68,2,F,40,159,8
68,2,F,80,0,0
68,2,F,125,0,0
68,1,M,40,71,6
68,1,M,80,0,0
68,1,M,125,0,0
68,1,F,40,0,0
68,1,F,80,0,0
68,1,F,125,0,0
69,9,M,40,0,0
69,9,M,80,0,0
69,9,M,125,78,13
69,9,F,40,0,0
69,9,F,80,0,0
69,9,F,125,0,0
69,8,M,40,0,0
69,8,M,80,0,0
69,8,M,125,0,0
69,8,F,40,0,0
69,8,F,80,0,0
69,8,F,125,135,0
69,7,M,40,0,0
69,7,M,80,0,0
69,7,M,125,77,0
69,7,F,40,0,0
69,7,F,80,0,0
69,7,F,125,0,0
69,6,M,40,0,0
69,6,M,80,0,0
69,6,M,125,0,0
69,6,F,40,0,0
69,6,F,80,84,0
69,6,F,125,0,0
69,5,M,40,0,0
69,5,M,80,158,2
69,5,M,125,0,0
69,5,F,40,0,0
69,5,F,80,0,0
69,5,F,125,0,0
69,4,M,40,0,0
69,4,M,80,1,0
69,4,M,125,0,0
69,4,F,40,0,0
69,4,F,80,72,0
69,4,F,125,0,0
69,3,M,40,65,0
69,3,M,80,0,0
69,3,M,125,0,0
69,3,F,40,0,0
69,3,F,80,0,0
69,3,F,125,0,0
69,2,M,40,0,0
69,2,M,80,0,0
69,2,M,125,0,0
69,2,F,40,159,10
69,2,F,80,0,0
69,2,F,125,0,0
69,1,M,40,71,7
69,1,M,80,0,0
69,1,M,125,0,0
69,1,F,40,0,0
69,1,F,80,0,0
69,1,F,125,0,0
70,9,M,40,0,0
70,9,M,80,0,0
70,9,M,125,78,13
70,9,F,40,0,0
70,9,F,80,0,0
70,9,F,125,0,0
70,8,M,40,0,0
70,8,M,80,0,0
70,8,M,125,0,0
70,8,F,40,0,0
70,8,F,80,0,0
70,8,F,125,135,0
70,7,M,40,0,0
70,7,M,80,0,0
70,7,M,125,77,0
70,7,F,40,0,0
70,7,F,80,0,0
70,7,F,125,0,0
70,6,M,40,0,0
70,6,M,80,0,0
70,6,M,125,0,0
70,6,F,40,0,0
70,6,F,80,84,0
70,6,F,125,0,0
70,5,M,40,0,0
70,5,M,80,158,1
70,5,M,125,0,0
70,5,F,40,0,0
70,5,F,80,0,0
70,5,F,125,0,0
70,4,M,40,0,0
70,4,M,80,1,0
70,4,M,125,0,0
70,4,F,40,0,0
70,4,F,80,72,0
70,4,F,125,0,0
70,3,M,40,65,0
70,3,M,80,0,0
70,3,M,125,0,0
70,3,F,40,0,0
70,3,F,80,0,0
70,3,F,125,0,0
70,2,M,40,0,0
70,2,M,80,0,0
70,2,M,125,0,0
70,2,F,40,159,14
70,2,F,80,0,0
70,2,F,125,0,0
70,1,M,40,71,5
70,1,M,80,0,0
70,1,M,125,0,0
70,1,F,40,0,0
70,1,F,80,0,0
70,1,F,125,0,0
71,9,M,40,0,0
71,9,M,80,0,0
71,9,M,125,78,13
71,9,F,40,0,0
71,9,F,80,0,0
71,9,F,125,0,0
71,8,M,40,0,0
71,8,M,80,0,0
71,8,M,125,0,0
71,8,F,40,0,0
71,8,F,80,0,0
71,8,F,125,135,0
71,7,M,40,0,0
71,7,M,80,0,0
71,7,M,125,77,0
71,7,F,40,0,0
71,7,F,80,0,0
71,7,F,125,0,0
71,6,M,40,0,0
71,6,M,80,0,0
71,6,M,125,0,0
71,6,F,40,0,0
71,6,F,80,84,0
71,6,F,125,0,0
71,5,M,40,0,0
71,5,M,80,158,1
71,5,M,125,0,0
71,5,F,40,0,0
71,5,F,80,0,0
71,5,F,125,0,0
71,4,M,40,0,0
71,4,M,80,1,0
71,4,M,125,0,0
71,4,F,40,0,0
71,4,F,80,72,0
71,4,F,125,0,0
71,3,M,40,65,0
71,3,M,80,0,0
71,3,M,125,0,0
71,3,F,40,0,0
71,3,F,80,0,0
71,3,F,125,0,0
71,2,M,40,0,0
71,2,M,80,0,0
71,2,M,125,0,0
71,2,F,40,159,15
71,2,F,80,0,0
71,2,F,125,0,0
71,1,M,40,71,5
71,1,M,80,0,0
71,1,M,125,0,0
71,1,F,40,0,0
71,1,F,80,0,0
71,1,F,125,0,0
72,9,M,40,0,0
72,9,M,80,0,0
72,9,M,125,78,10
72,9,F,40,0,0
72,9,F,80,0,0
72,9,F,125,0,0
72,8,M,40,0,0
72,8,M,80,0,0
72,8,M,125,0,0
72,8,F,40,0,0
72,8,F,80,0,0
72,8,F,125,135,0
72,7,M,40,0,0
72,7,M,80,0,0
72,7,M,125,77,0
72,7,F,40,0,0
72,7,F,80,0,0
72,7,F,125,0,0
72,6,M,40,0,0
72,6,M,80,0,0
72,6,M,125,0,0
72,6,F,40,0,0
72,6,F,80,84,0
72,6,F,125,0,0
72,5,M,40,0,0
72,5,M,80,158,1
72,5,M,125,0,0
72,5,F,40,0,0
72,5,F,80,0,0
72,5,F,125,0,0
72,4,M,40,0,0
72,4,M,80,1,0
72,4,M,125,0,0
72,4,F,40,0,0
72,4,F,80,72,0
72,4,F,125,0,0
72,3,M,40,65,0
72,3,M,80,0,0
72,3,M,125,0,0
72,3,F,40,0,0
72,3,F,80,0,0
72,3,F,125,0,0
72,2,M,40,0,0
72,2,M,80,0,0
72,2,M,125,0,0
72,2,F,40,159,16
72,2,F,80,0,0
72,2,F,125,0,0
72,1,M,40,71,6
72,1,M,80,0,0
72,1,M,125,0,0
72,1,F,40,0,0
72,1,F,80,0,0
72,1,F,125,0,0
73,9,M,40,0,0
73,9,M,80,0,0
73,9,M,125,78,10
73,9,F,40,0,0
73,9,F,80,0,0
73,9,F,125,0,0
73,8,M,40,0,0
73,8,M,80,0,0
73,8,M,125,0,0
73,8,F,40,0,0
73,8,F,80,0,0
73,8,F,125,135,0
73,7,M,40,0,0
73,7,M,80,0,0
73,7,M,125,77,0
73,7,F,40,0,0
73,7,F,80,0,0
73,7,F,125,0,0
73,6,M,40,0,0
73,6,M,80,0,0
73,6,M,125,0,0
73,6,F,40,0,0
73,6,F,80,84,0
73,6,F,125,0,0
73,5,M,40,0,0
73,5,M,80,158,1
73,5,M,125,0,0
73,5,F,40,0,0
73,5,F,80,0,0
73,5,F,125,0,0
73,4,M,40,0,0
73,4,M,80,1,0
73,4,M,125,0,0
73,4,F,40,0,0
73,4,F,80,72,0
73,4,F,125,0,0
73,3,M,40,65,0
73,3,M,80,0,0
73,3,M,125,0,0
73,3,F,40,0,0
73,3,F,80,0,0
73,3,F,125,0,0
73,2,M,40,0,0
73,2,M,80,0,0
73,2,M,125,0,0
73,2,F,40,159,17
73,2,F,80,0,0
73,2,F,125,0,0
73,1,M,40,71,5
73,1,M,80,0,0
73,1,M,125,0,0
73,1,F,40,0,0
73,1,F,80,0,0
73,1,F,125,0,0
74,9,M,40,0,0
74,9,M,80,0,0
74,9,M,125,78,8
74,9,F,40,0,0
74,9,F,80,0,0
74,9,F,125,0,0
74,8,M,40,0,0
74,8,M,80,0,0
74,8,M,125,0,0
74,8,F,40,0,0
74,8,F,80,0,0
74,8,F,125,135,0
74,7,M,40,0,0
74,7,M,80,0,0
74,7,M,125,77,0
74,7,F,40,0,0
74,7,F,80,0,0
74,7,F,125,0,0
74,6,M,40,0,0
74,6,M,80,0,0
74,6,M,125,0,0
74,6,F,40,0,0
74,6,F,80,84,0
74,6,F,125,0,0
74,5,M,40,0,0
74,5,M,80,158,1
74,5,M,125,0,0
74,5,F,40,0,0
74,5,F,80,0,0
74,5,F,125,0,0
74,4,M,40,0,0
74,4,M,80,1,0
74,4,M,125,0,0
74,4,F,40,0,0
74,4,F,80,72,0
74,4,F,125,0,0
74,3,M,40,65,0
74,3,M,80,0,0
74,3,M,125,0,0
74,3,F,40,0,0
74,3,F,80,0,0
74,3,F,125,0,0
74,2,M,40,0,0
74,2,M,80,0,0
74,2,M,125,0,0
74,2,F,40,159,19
74,2,F,80,0,0
74,2,F,125,0,0
74,1,M,40,71,7
74,1,M,80,0,0
74,1,M,125,0,0
74,1,F,40,0,0
74,1,F,80,0,0
74,1,F,125,0,0
75,9,M,40,0,0
75,9,M,80,0,0
75,9,M,125,78,9
75,9,F,40,0,0
75,9,F,80,0,0
75,9,F,125,0,0
75,8,M,40,0,0
75,8,M,80,0,0
75,8,M,125,0,0
75,8,F,40,0,0
75,8,F,80,0,0
75,8,F,125,135,0
75,7,M,40,0,0
75,7,M,80,1,0
75,7,M,125,77,0
75,7,F,40,0,0
75,7,F,80,0,0
75,7,F,125,0,0
75,6,M,40,0,0
75,6,M,80,0,0
75,6,M,125,0,0
75,6,F,40,0,0
75,6,F,80,84,0
75,6,F,125,0,0
75,5,M,40,0,0
75,5,M,80,158,1
75,5,M,125,0,0
75,5,F,40,0,0
75,5,F,80,0,0
75,5,F,125,0,0
75,4,M,40,0,0
75,4,M,80,0,0
75,4,M,125,0,0
75,4,F,40,0,0
75,4,F,80,72,0
75,4,F,125,0,0
75,3,M,40,65,0
75,3,M,80,0,0
75,3,M,125,0,0
75,3,F,40,0,0
75,3,F,80,0,0
75,3,F,125,0,0
75,2,M,40,0,0
75,2,M,80,0,0
75,2,M,125,0,0
75,2,F,40,159,16
75,2,F,80,0,0
75,2,F,125,0,0
75,1,M,40,71,8
75,1,M,80,0,0
75,1,M,125,0,0
75,1,F,40,0,0
75,1,F,80,0,0
75,1,F,125,0,0
76,9,M,40,0,0
76,9,M,80,0,0
76,9,M,125,78,12
76,9,F,40,0,0
76,9,F,80,0,0
76,9,F,125,0,0
76,8,M,40,0,0
76,8,M,80,0,0
76,8,M,125,0,0
76,8,F,40,0,0
76,8,F,80,0,0
76,8,F,125,135,0
76,7,M,40,0,0
76,7,M,80,1,0
76,7,M,125,77,0
76,7,F,40,0,0
76,7,F,80,0,0
76,7,F,125,0,0
76,6,M,40,0,0
76,6,M,80,0,0
76,6,M,125,0,0
76,6,F,40,0,0
76,6,F,80,84,0
76,6,F,125,0,0
76,5,M,40,0,0
76,5,M,80,158,1
76,5,M,125,0,0
76,5,F,40,0,0
76,5,F,80,0,0
76,5,F,125,0,0
76,4,M,40,0,0
76,4,M,80,0,0
76,4,M,125,0,0
76,4,F,40,0,0
76,4,F,80,72,0
76,4,F,125,0,0
76,3,M,40,65,0
76,3,M,80,0,0
76,3,M,125,0,0
76,3,F,40,0,0
76,3,F,80,0,0
76,3,F,125,0,0
76,2,M,40,0,0
76,2,M,80,0,0
76,2,M,125,0,0
76,2,F,40,159,16
76,2,F,80,0,0
76,2,F,125,0,0
76,1,M,40,71,7
76,1,M,80,0,0
76,1,M,125,0,0
76,1,F,40,0,0
76,1,F,80,0,0
76,1,F,125,0,0
77,9,M,40,0,0
77,9,M,80,0,0
77,9,M,125,78,10
77,9,F,40,0,0
77,9,F,80,0,0
77,9,F,125,0,0
77,8,M,40,0,0
77,8,M,80,0,0
77,8,M,125,0,0
77,8,F,40,0,0
77,8,F,80,0,0
77,8,F,125,135,0
77,7,M,40,0,0
77,7,M,80,1,0
77,7,M,125,77,0
77,7,F,40,0,0
77,7,F,80,0,0
77,7,F,125,0,0
77,6,M,40,0,0
77,6,M,80,0,0
77,6,M,125,0,0
77,6,F,40,0,0
77,6,F,80,84,0
77,6,F,125,0,0
77,5,M,40,0,0
77,5,M,80,158,1
77,5,M,125,0,0
77,5,F,40,0,0
77,5,F,80,0,0
77,5,F,125,0,0
77,4,M,40,0,0
77,4,M,80,0,0
77,4,M,125,0,0
77,4,F,40,0,0
77,4,F,80,72,0
77,4,F,125,0,0
77,3,M,40,65,0
77,3,M,80,0,0
77,3,M,125,0,0
77,3,F,40,0,0
77,3,F,80,0,0
77,3,F,125,0,0
77,2,M,40,0,0
77,2,M,80,0,0
77,2,M,125,0,0
77,2,F,40,159,19
77,2,F,80,0,0
77,2,F,125,0,0
77,1,M,40,71,7
77,1,M,80,0,0
77,1,M,125,0,0
77,1,F,40,0,0
77,1,F,80,0,0
77,1,F,125,0,0
78,9,M,40,0,0
78,9,M,80,0,0
78,9,M,125,78,10
78,9,F,40,0,0
78,9,F,80,0,0
78,9,F,125,0,0
78,8,M,40,0,0
78,8,M,80,0,0
78,8,M,125,0,0
78,8,F,40,0,0
78,8,F,80,0,0
78,8,F,125,135,0
78,7,M,40,0,0
78,7,M,80,1,0
78,7,M,125,77,0
78,7,F,40,0,0
78,7,F,80,0,0
78,7,F,125,0,0
78,6,M,40,0,0
78,6,M,80,0,0
78,6,M,125,0,0
78,6,F,40,0,0
78,6,F,80,84,0
78,6,F,125,0,0
78,5,M,40,0,0
78,5,M,80,158,0
78,5,M,125,0,0
78,5,F,40,0,0
78,5,F,80,0,0
78,5,F,125,0,0
78,4,M,40,0,0
78,4,M,80,0,0
78,4,M,125,0,0
78,4,F,40,0,0
78,4,F,80,72,0
78,4,F,125,0,0
78,3,M,40,65,0
78,3,M,80,0,0
78,3,M,125,0,0
78,3,F,40,0,0
78,3,F,80,0,0
78,3,F,125,0,0
78,2,M,40,0,0
78,2,M,80,0,0
78,2,M,125,0,0
78,2,F,40,159,19
78,2,F,80,0,0
78,2,F,125,0,0
78,1,M,40,71,7
78,1,M,80,0,0
78,1,M,125,0,0
78,1,F,40,0,0
78,1,F,80,0,0
78,1,F,125,0,0
79,9,M,40,0,0
79,9,M,80,0,0
79,9,M,125,78,12
79,9,F,40,0,0
79,9,F,80,0,0
79,9,F,125,0,0
79,8,M,40,0,0
79,8,M,80,0,0
79,8,M,125,0,0
79,8,F,40,0,0
79,8,F,80,0,0
79,8,F,125,135,0
79,7,M,40,0,0
79,7,M,80,1,0
79,7,M,125,77,0
79,7,F,40,0,0
79,7,F,80,0,0
79,7,F,125,0,0
79,6,M,40,0,0
79,6,M,80,0,0
79,6,M,125,0,0
79,6,F,40,0,0
79,6,F,80,84,0
79,6,F,125,0,0
79,5,M,40,0,0
79,5,M,80,158,0
79,5,M,125,0,0
79,5,F,40,0,0
79,5,F,80,0,0
79,5,F,125,0,0
79,4,M,40,0,0
79,4,M,80,0,0
79,4,M,125,0,0
79,4,F,40,0,0
79,4,F,80,72,0
79,4,F,125,0,0
79,3,M,40,65,0
79,3,M,80,0,0
79,3,M,125,0,0
79,3,F,40,0,0
79,3,F,80,0,0
79,3,F,125,0,0
79,2,M,40,0,0
79,2,M,80,0,0
79,2,M,125,0,0
79,2,F,40,159,21
79,2,F,80,0,0
79,2,F,125,0,0
79,1,M,40,71,6
79,1,M,80,0,0
79,1,M,125,0,0
79,1,F,40,0,0
79,1,F,80,0,0
79,1,F,125,0,0
80,9,M,40,0,0
80,9,M,80,0,0
80,9,M,125,78,12
80,9,F,40,0,0
80,9,F,80,0,0
80,9,F,125,0,0
80,8,M,40,0,0
80,8,M,80,0,0
80,8,M,125,0,0
80,8,F,40,0,0
80,8,F,80,0,0
80,8,F,125,135,0
80,7,M,40,0,0
80,7,M,80,1,0
80,7,M,125,77,0
80,7,F,40,0,0
80,7,F,80,0,0
80,7,F,125,0,0
80,6,M,40,0,0
80,6,M,80,0,0
80,6,M,125,0,0
80,6,F,40,0,0
80,6,F,80,84,0
80,6,F,125,0,0
80,5,M,40,0,0
80,5,M,80,158,0
80,5,M,125,0,0
80,5,F,40,0,0
80,5,F,80,0,0
80,5,F,125,0,0
80,4,M,40,0,0
80,4,M,80,0,0
80,4,M,125,0,0
80,4,F,40,0,0
80,4,F,80,72,0
80,4,F,125,0,0
80,3,M,40,65,0
80,3,M,80,0,0
80,3,M,125,0,0
80,3,F,40,0,0
80,3,F,80,0,0
80,3,F,125,0,0
80,2,M,40,0,0
80,2,M,80,0,0
80,2,M,125,0,0
80,2,F,40,159,22
80,2,F,80,0,0
80,2,F,125,0,0
80,1,M,40,71,8
80,1,M,80,0,0
80,1,M,125,0,0
80,1,F,40,0,0
80,1,F,80,0,0
80,1,F,125,0,0
81,9,M,40,0,0
81,9,M,80,0,0
81,9,M,125,78,12
81,9,F,40,0,0
81,9,F,80,0,0
81,9,F,125,0,0
81,8,M,40,0,0
81,8,M,80,0,0
81,8,M,125,0,0
81,8,F,40,0,0
81,8,F,80,0,0
81,8,F,125,135,0
81,7,M,40,0,0
81,7,M,80,1,0
81,7,M,125,77,0
81,7,F,40,0,0
81,7,F,80,0,0
81,7,F,125,0,0
81,6,M,40,0,0
81,6,M,80,0,0
81,6,M,125,0,0
81,6,F,40,0,0
81,6,F,80,84,0
81,6,F,125,0,0
81,5,M,40,0,0
81,5,M,80,158,0
81,5,M,125,0,0
81,5,F,40,0,0
81,5,F,80,0,0
81,5,F,125,0,0
81,4,M,40,0,0
81,4,M,80,0,0
81,4,M,125,0,0
81,4,F,40,0,0
81,4,F,80,72,0
81,4,F,125,0,0
81,3,M,40,65,0
81,3,M,80,0,0
81,3,M,125,0,0
81,3,F,40,0,0
81,3,F,80,0,0
81,3,F,125,0,0
81,2,M,40,0,0
81,2,M,80,0,0
81,2,M,125,0,0
81,2,F,40,159,23
81,2,F,80,0,0
81,2,F,125,0,0
81,1,M,40,71,8
81,1,M,80,0,0
81,1,M,125,0,0
81,1,F,40,0,0
81,1,F,80,0,0
81,1,F,125,0,0
82,9,M,40,0,0
82,9,M,80,0,0
82,9,M,125,78,13
82,9,F,40,0,0
82,9,F,80,0,0
82,9,F,125,0,0
82,8,M,40,0,0
82,8,M,80,0,0
82,8,M,125,0,0
82,8,F,40,0,0
82,8,F,80,0,0
82,8,F,125,135,0
82,7,M,40,0,0
82,7,M,80,0,0
82,7,M,125,77,0
82,7,F,40,0,0
82,7,F,80,0,0
82,7,F,125,0,0
82,6,M,40,0,0
82,6,M,80,0,0
82,6,M,125,0,0
82,6,F,40,0,0
82,6,F,80,84,0
82,6,F,125,0,0
82,5,M,40,0,0
82,5,M,80,158,0
82,5,M,125,0,0
82,5,F,40,0,0
82,5,F,80,0,0
82,5,F,125,0,0
82,4,M,40,0,0
82,4,M,80,1,0
82,4,M,125,0,0
82,4,F,40,0,0
82,4,F,80,72,0
82,4,F,125,0,0
82,3,M,40,65,0
82,3,M,80,0,0
82,3,M,125,0,0
82,3,F,40,0,0
82,3,F,80,0,0
82,3,F,125,0,0
82,2,M,40,0,0
82,2,M,80,0,0
82,2,M,125,0,0
82,2,F,40,159,19
82,2,F,80,0,0
82,2,F,125,0,0
82,1,M,40,71,9
82,1,M,80,0,0
82,1,M,125,0,0
82,1,F,40,0,0
82,1,F,80,0,0
82,1,F,125,0,0
83,9,M,40,0,0
83,9,M,80,0,0
83,9,M,125,78,12
83,9,F,40,0,0
83,9,F,80,0,0
83,9,F,125,0,0
83,8,M,40,0,0
83,8,M,80,0,0
83,8,M,125,0,0
83,8,F,40,0,0
83,8,F,80,0,0
83,8,F,125,135,0
83,7,M,40,0,0
83,7,M,80,0,0
83,7,M,125,77,0
83,7,F,40,0,0
83,7,F,80,0,0
83,7,F,125,0,0
83,6,M,40,0,0
83,6,M,80,0,0
83,6,M,125,0,0
83,6,F,40,0,0
83,6,F,80,84,0
83,6,F,125,0,0
83,5,M,40,0,0
83,5,M,80,159,0
83,5,M,125,0,0
83,5,F,40,0,0
83,5,F,80,0,0
83,5,F,125,0,0
83,4,M,40,0,0
83,4,M,80,0,0
83,4,M,125,0,0
83,4,F,40,0,0
83,4,F,80,72,0
83,4,F,125,0,0
83,3,M,40,65,0
83,3,M,80,0,0
83,3,M,125,0,0
83,3,F,40,0,0
83,3,F,80,0,0
83,3,F,125,0,0
83,2,M,40,0,0
83,2,M,80,0,0
83,2,M,125,0,0
83,2,F,40,159,20
83,2,F,80,0,0
83,2,F,125,0,0
83,1,M,40,71,8
83,1,M,80,0,0
83,1,M,125,0,0
83,1,F,40,0,0
83,1,F,80,0,0
83,1,F,125,0,0
84,9,M,40,0,0
84,9,M,80,0,0
84,9,M,125,78,11
84,9,F,40,0,0
84,9,F,80,0,0
84,9,F,125,0,0
84,8,M,40,0,0
84,8,M,80,0,0
84,8,M,125,0,0
84,8,F,40,0,0
84,8,F,80,0,0
84,8,F,125,135,0
84,7,M,40,0,0
84,7,M,80,0,0
84,7,M,125,77,0
84,7,F,40,0,0
84,7,F,80,0,0
84,7,F,125,0,0
84,6,M,40,0,0
84,6,M,80,0,0
84,6,M,125,0,0
84,6,F,40,0,0
84,6,F,80,84,0
84,6,F,125,0,0
84,5,M,40,0,0
84,5,M,80,159,0
84,5,M,125,0,0
84,5,F,40,0,0
84,5,F,80,0,0
84,5,F,125,0,0
84,4,M,40,0,0
84,4,M,80,0,0
84,4,M,125,0,0
84,4,F,40,0,0
84,4,F,80,72,0
84,4,F,125,0,0
84,3,M,40,65,0
84,3,M,80,0,0
84,3,M,125,0,0
84,3,F,40,0,0
84,3,F,80,0,0
84,3,F,125,0,0
84,2,M,40,0,0
84,2,M,80,0,0
84,2,M,125,0,0
84,2,F,40,159,21
84,2,F,80,0,0
84,2,F,125,0,0
84,1,M,40,71,8
84,1,M,80,0,0
84,1,M,125,0,0
84,1,F,40,0,0
84,1,F,80,0,0
84,1,F,125,0,0
85,9,M,40,0,0
85,9,M,80,0,0
85,9,M,125,78,12
85,9,F,40,0,0
85,9,F,80,0,0
85,9,F,125,0,0
85,8,M,40,0,0
85,8,M,80,0,0
85,8,M,125,0,0
85,8,F,40,0,0
85,8,F,80,0,0
85,8,F,125,135,0
85,7,M,40,0,0
85,7,M,80,0,0
85,7,M,125,77,0
85,7,F,40,0,0
85,7,F,80,0,0
85,7,F,125,0,0
85,6,M,40,0,0
85,6,M,80,0,0
85,6,M,125,0,0
85,6,F,40,0,0
85,6,F,80,84,0
85,6,F,125,0,0
85,5,M,40,0,0
85,5,M,80,159,0
85,5,M,125,0,0
85,5,F,40,0,0
85,5,F,80,0,0
85,5,F,125,0,0
85,4,M,40,0,0
85,4,M,80,0,0
85,4,M,125,0,0
85,4,F,40,0,0
85,4,F,80,72,0
85,4,F,125,0,0
85,3,M,40,65,0
85,3,M,80,0,0
85,3,M,125,0,0
85,3,F,40,0,0
85,3,F,80,0,0
85,3,F,125,0,0
85,2,M,40,0,0
85,2,M,80,0,0
85,2,M,125,0,0
85,2,F,40,159,23
85,2,F,80,0,0
85,2,F,125,0,0
85,1,M,40,71,8
85,1,M,80,0,0
85,1,M,125,0,0
85,1,F,40,0,0
85,1,F,80,0,0
85,1,F,125,0,0
86,9,M,40,0,0
86,9,M,80,0,0
86,9,M,125,78,13
86,9,F,40,0,0
86,9,F,80,0,0
86,9,F,125,0,0
86,8,M,40,0,0
86,8,M,80,0,0
86,8,M,125,0,0
86,8,F,40,0,0
86,8,F,80,0,0
86,8,F,125,135,0
86,7,M,40,0,0
86,7,M,80,0,0
86,7,M,125,77,0
86,7,F,40,0,0
86,7,F,80,0,0
86,7,F,125,0,0
86,6,M,40,0,0
86,6,M,80,0,0
86,6,M,125,0,0
86,6,F,40,0,0
86,6,F,80,84,0
86,6,F,125,0,0
86,5,M,40,0,0
86,5,M,80,159,0
86,5,M,125,0,0
86,5,F,40,0,0
86,5,F,80,0,0
86,5,F,125,0,0
86,4,M,40,0,0
86,4,M,80,0,0
86,4,M,125,0,0
86,4,F,40,0,0
86,4,F,80,72,0
86,4,F,125,0,0
86,3,M,40,65,0
86,3,M,80,0,0
86,3,M,125,0,0
86,3,F,40,0,0
86,3,F,80,0,0
86,3,F,125,0,0
86,2,M,40,0,0
86,2,M,80,0,0
86,2,M,125,0,0
86,2,F,40,159,24
86,2,F,80,0,0
86,2,F,125,0,0
86,1,M,40,71,9
86,1,M,80,0,0
86,1,M,125,0,0
86,1,F,40,0,0
86,1,F,80,0,0
86,1,F,125,0,0
87,9,M,40,0,0
87,9,M,80,0,0
87,9,M,125,78,12
87,9,F,40,0,0
87,9,F,80,0,0
87,9,F,125,0,0
87,8,M,40,0,0
87,8,M,80,0,0
87,8,M,125,0,0
87,8,F,40,0,0
87,8,F,80,0,0
87,8,F,125,135,0
87,7,M,40,0,0
87,7,M,80,0,0
87,7,M,125,77,0
87,7,F,40,0,0
87,7,F,80,0,0
87,7,F,125,0,0
87,6,M,40,0,0
87,6,M,80,0,0
87,6,M,125,0,0
87,6,F,40,0,0
87,6,F,80,84,0
87,6,F,125,0,0
87,5,M,40,0,0
87,5,M,80,159,0
87,5,M,125,0,0
87,5,F,40,0,0
87,5,F,80,0,0
87,5,F,125,0,0
87,4,M,40,0,0
87,4,M,80,0,0
87,4,M,125,0,0
87,4,F,40,0,0
87,4,F,80,72,0
87,4,F,125,0,0
87,3,M,40,65,0
87,3,M,80,0,0
87,3,M,125,0,0
87,3,F,40,0,0
87,3,F,80,0,0
87,3,F,125,0,0
87,2,M,40,0,0
87,2,M,80,0,0
87,2,M,125,0,0
87,2,F,40,159,25
87,2,F,80,0,0
87,2,F,125,0,0
87,1,M,40,71,8
87,1,M,80,0,0
87,1,M,125,0,0
87,1,F,40,0,0
87,1,F,80,0,0
87,1,F,125,0,0
88,9,M,40,0,0
88,9,M,80,0,0
88,9,M,125,78,12
88,9,F,40,0,0
88,9,F,80,0,0
88,9,F,125,0,0
88,8,M,40,0,0
88,8,M,80,0,0
88,8,M,125,0,0
88,8,F,40,0,0
88,8,F,80,0,0
88,8,F,125,135,0
88,7,M,40,0,0
88,7,M,80,0,0
88,7,M,125,77,0
88,7,F,40,0,0
88,7,F,80,0,0
88,7,F,125,0,0
88,6,M,40,0,0
88,6,M,80,0,0
88,6,M,125,0,0
88,6,F,40,0,0
88,6,F,80,84,0
88,6,F,125,0,0
88,5,M,40,0,0
88,5,M,80,159,0
88,5,M,125,0,0
88,5,F,40,0,0
88,5,F,80,0,0
88,5,F,125,0,0
88,4,M,40,0,0
88,4,M,80,0,0
88,4,M,125,0,0
88,4,F,40,0,0
88,4,F,80,72,0
88,4,F,125,0,0
88,3,M,40,65,0
88,3,M,80,0,0
88,3,M,125,0,0
88,3,F,40,0,0
88,3,F,80,0,0
88,3,F,125,0,0
88,2,M,40,0,0
88,2,M,80,0,0
88,2,M,125,0,0
88,2,F,40,159,22
88,2,F,80,0,0
88,2,F,125,0,0
88,1,M,40,71,8
88,1,M,80,0,0
88,1,M,125,0,0
88,1,F,40,0,0
88,1,F,80,0,0
88,1,F,125,0,0
89,9,M,40,0,0
89,9,M,80,0,0
89,9,M,125,78,11
89,9,F,40,0,0
89,9,F,80,0,0
89,9,F,125,0,0
89,8,M,40,0,0
89,8,M,80,0,0
89,8,M,125,0,0
89,8,F,40,0,0
89,8,F,80,0,0
89,8,F,125,135,0
89,7,M,40,0,0
89,7,M,80,0,0
89,7,M,125,77,0
89,7,F,40,0,0
89,7,F,80,0,0
89,7,F,125,0,0
89,6,M,40,0,0
89,6,M,80,0,0
89,6,M,125,0,0
89,6,F,40,0,0
89,6,F,80,84,0
89,6,F,125,0,0
89,5,M,40,0,0
89,5,M,80,159,0
89,5,M,125,0,0
89,5,F,40,0,0
89,5,F,80,0,0
89,5,F,125,0,0
89,4,M,40,0,0
89,4,M,80,0,0
89,4,M,125,0,0
89,4,F,40,0,0
89,4,F,80,72,0
89,4,F,125,0,0
89,3,M,40,65,0
89,3,M,80,0,0
89,3,M,125,0,0
89,3,F,40,0,0
89,3,F,80,0,0
89,3,F,125,0,0
89,2,M,40,0,0
89,2,M,80,0,0
89,2,M,125,0,0
89,2,F,40,159,21
89,2,F,80,0,0
89,2,F,125,0,0
89,1,M,40,71,10
89,1,M,80,0,0
89,1,M,125,0,0
89,1,F,40,0,0
89,1,F,80,0,0
89,1,F,125,0,0
90,9,M,40,0,0
90,9,M,80,0,0
90,9,M,125,78,9
90,9,F,40,0,0
90,9,F,80,0,0
90,9,F,125,0,0
90,8,M,40,0,0
90,8,M,80,0,0
90,8,M,125,0,0
90,8,F,40,0,0
90,8,F,80,0,0
90,8,F,125,135,0
90,7,M,40,0,0
90,7,M,80,0,0
90,7,M,125,77,0
90,7,F,40,0,0
90,7,F,80,0,0
90,7,F,125,0,0
90,6,M,40,0,0
90,6,M,80,0,0
90,6,M,125,0,0
90,6,F,40,0,0
90,6,F,80,84,0
90,6,F,125,0,0
90,5,M,40,0,0
90,5,M,80,159,0
90,5,M,125,0,0
90,5,F,40,0,0
90,5,F,80,0,0
90,5,F,125,0,0
90,4,M,40,0,0
90,4,M,80,0,0
90,4,M,125,0,0
90,4,F,40,0,0
90,4,F,80,72,0
90,4,F,125,0,0
90,3,M,40,65,0
90,3,M,80,0,0
90,3,M,125,0,0
90,3,F,40,0,0
90,3,F,80,0,0
90,3,F,125,0,0
90,2,M,40,0,0
90,2,M,80,0,0
90,2,M,125,0,0
90,2,F,40,159,19
90,2,F,80,0,0
90,2,F,125,0,0
90,1,M,40,71,8
90,1,M,80,0,0
90,1,M,125,0,0
90,1,F,40,0,0
90,1,F,80,0,0
90,1,F,125,0,0
91,9,M,40,0,0
91,9,M,80,0,0
91,9,M,125,78,9
91,9,F,40,0,0
91,9,F,80,0,0
91,9,F,125,0,0
91,8,M,40,0,0
91,8,M,80,0,0
91,8,M,125,0,0
91,8,F,40,0,0
91,8,F,80,0,0
91,8,F,125,135,0
91,7,M,40,0,0
91,7,M,80,0,0
91,7,M,125,77,0
91,7,F,40,0,0
91,7,F,80,0,0
91,7,F,125,0,0
91,6,M,40,0,0
91,6,M,80,0,0
91,6,M,125,0,0
91,6,F,40,0,0
91,6,F,80,84,0
91,6,F,125,0,0
91,5,M,40,0,0
91,5,M,80,159,0
91,5,M,125,0,0
91,5,F,40,0,0
91,5,F,80,0,0
91,5,F,125,0,0
91,4,M,40,0,0
91,4,M,80,0,0
91,4,M,125,0,0
91,4,F,40,0,0
91,4,F,80,72,0
91,4,F,125,0,0
91,3,M,40,65,0
91,3,M,80,0,0
91,3,M,125,0,0
91,3,F,40,0,0
91,3,F,80,0,0
91,3,F,125,0,0
91,2,M,40,0,0
91,2,M,80,0,0
91,2,M,125,0,0
91,2,F,40,159,16
91,2,F,80,0,0
91,2,F,125,0,0
91,1,M,40,71,8
91,1,M,80,0,0
91,1,M,125,0,0
91,1,F,40,0,0
91,1,F,80,0,0
91,1,F,125,0,0
92,9,M,40,0,0
92,9,M,80,0,0
92,9,M,125,78,7
92,9,F,40,0,0
92,9,F,80,0,0
92,9,F,125,0,0
92,8,M,40,0,0
92,8,M,80,0,0
92,8,M,125,0,0
92,8,F,40,0,0
92,8,F,80,0,0
92,8,F,125,135,0
92,7,M,40,0,0
92,7,M,80,0,0
92,7,M,125,77,0
92,7,F,40,0,0
92,7,F,80,0,0
92,7,F,125,0,0
92,6,M,40,0,0
92,6,M,80,0,0
92,6,M,125,0,0
92,6,F,40,0,0
92,6,F,80,84,0
92,6,F,125,0,0
92,5,M,40,0,0
92,5,M,80,159,0
92,5,M,125,0,0
92,5,F,40,0,0
92,5,F,80,0,0
92,5,F,125,0,0
92,4,M,40,0,0
92,4,M,80,0,0
92,4,M,125,0,0
92,4,F,40,0,0
92,4,F,80,72,0
92,4,F,125,0,0
92,3,M,40,65,0
92,3,M,80,0,0
92,3,M,125,0,0
92,3,F,40,0,0
92,3,F,80,0,0
92,3,F,125,0,0
92,2,M,40,0,0
92,2,M,80,0,0
92,2,M,125,0,0
92,2,F,40,159,19
92,2,F,80,0,0
92,2,F,125,0,0
92,1,M,40,71,6
92,1,M,80,0,0
92,1,M,125,0,0
92,1,F,40,0,0
92,1,F,80,0,0
92,1,F,125,0,0
93,9,M,40,0,0
93,9,M,80,0,0
93,9,M,125,78,5
93,9,F,40,0,0
93,9,F,80,0,0
93,9,F,125,0,0
93,8,M,40,0,0
93,8,M,80,0,0
93,8,M,125,0,0
93,8,F,40,0,0
93,8,F,80,0,0
93,8,F,125,135,0
93,7,M,40,0,0
93,7,M,80,0,0
93,7,M,125,77,0
93,7,F,40,0,0
93,7,F,80,0,0
93,7,F,125,0,0
93,6,M,40,0,0
93,6,M,80,0,0
93,6,M,125,0,0
93,6,F,40,0,0
93,6,F,80,84,0
93,6,F,125,0,0
93,5,M,40,0,0
93,5,M,80,159,0
93,5,M,125,0,0
93,5,F,40,0,0
93,5,F,80,0,0
93,5,F,125,0,0
93,4,M,40,0,0
93,4,M,80,0,0
93,4,M,125,0,0
93,4,F,40,0,0
93,4,F,80,72,0
93,4,F,125,0,0
93,3,M,40,65,0
93,3,M,80,0,0
93,3,M,125,0,0
93,3,F,40,0,0
93,3,F,80,0,0
93,3,F,125,0,0
93,2,M,40,0,0
93,2,M,80,0,0
93,2,M,125,0,0
93,2,F,40,159,21
93,2,F,80,0,0
93,2,F,125,0,0
93,1,M,40,71,7
93,1,M,80,0,0
93,1,M,125,0,0
93,1,F,40,0,0
93,1,F,80,0,0
93,1,F,125,0,0
94,9,M,40,0,0
94,9,M,80,0,0
94,9,M,125,78,4
94,9,F,40,0,0
94,9,F,80,0,0
94,9,F,125,0,0
94,8,M,40,0,0
94,8,M,80,0,0
94,8,M,125,0,0
94,8,F,40,0,0
94,8,F,80,0,0
94,8,F,125,135,0
94,7,M,40,0,0
94,7,M,80,0,0
94,7,M,125,77,0
94,7,F,40,0,0
94,7,F,80,0,0
94,7,F,125,0,0
94,6,M,40,0,0
94,6,M,80,0,0
94,6,M,125,0,0
94,6,F,40,0,0
94,6,F,80,84,0
94,6,F,125,0,0
94,5,M,40,0,0
94,5,M,80,159,0
94,5,M,125,0,0
94,5,F,40,0,0
94,5,F,80,0,0
94,5,F,125,0,0
94,4,M,40,0,0
94,4,M,80,0,0
94,4,M,125,0,0
94,4,F,40,0,0
94,4,F,80,72,0
94,4,F,125,0,0
94,3,M,40,65,0
94,3,M,80,0,0
94,3,M,125,0,0
94,3,F,40,0,0
94,3,F,80,0,0
94,3,F,125,0,0
94,2,M,40,0,0
94,2,M,80,0,0
94,2,M,125,0,0
94,2,F,40,159,20
94,2,F,80,0,0
94,2,F,125,0,0
94,1,M,40,71,7
94,1,M,80,0,0
94,1,M,125,0,0
94,1,F,40,0,0
94,1,F,80,0,0
94,1,F,125,0,0
95,9,M,40,0,0
95,9,M,80,0,0
95,9,M,125,78,3
95,9,F,40,0,0
95,9,F,80,0,0
95,9,F,125,0,0
95,8,M,40,0,0
95,8,M,80,0,0
95,8,M,125,0,0
95,8,F,40,0,0
95,8,F,80,0,0
95,8,F,125,135,0
95,7,M,40,0,0
95,7,M,80,0,0
95,7,M,125,77,0
95,7,F,40,0,0
95,7,F,80,0,0
95,7,F,125,0,0
95,6,M,40,0,0
95,6,M,80,0,0
95,6,M,125,0,0
95,6,F,40,0,0
95,6,F,80,84,0
95,6,F,125,0,0
95,5,M,40,0,0
95,5,M,80,159,0
95,5,M,125,0,0
95,5,F,40,0,0
95,5,F,80,0,0
95,5,F,125,0,0
95,4,M,40,0,0
95,4,M,80,0,0
95,4,M,125,0,0
95,4,F,40,0,0
95,4,F,80,72,0
95,4,F,125,0,0
95,3,M,40,65,0
95,3,M,80,0,0
95,3,M,125,0,0
95,3,F,40,0,0
95,3,F,80,0,0
95,3,F,125,0,0
95,2,M,40,0,0
95,2,M,80,0,0
95,2,M,125,0,0
95,2,F,40,159,22
95,2,F,80,0,0
95,2,F,125,0,0
95,1,M,40,71,7
95,1,M,80,0,0
95,1,M,125,0,0
95,1,F,40,0,0
95,1,F,80,0,0
95,1,F,125,0,0
96,9,M,40,0,0
96,9,M,80,0,0
96,9,M,125,78,3
96,9,F,40,0,0
96,9,F,80,0,0
96,9,F,125,0,0
96,8,M,40,0,0
96,8,M,80,0,0
96,8,M,125,0,0
96,8,F,40,0,0
96,8,F,80,0,0
96,8,F,125,135,0
96,7,M,40,0,0
96,7,M,80,0,0
96,7,M,125,77,0
96,7,F,40,0,0
96,7,F,80,0,0
96,7,F,125,0,0
96,6,M,40,0,0
96,6,M,80,0,0
96,6,M,125,0,0
96,6,F,40,0,0
96,6,F,80,84,0
96,6,F,125,0,0
96,5,M,40,0,0
96,5,M,80,159,0
96,5,M,125,0,0
96,5,F,40,0,0
96,5,F,80,0,0
96,5,F,125,0,0
96,4,M,40,0,0
96,4,M,80,0,0
96,4,M,125,0,0
96,4,F,40,0,0
96,4,F,80,72,0
96,4,F,125,0,0
96,3,M,40,65,0
96,3,M,80,0,0
96,3,M,125,0,0
96,3,F,40,0,0
96,3,F,80,0,0
96,3,F,125,0,0
96,2,M,40,0,0
96,2,M,80,0,0
96,2,M,125,0,0
96,2,F,40,159,24
96,2,F,80,0,0
96,2,F,125,0,0
96,1,M,40,71,5
96,1,M,80,0,0
96,1,M,125,0,0
96,1,F,40,0,0
96,1,F,80,0,0
96,1,F,125,0,0
97,9,M,40,0,0
97,9,M,80,0,0
97,9,M,125,78,3
97,9,F,40,0,0
97,9,F,80,0,0
97,9,F,125,0,0
97,8,M,40,0,0
97,8,M,80,0,0
97,8,M,125,0,0
97,8,F,40,0,0
97,8,F,80,0,0
97,8,F,125,135,0
97,7,M,40,0,0
97,7,M,80,0,0
97,7,M,125,77,0
97,7,F,40,0,0
97,7,F,80,0,0
97,7,F,125,0,0
97,6,M,40,0,0
97,6,M,80,0,0
97,6,M,125,0,0
97,6,F,40,0,0
97,6,F,80,84,0
97,6,F,125,0,0
97,5,M,40,0,0
97,5,M,80,159,0
97,5,M,125,0,0
97,5,F,40,0,0
97,5,F,80,0,0
97,5,F,125,0,0
97,4,M,40,0,0
97,4,M,80,0,0
97,4,M,125,0,0
97,4,F,40,0,0
97,4,F,80,72,0
97,4,F,125,0,0
97,3,M,40,65,0
97,3,M,80,0,0
97,3,M,125,0,0
97,3,F,40,0,0
97,3,F,80,0,0
97,3,F,125,0,0
97,2,M,40,0,0
97,2,M,80,0,0
97,2,M,125,0,0
97,2,F,40,159,27
97,2,F,80,0,0
97,2,F,125,0,0
97,1,M,40,71,4
97,1,M,80,0,0
97,1,M,125,0,0
97,1,F,40,0,0
97,1,F,80,0,0
97,1,F,125,0,0
98,9,M,40,0,0
98,9,M,80,0,0
98,9,M,125,78,3
98,9,F,40,0,0
98,9,F,80,0,0
98,9,F,125,0,0
98,8,M,40,0,0
98,8,M,80,0,0
98,8,M,125,0,0
98,8,F,40,0,0
98,8,F,80,0,0
98,8,F,125,135,0
98,7,M,40,0,0
98,7,M,80,0,0
98,7,M,125,77,0
98,7,F,40,0,0
98,7,F,80,0,0
98,7,F,125,0,0
98,6,M,40,0,0
98,6,M,80,0,0
98,6,M,125,0,0
98,6,F,40,0,0
98,6,F,80,84,0
98,6,F,125,0,0
98,5,M,40,0,0
98,5,M,80,159,0
98,5,M,125,0,0
98,5,F,40,0,0
98,5,F,80,0,0
98,5,F,125,0,0
98,4,M,40,0,0
98,4,M,80,0,0
98,4,M,125,0,0
98,4,F,40,0,0
98,4,F,80,72,0
98,4,F,125,0,0
98,3,M,40,65,0
98,3,M,80,0,0
98,3,M,125,0,0
98,3,F,40,0,0
98,3,F,80,0,0
98,3,F,125,0,0
98,2,M,40,0,0
98,2,M,80,0,0
98,2,M,125,0,0
98,2,F,40,159,22
98,2,F,80,0,0
98,2,F,125,0,0
98,1,M,40,71,4
98,1,M,80,0,0
98,1,M,125,0,0
98,1,F,40,0,0
98,1,F,80,0,0
98,1,F,125,0,0
99,9,M,40,0,0
99,9,M,80,0,0
99,9,M,125,78,3
99,9,F,40,0,0
99,9,F,80,0,0
99,9,F,125,0,0
99,8,M,40,0,0
99,8,M,80,0,0
99,8,M,125,0,0
99,8,F,40,0,0
99,8,F,80,0,0
99,8,F,125,135,0
99,7,M,40,0,0
99,7,M,80,0,0
99,7,M,125,77,0
99,7,F,40,0,0
99,7,F,80,0,0
99,7,F,125,0,0
99,6,M,40,0,0
99,6,M,80,0,0
99,6,M,125,0,0
99,6,F,40,0,0
99,6,F,80,84,0
99,6,F,125,0,0
99,5,M,40,0,0
99,5,M,80,159,0
99,5,M,125,0,0
99,5,F,40,0,0
99,5,F,80,0,0
99,5,F,125,0,0
99,4,M,40,0,0
99,4,M,80,0,0
99,4,M,125,0,0
99,4,F,40,0,0
99,4,F,80,72,0
99,4,F,125,0,0
99,3,M,40,65,0
99,3,M,80,0,0
99,3,M,125,0,0
99,3,F,40,0,0
99,3,F,80,0,0
99,3,F,125,0,0
99,2,M,40,0,0
99,2,M,80,0,0
99,2,M,125,0,0
99,2,F,40,159,21
99,2,F,80,0,0
99,2,F,125,0,0
99,1,M,40,71,4
99,1,M,80,0,0
99,1,M,125,0,0
99,1,F,40,0,0
99,1,F,80,0,0
99,1,F,125,0,0
