Rel_ID,Node_ID,Rel_start_time,Rel_scheduled_end_time,Rel_actual_end_time,Rel_type (0 = TRANSITORY; 1 = INFORMAL; 2 = MARITAL; 3 = COMMERCIAL),male_ID,female_ID,male_age,female_age,Termination_Reason
22,1,4,50.9072,51,0,269,336,18.7422,19.5064,BROKEUP
40,1,13,89.3011,90,0,143,91,19.2744,19.4919,BROKEUP
52,2,32,95.2054,96,0,199,310,23.262,17.2548,BROKEUP
7,1,0,96.081,97,0,78,62,21.7821,14.018,BROKEUP
3,1,0,188.598,189,0,209,215,27.8571,20.1648,BROKEUP
48,1,24,190.287,191,0,72,285,42.4412,33.4247,BROKEUP
1,1,0,200.942,201,0,323,271,27.0298,16.5372,BROKEUP
60,1,74,200.402,201,0,211,336,20.0612,19.9174,BROKEUP
25,1,5,221.396,222,0,139,155,16.8038,18.9478,BROKEUP
46,3,22,240.593,241,0,17,24,20.1242,18.0552,BROKEUP
31,1,7,252.489,253,0,92,89,41.2185,29.7167,BROKEUP
72,1,109,252.332,253,0,241,326,20.4172,16.2901,BROKEUP
12,1,1,265.97,266,0,182,257,20.8269,19.879,BROKEUP
83,1,224,291.119,292,0,211,253,20.3105,14.6511,BROKEUP
23,2,4,306.85,307,1,292,335,45.6503,48.2604,BROKEUP
27,1,6,329.433,330,0,284,280,24.8936,23.0953,BROKEUP
81,2,216,333.15,334,0,250,271,19.0446,16.9016,BROKEUP
70,4,102,340.936,341,1,328,110,18.3395,16.8559,BROKEUP
20,2,3,389.057,390,2,114,108,43.6164,32.0263,BROKEUP
64,3,96,411.571,412,1,270,91,18.3385,20.374,BROKEUP
98,2,369,446.208,447,0,248,110,17.698,17.1463,BROKEUP
94,1,309,446.651,447,1,139,124,17.4203,27.5645,BROKEUP
62,2,92,453.476,454,1,286,152,33.6114,28.994,BROKEUP
6,1,0,461.525,462,0,170,96,25.372,23.3828,BROKEUP
16,1,2,498.024,499,1,67,61,46.4597,39.56,BROKEUP
104,2,457,518.948,519,0,286,285,33.7894,34.3233,BROKEUP
58,3,66,578.249,579,0,191,57,23.8339,17.8452,BROKEUP
8,1,0,582.322,583,1,82,58,25.4974,21.1163,BROKEUP
59,2,74,604.291,605,0,56,264,35.7061,37.254,BROKEUP
28,1,6,651.551,652,1,160,217,25.1857,17.923,BROKEUP
108,4,594,657.047,658,0,250,57,19.9323,18.0616,BROKEUP
100,1,377,673.033,674,0,209,280,29.1859,24.0378,BROKEUP
101,3,400,687.552,688,0,269,271,20.4874,17.8715,BROKEUP
86,1,261,691.483,692,1,237,24,25.8515,19.2908,BROKEUP
5,3,0,696.741,697,0,105,101,28.5206,17.3127,BROKEUP
84,1,244,743.706,744,1,72,272,43.9563,33.6092,BROKEUP
47,1,23,751.474,752,1,129,142,20.9361,21.6891,BROKEUP
99,3,373,757.362,758,1,284,215,26.0662,21.7237,BROKEUP
102,2,405,760.503,761,1,78,336,23.6013,21.4516,BROKEUP
33,3,8,794.936,795,1,196,192,32.3663,23.9355,BROKEUP
80,1,209,798.679,799,1,214,115,32.9371,28.4372,BROKEUP
116,1,756,801.738,802,1,105,96,28.8082,24.3143,BROKEUP
14,2,1,806.457,807,0,36,43,22.4845,25.0856,BROKEUP
32,2,7,823.897,824,1,16,30,35.6706,36.5885,BROKEUP
87,4,273,883.718,884,1,182,221,22.52,29.3945,BROKEUP
119,1,769,894.712,895,0,244,34,16.6553,16.4079,BROKEUP
121,1,772,918.274,919,0,137,217,19.0552,18.6545,BROKEUP
76,3,177,925.911,926,1,255,316,28.6132,30.0554,BROKEUP
79,2,205,945.671,946,1,323,128,29.0709,17.9225,BROKEUP
68,1,99,950.039,951,1,143,213,21.6333,25.7055,BROKEUP
131,4,954,966.053,967,0,36,128,22.9229,17.98,BROKEUP
118,1,765,980.562,981,0,209,152,30.027,30.4379,BROKEUP
85,1,256,987.244,988,0,17,155,22.1708,21.0465,BROKEUP
96,4,324,1004.33,1005,1,230,258,44.124,41.8958,BROKEUP
78,1,185,1010.53,1011,1,333,62,20.6332,16.5221,BROKEUP
115,3,703,1013.17,1014,0,191,91,25.0257,22.0234,BROKEUP
122,3,827,1022.04,1023,0,284,215,26.7922,22.4498,BROKEUP
77,1,177,1039.93,1040,1,50,7,21.4873,18.6069,BROKEUP
114,3,703,1044.35,1045,0,248,101,19.3363,18.2662,BROKEUP
135,1,1030,1046.64,1047,0,137,279,19.4059,15.8508,BROKEUP
75,1,115,1050.64,1051,0,187,76,21.5072,19.9658,BROKEUP
130,2,950,1060.86,1061,0,328,192,20.3121,24.6642,BROKEUP
106,1,493,1064.82,1065,0,170,274,27.0241,25.3037,BROKEUP
43,3,15,1091.05,1092,1,330,181,27.4514,24.6039,BROKEUP
137,1,1038,1123.66,1124,0,214,43,33.8275,25.9541,BROKEUP
29,1,6,1126.2,1127,1,9,20,31.3662,35.06,BROKEUP
110,1,662,1144.72,1145,0,139,57,19.3326,19.3959,BROKEUP
138,3,1050,1158.37,1159,0,191,7,25.4229,18.9329,BROKEUP
67,1,98,1184.67,1185,1,199,109,26.2455,27.2383,BROKEUP
151,3,1183,1189.57,1190,0,330,7,27.7199,19.0179,BROKEUP
134,1,994,1190.03,1191,0,298,128,15.6575,18.5937,BROKEUP
152,1,1191,1263.34,1264,0,294,7,17.6745,19.2206,BROKEUP
128,2,922,1275.27,1276,1,105,96,30.1069,25.6129,BROKEUP
154,2,1206,1295.1,1296,0,137,307,20.0881,15.6541,BROKEUP
93,1,302,1300.06,1301,1,211,326,23.0749,19.1614,BROKEUP
155,1,1209,1319.25,1320,0,54,57,18.0715,19.8753,BROKEUP
139,2,1052,1349.85,1350,0,82,76,27.5987,20.785,BROKEUP
95,3,309,1352.48,1353,1,3,253,19.0922,17.558,BROKEUP
13,3,1,1353.66,1354,1,173,207,31.71,25.1979,BROKEUP
88,3,276,1354.64,1355,1,241,257,23.4363,22.8626,BROKEUP
160,2,1320,1357.25,1358,0,143,57,22.7484,19.9794,BROKEUP
127,4,922,1374.74,1375,0,270,48,20.9769,17.0529,BROKEUP
21,3,3,1385.89,1386,1,2,66,36.8743,30.5503,BROKEUP
145,1,1098,1395.9,1396,1,17,101,23.2886,19.2278,BROKEUP
165,2,1348,1410.25,1411,0,223,307,17.3639,15.9692,BROKEUP
125,4,898,1423.9,1424,0,78,34,25.4178,17.8572,BROKEUP
170,1,1374,1423.4,1424,0,298,282,16.2958,15.4341,BROKEUP
117,3,764,1433.31,1434,1,129,24,22.8046,21.3237,BROKEUP
142,1,1073,1453.75,1454,0,187,91,22.6113,23.2288,BROKEUP
168,1,1360,1454.51,1455,0,3,326,19.3717,19.5833,BROKEUP
143,1,1086,1455.61,1456,0,248,62,20.4623,17.7413,BROKEUP
163,4,1338,1460.81,1461,0,137,70,20.5401,16.5303,BROKEUP
124,1,896,1464.79,1465,0,244,271,18.2169,20.0003,BROKEUP
140,1,1059,1471.23,1472,1,333,334,21.8962,16.752,BROKEUP
158,3,1300,1492.47,1493,0,294,128,18.3019,19.4211,BROKEUP
157,2,1297,1501.17,1502,0,284,96,28.1045,26.2321,BROKEUP
45,1,18,1522.57,1523,2,86,153,62.5777,61.335,BROKEUP
146,3,1124,1527.75,1528,0,209,181,31.5256,25.7984,BROKEUP
73,3,110,1532.99,1533,1,197,310,20.8944,21.1918,BROKEUP
178,1,1430,1547.48,1548,0,298,282,16.6355,15.7739,BROKEUP
189,3,1537,1550.98,1551,0,197,12,20.9437,16.3301,BROKEUP
169,2,1368,1567.44,1568,0,143,35,23.3237,15.8581,BROKEUP
147,3,1145,1614.41,1615,1,214,155,35.1727,22.7643,BROKEUP
105,2,478,1622.64,1623,0,131,110,22.7847,20.3682,BROKEUP
167,1,1359,1627.52,1628,0,241,207,24.1843,25.9486,BROKEUP
173,3,1415,1639.65,1640,0,211,76,24.0037,21.5795,BROKEUP
191,1,1550,1640.24,1641,0,344,282,14.347,16.0287,BROKEUP
162,2,1327,1641.48,1642,0,36,84,24.7722,15.3313,BROKEUP
141,3,1070,1651.3,1652,0,255,192,30.6023,26.2834,BROKEUP
164,3,1346,1662.76,1663,0,191,109,26.8038,28.5479,BROKEUP
120,2,772,1680.62,1681,0,269,142,23.2079,24.2343,BROKEUP
161,2,1325,1696.6,1697,1,328,145,22.0545,16.3692,BROKEUP
156,2,1276,1719.28,1720,0,331,7,19.2762,20.4699,BROKEUP
206,2,1720,1720.83,1721,0,131,7,23.0532,20.4727,BROKEUP
129,3,934,1732.8,1733,0,252,217,18.9123,20.8846,BROKEUP
144,2,1089,1732.49,1733,1,50,337,23.3859,16.9932,BROKEUP
187,1,1534,1768.63,1769,0,244,46,19.0498,16.1815,BROKEUP
204,2,1700,1788.21,1789,1,330,142,29.361,24.5302,BROKEUP
197,1,1628,1788.87,1789,0,241,35,24.6254,16.4636,BROKEUP
210,2,1736,1791.01,1792,0,223,337,18.4078,17.1548,BROKEUP
205,4,1706,1806.56,1807,0,173,76,32.9511,22.037,BROKEUP
126,2,900,1811.5,1812,1,182,336,25.0625,24.3311,BROKEUP
182,3,1475,1815.68,1816,1,187,279,23.6031,17.9577,BROKEUP
194,2,1565,1820.02,1821,0,39,12,17.3343,17.0699,BROKEUP
200,3,1664,1824.2,1825,1,255,181,31.0762,26.6121,BROKEUP
159,1,1309,1825.37,1826,1,170,274,29.109,27.3886,BROKEUP
175,1,1420,1846.85,1847,0,199,57,28.0592,21.3192,BROKEUP
218,4,1813,1852.6,1853,0,50,76,23.7146,22.163,BROKEUP
174,1,1420,1859.66,1860,0,254,257,18.9397,24.2461,BROKEUP
181,1,1469,1865.84,1866,0,129,70,23.9882,17.6399,BROKEUP
223,1,1868,1888.39,1889,0,144,12,16.9657,17.2562,BROKEUP
186,4,1497,1903.35,1904,0,78,271,26.7328,21.203,BROKEUP
225,1,1875,1913.75,1914,0,135,70,16.7374,17.7714,BROKEUP
193,4,1560,1915.93,1916,0,332,326,18.6123,20.8463,BROKEUP
213,3,1756,1933.05,1934,0,191,7,27.5462,21.0562,BROKEUP
171,4,1412,1942.69,1943,1,313,307,17.9151,17.4267,BROKEUP
219,2,1818,1945.07,1946,0,252,217,19.4958,21.4682,BROKEUP
107,4,532,1955.73,1956,1,286,89,37.7264,34.3825,BROKEUP
199,3,1658,1963.86,1964,1,211,310,24.8913,22.3727,BROKEUP
177,2,1428,1967.83,1968,1,270,34,22.6015,19.3476,BROKEUP
184,1,1486,1967.65,1968,0,248,246,21.8651,15.4595,BROKEUP
195,1,1582,1980.09,1981,0,143,24,24.4552,22.8223,BROKEUP
211,3,1743,2012.9,2013,0,328,145,22.9203,17.2349,BROKEUP
166,2,1355,2015.18,2016,1,250,253,23.6529,19.3744,BROKEUP
237,1,2001,2037.99,2038,0,248,7,22.0569,21.3412,BROKEUP
212,4,1746,2064.73,2065,0,131,262,23.9957,18.2132,BROKEUP
209,4,1729,2084.35,2085,0,344,282,15.5634,17.2451,BROKEUP
217,3,1796,2087.56,2088,1,241,46,25.4446,17.0555,BROKEUP
221,3,1840,2100.55,2101,1,170,192,29.8624,27.5135,BROKEUP
201,4,1677,2106.04,2107,1,36,109,26.0462,29.7643,BROKEUP
226,1,1881,2109.55,2110,0,187,76,24.4086,22.8672,BROKEUP
183,1,1477,2132.3,2133,0,54,334,20.2989,18.563,BROKEUP
247,1,2112,2143.49,2144,0,270,253,23.0837,19.7251,BROKEUP
220,2,1833,2145.36,2146,0,255,181,31.9557,27.4916,BROKEUP
109,1,653,2152.74,2153,1,160,58,29.298,25.4176,BROKEUP
222,3,1857,2154.17,2155,0,294,279,20.1156,18.8864,BROKEUP
231,1,1916,2160.55,2161,1,129,70,24.7964,18.4481,BROKEUP
252,4,2162,2170.88,2171,0,313,70,18.5397,18.4755,BROKEUP
216,3,1792,2188.04,2189,0,90,337,17.5391,18.2425,BROKEUP
179,1,1436,2189.44,2190,1,17,213,25.4639,29.1,BROKEUP
202,2,1686,2213.83,2214,1,137,110,22.6032,21.9874,BROKEUP
148,3,1164,2217.68,2218,0,139,136,22.2723,19.3614,BROKEUP
235,1,1968,2221.96,2222,1,39,91,18.433,25.3329,BROKEUP
230,2,1904,2234.26,2235,0,244,12,20.3265,18.2041,BROKEUP
113,1,702,2262.61,2263,1,237,280,30.1556,28.3912,BROKEUP
192,1,1554,2291.67,2292,1,197,128,22.9739,21.6102,BROKEUP
136,1,1035,2299.76,2300,1,196,124,36.4896,32.6412,BROKEUP
257,3,2192,2305.32,2306,1,294,337,20.5293,18.5631,BROKEUP
180,3,1463,2311.57,2312,1,3,101,21.7196,21.7374,BROKEUP
232,2,1934,2329.74,2330,0,78,326,27.8999,21.9805,BROKEUP
249,2,2121,2340.28,2341,1,36,246,26.6873,16.4814,BROKEUP
266,4,2306,2348.2,2349,0,244,337,20.6388,18.6809,BROKEUP
208,2,1724,2351.41,2352,1,331,84,21.0077,17.2765,BROKEUP
251,4,2162,2366.36,2367,0,182,58,26.5831,26.0039,BROKEUP
267,1,2314,2369.05,2370,0,255,192,32.5694,28.2505,BROKEUP
233,1,1958,2396.27,2397,1,199,142,29.5661,26.196,BROKEUP
244,4,2062,2399.46,2400,1,135,34,18.069,20.5312,BROKEUP
238,2,2013,2401.7,2402,0,183,145,19.0444,18.3007,BROKEUP
198,1,1630,2420.33,2421,1,284,207,30.6224,28.1212,BROKEUP
271,1,2355,2432.58,2433,0,139,128,22.8614,21.9965,BROKEUP
240,1,2036,2435.48,2436,1,319,271,16.7086,22.6605,BROKEUP
241,2,2043,2458.12,2459,1,286,316,39.1045,34.2554,BROKEUP
270,3,2345,2468.89,2469,1,313,246,19.3562,16.8321,BROKEUP
242,2,2044,2490.92,2491,1,250,7,24.9542,22.5823,BROKEUP
185,3,1490,2513.28,2514,1,333,322,24.751,17.1757,BROKEUP
274,1,2401,2524.37,2525,0,331,84,21.4817,17.7505,BROKEUP
279,1,2435,2532.46,2533,0,129,128,25.8156,22.2705,BROKEUP
269,1,2339,2534.24,2535,0,55,5,17.3579,16.0344,BROKEUP
248,2,2119,2543,2543,0,144,262,18.7575,19.5228,BROKEUP
42,1,14,2548.73,2549,2,119,266,70.6751,68.8817,BROKEUP
253,1,2173,2548.59,2549,0,270,253,24.1933,20.8347,BROKEUP
250,1,2136,2557.66,2558,0,254,334,20.852,19.7273,BROKEUP
272,2,2362,2593.1,2594,0,244,337,21.3101,19.3521,BROKEUP
190,2,1550,2597.7,2598,0,204,62,19.6206,20.8701,BROKEUP
258,1,2196,2641.6,2642,0,54,279,21.6934,20.2207,BROKEUP
245,1,2103,2663.8,2664,1,344,282,17.1497,18.8314,BROKEUP
273,1,2382,2681.79,2682,1,255,124,33.4242,33.6878,BROKEUP
286,2,2534,2682.98,2683,0,333,128,25.214,22.6814,BROKEUP
260,1,2221,2690.34,2691,0,248,136,23.8459,20.6573,BROKEUP
176,1,1421,2697.65,2698,1,105,43,34.0028,30.2664,BROKEUP
293,1,2649,2706.62,2707,0,270,279,24.6262,20.3988,BROKEUP
276,1,2408,2710.4,2711,1,199,326,30.4263,23.0244,BROKEUP
289,1,2559,2713.12,2714,0,331,253,21.9995,21.2868,BROKEUP
278,2,2431,2714.04,2715,0,135,21,18.932,16.3636,BROKEUP
255,1,2191,2756.35,2757,1,17,46,27.0173,18.8883,BROKEUP
196,1,1624,2757.87,2758,1,298,48,19.9506,20.8419,BROKEUP
288,4,2553,2786.74,2787,1,1,262,18.7227,20.1913,BROKEUP
287,1,2536,2787.33,2788,0,129,5,26.5142,16.7275,BROKEUP
298,2,2708,2796.86,2797,0,158,180,17.498,16.495,BROKEUP
275,1,2406,2802.07,2803,1,332,145,21.0424,19.3993,BROKEUP
283,4,2519,2812.52,2813,0,197,322,24.4013,17.9949,BROKEUP
310,4,2807,2812.84,2813,0,248,262,24.1802,20.2625,BROKEUP
215,1,1774,2817.6,2818,1,75,163,17.8528,18.9723,BROKEUP
308,2,2795,2825.27,2826,0,254,279,21.5862,20.7248,BROKEUP
229,3,1899,2833.96,2834,1,330,257,32.224,26.9146,BROKEUP
149,1,1176,2847.44,2848,2,9,215,36.0813,27.4498,BROKEUP
263,2,2247,2848.82,2849,1,160,181,31.2049,29.4176,BROKEUP
268,1,2337,2852.58,2853,1,39,70,20.1617,20.344,BROKEUP
318,3,2868,2880.01,2881,0,254,174,21.7369,16.1956,BROKEUP
224,2,1873,2883.1,2884,1,223,35,21.3995,19.4636,BROKEUP
315,1,2853,2893.31,2894,0,137,145,24.4662,19.6486,BROKEUP
265,4,2279,2894.3,2895,0,131,110,26.2697,23.8531,BROKEUP
228,1,1887,2895.25,2896,0,50,57,26.5722,24.1931,BROKEUP
316,1,2855,2902.28,2903,0,1,180,19.0405,16.7854,BROKEUP
264,4,2247,2914.73,2915,1,317,12,19.1709,20.0671,BROKEUP
327,3,2924,2928.75,2929,0,129,70,26.9005,20.5522,BROKEUP
295,2,2665,2936.02,2937,0,36,58,28.3202,27.5656,BROKEUP
292,1,2645,2940.08,2941,1,54,337,22.5126,20.3028,BROKEUP
284,1,2530,2942.96,2943,0,139,84,24.2586,18.8957,BROKEUP
214,2,1766,2948.58,2949,0,82,155,31.9796,26.4191,BROKEUP
302,1,2751,2988.18,2989,0,18,282,19.0977,19.7218,BROKEUP
304,2,2776,3015.07,3016,0,135,253,19.7566,22.1142,BROKEUP
262,1,2236,3016.88,3017,1,241,310,27.9898,25.2576,BROKEUP
300,1,2719,3032.95,3033,0,313,21,20.9014,17.2349,BROKEUP
329,3,2936,3068.74,3069,0,194,322,17.4032,18.6963,BROKEUP
290,2,2598,3072.26,3073,1,319,334,18.4538,21.1383,BROKEUP
203,3,1698,3074.85,3075,1,269,220,27.0271,18.7671,BROKEUP
321,1,2893,3076.79,3077,0,17,5,27.894,17.5193,BROKEUP
342,3,3080,3112.38,3113,0,331,334,23.0926,21.2479,BROKEUP
281,2,2473,3127.02,3128,1,3,246,23.9552,18.6376,BROKEUP
324,1,2903,3128.14,3129,1,144,180,20.363,17.4046,BROKEUP
90,2,296,3130.38,3131,2,65,156,66.6015,66.2976,BROKEUP
234,3,1965,3143.4,3144,1,211,217,28.1242,24.7504,BROKEUP
325,1,2906,3149.71,3150,0,178,35,18.2736,20.1924,BROKEUP
338,2,3068,3150.14,3151,0,330,124,33.0925,34.9728,BROKEUP
56,2,57,3160.38,3161,2,74,311,48.4195,40.6393,BROKEUP
320,2,2892,3162.59,3163,0,9,213,36.9443,31.7658,BROKEUP
340,1,3073,3179.99,3180,0,241,58,28.4363,28.2313,BROKEUP
309,1,2799,3180.1,3181,1,183,48,21.1787,22.0008,BROKEUP
246,2,2104,3186.34,3187,1,252,338,22.8959,19.6027,BROKEUP
285,3,2531,3194.38,3195,0,286,66,41.1209,35.5065,BROKEUP
336,1,3048,3199.29,3200,0,123,21,17.0832,17.6924,BROKEUP
345,2,3108,3216.25,3217,0,135,220,20.3073,19.1561,BROKEUP
296,3,2685,3256.82,3257,1,237,271,32.8789,24.9098,BROKEUP
314,4,2850,3285.7,3286,1,160,215,32.4022,28.6498,BROKEUP
71,1,106,3290.6,3291,2,227,265,63.6536,54.6172,BROKEUP
331,1,2963,3294.9,3295,1,139,280,25.223,31.2186,BROKEUP
256,1,2192,3298.49,3299,1,187,76,27.6661,26.1247,BROKEUP
354,1,3202,3312.51,3313,1,301,21,18.6929,18.002,BROKEUP
330,1,2943,3329.82,3330,0,197,84,25.8177,19.956,BROKEUP
367,1,3330,3334.54,3335,0,51,84,17.2605,19.9697,BROKEUP
303,4,2771,3395.72,3396,1,333,7,27.1674,25.0617,BROKEUP
259,3,2208,3405.73,3406,1,90,307,20.8733,21.4349,BROKEUP
350,1,3136,3407.54,3408,0,130,180,17.8135,18.169,BROKEUP
261,3,2236,3408.26,3409,1,328,91,26.7449,28.585,BROKEUP
347,2,3118,3424.42,3425,1,102,253,15.0303,23.2347,BROKEUP
355,1,3212,3454.97,3455,1,183,338,21.9294,20.337,BROKEUP
317,3,2858,3472.77,3473,1,332,279,22.8781,22.4974,BROKEUP
357,1,3219,3482.48,3483,0,286,53,41.91,40.0298,BROKEUP
368,1,3335,3495.36,3496,0,18,84,20.4867,20.4108,BROKEUP
366,3,3321,3501.72,3502,0,178,21,19.238,18.5198,BROKEUP
307,3,2791,3502.69,3503,0,298,261,21.9917,16.9242,BROKEUP
365,1,3317,3514.92,3515,0,3,88,25.0155,16.5402,BROKEUP
361,1,3290,3519.2,3520,0,123,95,17.9599,16.5994,BROKEUP
311,2,2815,3539.87,3540,1,284,43,33.6881,32.5733,BROKEUP
333,1,2991,3557.68,3558,0,82,257,33.6481,28.8982,BROKEUP
312,1,2815,3562.55,3563,1,244,262,23.9649,22.3173,BROKEUP
386,2,3535,3565.38,3566,0,333,279,27.6332,22.7522,BROKEUP
370,3,3409,3579.43,3580,1,211,217,29.3187,25.9449,BROKEUP
322,1,2900,3592.03,3593,0,50,128,28.4818,25.1746,BROKEUP
383,3,3515,3593.88,3594,1,18,253,20.7552,23.6977,BROKEUP
305,2,2778,3632.31,3633,1,344,46,19.8045,21.2883,BROKEUP
243,2,2051,3639.5,3640,0,191,24,32.2202,27.3675,BROKEUP
280,2,2437,3642.14,3643,0,294,101,24.1923,25.384,BROKEUP
389,2,3575,3654.83,3655,0,319,95,20.0484,16.9693,BROKEUP
400,2,3652,3662.12,3663,0,242,46,17.5171,21.3705,BROKEUP
353,2,3198,3667.68,3668,1,313,42,22.6411,17.0318,BROKEUP
363,4,3315,3669.11,3670,1,237,155,34.0104,28.3944,BROKEUP
38,1,11,3702.75,3703,2,267,249,55.2595,52.3075,BROKEUP
376,2,3467,3716.6,3717,0,160,338,33.583,21.0548,BROKEUP
362,1,3310,3723.11,3724,1,139,35,26.3984,21.765,BROKEUP
341,1,3079,3727.33,3728,1,317,5,21.3983,19.3029,BROKEUP
89,2,292,3728.6,3729,2,116,224,65.3326,57.6392,BROKEUP
380,1,3503,3730.64,3731,0,75,261,20.3542,17.5489,BROKEUP
282,3,2482,3731.27,3732,1,78,207,31.741,31.713,BROKEUP
328,1,2925,3732.79,3733,1,39,12,22.5727,22.3082,BROKEUP
323,1,2901,3735.51,3736,0,137,340,26.773,17.4965,BROKEUP
335,2,3031,3738.77,3739,0,254,190,24.0876,17.1111,BROKEUP
334,2,3011,3745.18,3746,1,55,337,20.6757,22.5083,BROKEUP
346,2,3118,3753.46,3754,0,331,334,24.8488,23.0041,BROKEUP
393,2,3594,3766.16,3767,1,244,303,24.5238,16.2003,BROKEUP
313,2,2830,3771.49,3772,1,204,163,22.837,21.586,BROKEUP
369,1,3394,3773.64,3774,0,194,222,19.3347,17.8785,BROKEUP
371,2,3412,3787.97,3788,0,197,307,27.0725,22.4815,BROKEUP
326,1,2915,3789.87,3790,0,1,145,21.4707,22.1034,BROKEUP
352,1,3183,3797.96,3798,1,144,48,22.1959,23.6912,BROKEUP
301,1,2719,3803.9,3804,1,270,136,27.6317,23.7066,BROKEUP
19,2,3,3830.9,3831,2,277,343,57.9774,54.6576,BROKEUP
420,1,3807,3830.04,3831,0,144,222,22.2863,18.0346,BROKEUP
332,2,2965,3838.09,3839,1,131,70,28.856,23.0454,BROKEUP
412,1,3755,3840.97,3841,0,254,12,24.3671,22.6041,BROKEUP
395,3,3601,3846.43,3847,0,3,215,25.9251,30.1867,BROKEUP
416,2,3789,3850.85,3851,0,178,307,20.1941,22.6541,BROKEUP
339,3,3069,3859.9,3860,0,54,322,25.0304,20.8634,BROKEUP
343,3,3084,3860,3861,0,269,110,29.1805,26.4997,BROKEUP
359,2,3259,3861.26,3862,1,17,271,30.0447,26.5674,BROKEUP
372,1,3445,3864.05,3865,0,135,166,22.0827,17.0298,BROKEUP
422,2,3814,3871.2,3872,0,81,190,18.4752,17.4754,BROKEUP
397,1,3604,3873.56,3874,0,28,243,18.4462,17.1298,BROKEUP
358,4,3241,3902.85,3903,0,252,220,24.8575,21.0356,BROKEUP
403,1,3665,3902.39,3903,0,319,253,20.7278,24.5443,BROKEUP
423,2,3838,3903.37,3904,1,270,337,27.9056,22.9411,BROKEUP
382,4,3513,3912.89,3913,0,286,58,43.0881,30.2395,BROKEUP
349,1,3135,3912.73,3913,1,158,246,20.5555,20.7882,BROKEUP
348,1,3120,3924.88,3925,1,129,57,29.6293,27.0123,BROKEUP
433,1,3907,3957.85,3958,0,75,243,20.9761,17.3599,BROKEUP
344,1,3088,3962.73,3963,1,341,282,16.3204,22.3903,BROKEUP
57,1,65,3968.01,3969,2,64,31,51.915,43.4972,BROKEUP
379,1,3476,3968.78,3969,1,328,91,28.2792,30.1192,BROKEUP
297,2,2686,3980.09,3981,1,250,62,29.0364,24.6591,BROKEUP
413,1,3771,3980.4,3981,0,242,303,18.3883,16.7866,BROKEUP
415,2,3784,3985.84,3986,1,344,163,20.7716,22.1723,BROKEUP
277,3,2410,4012.57,4013,0,182,34,31.0926,24.9504,BROKEUP
103,1,452,4016.37,4017,2,114,149,53.5534,47.4956,BROKEUP
445,1,4002,4016.8,4017,0,135,57,22.4991,27.2644,BROKEUP
411,1,3750,4022.41,4023,1,333,181,28.8852,32.634,BROKEUP
404,1,3671,4025.3,4026,0,71,42,16.9242,18.0126,BROKEUP
428,2,3870,4028.82,4029,0,204,307,23.5411,23.1418,BROKEUP
451,3,4033,4043.32,4044,0,81,200,18.9465,15.2803,BROKEUP
447,3,4018,4044.99,4045,0,28,243,18.9147,17.5983,BROKEUP
444,3,4000,4049.42,4050,0,325,166,15.5053,17.5367,BROKEUP
396,3,3601,4051.42,4052,0,210,276,19.3298,17.5114,BROKEUP
384,1,3515,4057.87,4058,1,298,88,23.5123,18.0279,BROKEUP
236,2,1986,4070.09,4071,2,173,89,39.1539,40.177,BROKEUP
418,1,3804,4078.05,4079,0,244,48,25.3786,24.4611,BROKEUP
387,1,3538,4080.62,4081,0,183,100,23.6444,17.9541,BROKEUP
419,3,3804,4088.7,4089,0,137,145,27.7401,22.9226,BROKEUP
449,1,4030,4089.31,4090,1,204,322,23.7082,21.4935,BROKEUP
430,1,3881,4091.03,4092,0,1,190,22.2981,18.0782,BROKEUP
239,2,2015,4096.01,4097,1,143,336,30.2525,30.5913,BROKEUP
455,1,4054,4105.03,4106,0,28,253,19.0819,25.1005,BROKEUP
319,1,2892,4118.45,4119,1,248,174,27.7582,19.5874,BROKEUP
446,1,4002,4126.02,4127,0,75,282,21.4391,22.8396,BROKEUP
434,2,3909,4132.63,4133,0,252,220,25.4876,21.6657,BROKEUP
440,1,3986,4135.91,4136,0,55,303,21.7442,17.2112,BROKEUP
378,2,3474,4146.51,4147,0,235,148,17.516,17.4422,BROKEUP
391,1,3586,4151.48,4152,1,90,279,22.9171,24.3577,BROKEUP
399,1,3650,4151.77,4152,1,191,7,33.6229,27.1329,BROKEUP
463,3,4088,4153.99,4154,0,250,217,29.5104,27.5175,BROKEUP
381,1,3511,4171.92,4172,0,332,21,24.7931,20.3554,BROKEUP
472,1,4140,4177.62,4178,1,244,48,25.6498,24.7323,BROKEUP
375,2,3452,4183.09,4184,1,51,180,19.5865,20.295,BROKEUP
441,2,3991,4196.51,4197,1,319,163,21.5333,22.7504,BROKEUP
18,1,3,4211.06,4212,2,300,268,54.6285,52.7297,BROKEUP
374,1,3452,4215.69,4216,1,187,76,30.1785,28.637,BROKEUP
407,3,3735,4231.43,4232,0,123,5,19.9106,20.6837,BROKEUP
479,1,4182,4253.52,4254,0,1,21,22.7419,20.5801,BROKEUP
477,1,4175,4259.67,4260,0,18,100,22.5799,18.4445,BROKEUP
470,3,4121,4264.01,4265,0,204,174,24.1877,19.9874,BROKEUP
480,1,4195,4279.98,4280,1,332,180,25.089,20.558,BROKEUP
453,3,4048,4282.67,4283,1,182,34,31.8324,25.6901,BROKEUP
478,3,4177,4297.66,4298,1,344,322,21.6264,22.0634,BROKEUP
474,2,4159,4309.28,4310,0,317,220,22.9928,22.1507,BROKEUP
443,1,3997,4331.32,4332,0,194,246,20.8635,21.9362,BROKEUP
421,1,3809,4357.37,4358,1,313,136,24.5315,25.2244,BROKEUP
408,1,3735,4393.49,4394,0,39,46,24.3837,23.3733,BROKEUP
364,2,3317,4396.76,4397,1,223,231,25.5447,19.777,BROKEUP
410,1,3748,4397.43,4398,0,239,340,18.8554,19.3102,BROKEUP
409,3,3738,4403.06,4404,0,37,261,19.9445,19.3927,BROKEUP
471,4,4138,4410.82,4411,1,158,303,21.9199,17.9647,BROKEUP
351,2,3167,4435.6,4436,1,330,213,36.6131,35.2535,BROKEUP
464,1,4092,4486.67,4487,0,102,190,17.9399,19.1604,BROKEUP
452,1,4045,4493.1,4494,0,81,243,20.1793,18.8284,BROKEUP
432,1,3906,4514.49,4515,1,17,101,31.8338,27.773,BROKEUP
491,2,4324,4519.56,4520,1,204,21,24.8863,21.3089,BROKEUP
466,1,4106,4519.52,4520,0,183,141,24.8472,18.279,BROKEUP
461,2,4084,4521.13,4522,0,178,166,22.0325,18.8298,BROKEUP
373,3,3446,4543.6,4544,1,241,280,32.1733,34.6405,BROKEUP
496,1,4399,4544.23,4545,0,273,231,19.0559,20.1825,BROKEUP
448,4,4029,4547.6,4548,1,328,310,29.8655,29.4521,BROKEUP
475,1,4169,4547.62,4548,1,331,253,27.0241,26.3114,BROKEUP
505,1,4509,4550.76,4551,0,37,190,20.3472,19.3357,BROKEUP
426,4,3855,4562.9,4563,1,254,222,26.3451,20.0401,BROKEUP
457,1,4066,4569.15,4570,0,135,88,24.0142,19.4306,BROKEUP
385,2,3529,4572.78,4573,1,94,84,18.9028,23.3615,BROKEUP
481,2,4215,4578.56,4579,1,250,163,30.6748,23.797,BROKEUP
450,2,4030,4579.19,4580,1,333,307,30.4113,24.6514,BROKEUP
498,4,4419,4587.06,4588,0,242,303,20.0513,18.4496,BROKEUP
507,1,4520,4631.85,4632,0,102,141,18.3372,18.5858,BROKEUP
465,1,4094,4633.38,4634,0,238,200,17.7696,16.8967,BROKEUP
495,3,4391,4641.94,4642,1,313,174,25.3096,21.0203,BROKEUP
454,2,4048,4668.32,4669,0,270,91,30.0015,32.0371,BROKEUP
401,1,3656,4678.32,4679,1,294,95,27.0307,19.7748,BROKEUP
485,3,4271,4689.22,4690,0,319,5,22.884,21.9385,BROKEUP
489,3,4312,4690.46,4691,1,123,220,21.1681,23.1945,BROKEUP
518,3,4628,4702.18,4703,0,223,307,26.3831,24.9883,BROKEUP
524,1,4655,4709.53,4710,0,135,174,24.3977,21.2066,BROKEUP
462,4,4086,4712.94,4713,1,341,276,18.3752,19.3224,BROKEUP
511,2,4551,4717.39,4718,0,39,190,25.2713,19.7932,BROKEUP
476,4,4172,4718.76,4719,0,55,148,23.3415,19.0093,BROKEUP
467,1,4113,4719.08,4720,0,298,329,25.326,18.5578,BROKEUP
460,4,4075,4720.83,4721,1,290,62,18.1729,26.6865,BROKEUP
517,2,4622,4726.01,4727,1,75,84,23.083,23.7834,BROKEUP
439,4,3965,4737.11,4738,1,129,337,31.8567,25.2261,BROKEUP
510,1,4545,4740.07,4741,1,81,231,20.856,20.7194,BROKEUP
492,4,4361,4764.49,4765,0,244,7,27.258,28.8124,BROKEUP
15,4,2,4805.79,4806,2,225,216,63.4051,55.164,BROKEUP
435,1,3911,4831.55,4832,1,144,334,25.0287,25.9575,BROKEUP
459,2,4070,4833.7,4834,1,3,57,28.6292,29.5027,BROKEUP
521,1,4633,4835.43,4836,0,37,141,21.128,19.1447,BROKEUP
493,2,4363,4847.6,4848,1,90,246,24.824,23.3499,BROKEUP
431,2,3884,4855.57,4856,2,197,271,29.9985,29.2907,BROKEUP
486,1,4279,4855.25,4856,1,252,76,27.4685,30.3904,BROKEUP
503,1,4502,4858.64,4859,1,182,181,33.4104,34.9244,BROKEUP
456,1,4054,4874.76,4875,0,210,42,21.5846,20.3386,BROKEUP
499,3,4422,4912.92,4913,1,194,340,22.4553,20.7211,BROKEUP
473,1,4142,4922.98,4923,0,269,282,32.0901,25.0204,BROKEUP
515,1,4603,4925.68,4926,0,317,303,24.6805,19.3756,BROKEUP
50,2,26,4935.14,4936,2,256,198,54.9608,45.7014,BROKEUP
516,3,4609,4942.48,4943,0,331,222,28.1063,21.0812,BROKEUP
402,1,3658,4944.67,4945,1,211,257,33.0585,32.6982,BROKEUP
501,3,4483,4954.51,4955,0,344,185,23.4264,17.8261,BROKEUP
487,1,4285,4965.15,4966,0,1,180,24.6926,22.4375,BROKEUP
519,1,4633,4969.39,4970,1,94,79,19.9905,16.6823,BROKEUP
427,2,3864,4974.97,4975,1,54,70,28.0852,26.1577,BROKEUP
468,2,4115,4975.14,4976,1,137,145,30.1703,25.3527,BROKEUP
526,2,4696,4986.81,4987,0,250,220,31.7926,24.0055,BROKEUP
538,2,4779,4989.33,4990,0,325,134,18.0806,16.6273,BROKEUP
543,3,4856,4990.59,4991,1,252,7,27.8383,29.4316,BROKEUP
550,1,4928,5004.58,5005,0,204,303,26.2151,19.5921,BROKEUP
502,1,4502,5015.93,5016,1,51,243,21.866,20.2585,BROKEUP
390,1,3579,5022.57,5023,1,82,43,37.6618,36.6363,BROKEUP
394,1,3594,5031.36,5032,1,301,262,23.4025,26.342,BROKEUP
424,3,3841,5055.62,5056,2,284,124,37.8415,40.1919,BROKEUP
536,1,4773,5058.9,5059,1,129,62,32.7361,27.6125,BROKEUP
565,3,5027,5062.74,5063,0,132,134,17.0228,16.8273,BROKEUP
484,2,4262,5066,5066,1,71,100,19.7736,20.6527,BROKEUP
568,4,5062,5075.53,5076,0,211,262,33.4174,26.4625,BROKEUP
546,1,4894,5078.71,5079,1,313,42,26.5069,20.8975,BROKEUP
520,3,4633,5082.74,5083,0,158,253,23.761,27.7772,BROKEUP
547,4,4911,5094.21,5095,0,341,14,19.4218,15.4867,BROKEUP
497,2,4404,5098.05,5099,0,28,261,21.8024,21.2968,BROKEUP
537,1,4775,5101.01,5102,1,238,87,19.0518,15.3957,BROKEUP
532,2,4726,5110.04,5111,0,135,190,25.4964,20.87,BROKEUP
483,1,4251,5133.05,5134,1,191,279,36.3134,27.0481,BROKEUP
551,4,4938,5141.22,5142,0,3,340,29.473,21.3485,BROKEUP
554,2,4955,5143.86,5144,0,187,246,32.7209,24.1608,BROKEUP
564,1,5023,5163.9,5164,0,81,243,22.015,20.664,BROKEUP
500,3,4433,5165,5166,1,248,46,30.6267,25.4883,BROKEUP
533,1,4733,5170.84,5171,1,55,148,24.5798,20.2476,BROKEUP
571,1,5085,5193.49,5194,0,244,136,28.4334,27.5149,BROKEUP
531,4,4725,5208.2,5209,1,270,336,31.481,33.6379,BROKEUP
569,2,5068,5212.66,5213,0,194,134,23.2772,17.2383,BROKEUP
36,2,10,5233.87,5234,2,251,218,66.9747,62.8324,BROKEUP
514,3,4591,5255.21,5256,1,178,21,24.0435,23.3253,BROKEUP
556,1,4979,5256.61,5257,0,102,79,20.0495,17.4686,BROKEUP
469,3,4121,5269.91,5270,1,173,58,42.4388,33.9574,BROKEUP
599,3,5270,5274.47,5275,0,252,246,28.6164,24.5197,BROKEUP
577,2,5105,5288.3,5289,0,118,87,17.5383,15.908,BROKEUP
589,1,5175,5294.74,5295,0,55,52,24.9196,15.3814,BROKEUP
488,1,4301,5297.3,5298,1,143,322,33.5429,24.8031,BROKEUP
572,1,5093,5307.78,5308,0,137,280,31.0799,36.7337,BROKEUP
523,1,4651,5311.51,5312,0,273,281,21.1572,14.8461,BROKEUP
509,1,4540,5333.39,5334,1,330,101,39.0733,30.0168,BROKEUP
545,1,4877,5334.93,5335,1,182,163,34.7146,25.8682,BROKEUP
508,2,4531,5337.06,5338,1,161,166,17.2032,21.0655,BROKEUP
587,1,5174,5337.67,5338,0,238,100,19.6984,21.3979,BROKEUP
529,3,4714,5340.83,5341,1,235,315,20.7872,17.5655,BROKEUP
559,1,4989,5352.32,5353,0,90,220,26.2075,25.0082,BROKEUP
534,1,4736,5358.95,5359,1,298,84,27.0766,25.5149,BROKEUP
561,1,5013,5385.49,5386,0,344,303,24.6073,20.6359,BROKEUP
541,3,4846,5389.79,5390,0,123,307,23.0832,26.8705,BROKEUP
438,3,3965,5393.94,5394,1,131,110,33.1162,30.6997,BROKEUP
406,2,3728,5405.17,5406,1,139,35,31.0066,26.3732,BROKEUP
607,1,5320,5417.44,5418,0,289,281,16.4701,15.1365,BROKEUP
608,2,5339,5419.26,5420,0,194,166,23.8443,21.2901,BROKEUP
602,2,5287,5432.93,5433,0,184,45,16.1825,15.2339,BROKEUP
527,1,4712,5437.65,5438,0,294,174,29.1101,23.2011,BROKEUP
600,1,5276,5442.68,5443,1,187,58,33.5401,34.4313,BROKEUP
299,1,2711,5452.93,5453,2,105,192,41.5507,36.6971,BROKEUP
530,1,4721,5460.68,5461,1,77,329,18.2204,20.5879,BROKEUP
522,1,4641,5468.95,5469,1,203,200,18.6814,19.1844,BROKEUP
579,1,5138,5468.27,5469,1,129,213,33.8594,38.0836,BROKEUP
603,3,5290,5479.97,5480,0,293,87,17.7261,16.4313,BROKEUP
606,1,5315,5481.13,5482,0,273,52,21.623,15.8938,BROKEUP
597,1,5256,5485.97,5486,0,23,38,17.9071,16.8154,BROKEUP
620,3,5440,5492.55,5493,0,131,84,33.3875,25.882,BROKEUP
583,3,5161,5494,5494,1,167,104,19.845,15.9889,BROKEUP
567,3,5061,5499.39,5500,0,284,91,39.058,34.3138,BROKEUP
612,3,5369,5508.31,5509,0,90,100,26.6349,21.8664,BROKEUP
513,1,4578,5529.72,5530,1,18,88,26.0594,22.0608,BROKEUP
617,2,5413,5530.72,5531,0,147,97,18.4754,15.409,BROKEUP
625,2,5451,5533.01,5534,2,54,220,29.6167,25.5041,BROKEUP
34,1,8,5533.98,5534,2,32,13,51.284,48.318,BROKEUP
576,2,5105,5557.16,5558,0,37,133,23.1061,17.6376,BROKEUP
624,2,5451,5560.14,5561,1,194,45,24.2306,15.5846,BROKEUP
592,2,5214,5566.59,5567,1,158,134,25.087,18.2081,BROKEUP
540,1,4816,5568.78,5569,1,29,342,19.5075,18.9871,BROKEUP
535,1,4756,5572.25,5573,1,223,5,28.7667,24.3577,BROKEUP
512,1,4563,5588.71,5589,1,254,24,29.1561,32.7073,BROKEUP
581,2,5157,5594.06,5595,0,275,206,17.525,18.5596,BROKEUP
643,2,5569,5596.28,5597,0,194,45,24.3292,15.6832,BROKEUP
635,1,5513,5596.44,5597,0,68,84,18.1496,26.167,BROKEUP
506,2,4517,5612.35,5613,1,17,34,34.842,29.334,BROKEUP
578,1,5120,5616.34,5617,0,341,14,20.8519,16.9169,BROKEUP
632,4,5496,5617.95,5618,1,161,104,17.9703,16.3287,BROKEUP
634,2,5513,5627.28,5628,0,344,100,25.2703,22.1924,BROKEUP
615,2,5411,5652.2,5653,1,55,35,25.9004,27.0499,BROKEUP
621,2,5440,5652.38,5653,0,123,174,23.8038,23.7902,BROKEUP
542,1,4846,5655.29,5656,0,319,141,25.5306,21.3913,BROKEUP
594,1,5233,5689.67,5690,0,71,340,21.4832,22.8499,BROKEUP
549,4,4920,5690.01,5691,1,75,231,25.7241,23.3222,BROKEUP
562,2,5018,5690.38,5691,1,328,217,32.997,31.7285,BROKEUP
557,2,4982,5698.18,5699,1,331,70,30.1776,28.1412,BROKEUP
573,1,5095,5703.53,5704,0,317,262,26.812,28.1831,BROKEUP
648,2,5599,5707.18,5708,0,194,206,24.6334,18.8692,BROKEUP
645,1,5577,5710.12,5711,0,29,133,19.8965,18.0568,BROKEUP
655,2,5639,5719.68,5720,0,341,100,21.1341,22.4445,BROKEUP
560,1,5002,5727.46,5728,1,269,7,34.2956,31.4507,BROKEUP
525,2,4691,5728.52,5729,1,242,95,23.1774,22.6515,BROKEUP
644,3,5571,5731.3,5732,0,178,134,25.3476,18.6602,BROKEUP
630,1,5489,5733.59,5734,0,309,329,18.5199,21.3358,BROKEUP
596,3,5252,5747.01,5748,0,244,215,29.9512,35.395,BROKEUP
66,2,97,5754.85,5755,2,176,99,57.7437,56.186,BROKEUP
651,2,5620,5768.42,5769,0,167,104,20.5984,16.7424,BROKEUP
633,1,5504,5778.9,5779,1,139,200,32.0285,20.0337,BROKEUP
622,1,5441,5779.75,5780,0,283,281,17.9244,16.1283,BROKEUP
504,3,4505,5786.53,5787,0,239,26,22.6609,19.5167,BROKEUP
676,2,5785,5792.6,5793,0,161,281,18.4498,16.1639,BROKEUP
598,2,5257,5813.64,5814,1,127,79,18.2496,18.9946,BROKEUP
584,1,5162,5813.44,5814,0,94,76,22.3028,33.0151,BROKEUP
673,2,5774,5821.42,5822,0,44,104,17.002,16.8876,BROKEUP
604,3,5293,5831.13,5832,0,144,169,27.7685,18.218,BROKEUP
663,2,5709,5841.15,5842,0,228,206,17.5975,19.2363,BROKEUP
671,1,5770,5847.78,5848,0,319,7,26.0566,31.7795,BROKEUP
629,2,5486,5857.39,5858,1,238,186,21.123,16.4557,BROKEUP
640,1,5535,5857.53,5858,0,117,52,18.6754,16.9239,BROKEUP
669,2,5744,5864.08,5865,0,123,329,24.3846,21.6947,BROKEUP
586,1,5165,5864.52,5865,0,28,243,23.901,22.5846,BROKEUP
528,3,4714,5880.65,5881,1,126,276,20.8067,22.5224,BROKEUP
605,2,5312,5886.62,5887,1,81,261,23.9958,23.4557,BROKEUP
580,1,5144,5891.67,5892,1,325,190,20.5518,23.0097,BROKEUP
666,2,5729,5894.53,5895,0,328,95,33.5559,23.1063,BROKEUP
490,1,4321,5898.68,5899,1,332,48,29.5246,29.4474,BROKEUP
132,1,972,5901.64,5902,2,323,115,42.649,42.418,BROKEUP
618,1,5431,5906.52,5907,0,39,303,28.5289,22.0633,BROKEUP
616,2,5413,5939.11,5940,0,235,322,22.4283,26.562,BROKEUP
610,1,5359,5947.78,5948,1,270,279,33.5056,29.2782,BROKEUP
591,1,5209,5956.44,5957,0,290,46,21.5592,27.6555,BROKEUP
623,2,5447,5957.66,5958,1,252,166,30.4876,22.7641,BROKEUP
626,2,5467,5969.92,5970,1,105,192,42.9672,38.1135,BROKEUP
590,3,5195,5990.53,5991,1,183,282,28.8773,27.9465,BROKEUP
555,1,4971,6017.74,6018,0,1,222,27.5748,24.0264,BROKEUP
570,1,5080,6027.21,6028,0,51,42,24.6386,23.4975,BROKEUP
628,1,5480,6029.35,6030,1,301,87,26.1367,17.9381,BROKEUP
631,1,5489,6030.71,6031,0,77,38,19.782,18.3085,BROKEUP
660,2,5696,6032,6032,0,75,231,26.6583,24.2564,BROKEUP
650,1,5610,6031.76,6032,1,184,113,17.8236,17.0465,BROKEUP
686,2,5865,6036.73,6037,0,194,329,25.5347,22.166,BROKEUP
687,1,5881,6052.28,6053,0,161,52,19.1621,17.4581,BROKEUP
91,3,299,6059.31,6060,2,6,219,105.35,68.4554,BROKEUP
552,1,4943,6066.04,6067,1,27,234,22.3217,17.7983,BROKEUP
377,3,3467,6067.36,6068,2,227,20,71.2618,48.597,BROKEUP
681,2,5832,6073.96,6074,0,317,169,27.8257,18.881,BROKEUP
595,1,5238,6075.91,6076,2,251,343,69.2816,60.8083,BROKEUP
658,1,5674,6081.94,6082,0,55,141,27.0757,22.5584,BROKEUP
672,1,5770,6082.01,6083,0,29,134,20.9157,19.6218,BROKEUP
704,1,6037,6089.33,6090,0,184,87,17.9825,18.1025,BROKEUP
700,1,6034,6102.75,6103,1,127,38,19.0414,18.5058,BROKEUP
653,1,5624,6125.25,6126,1,68,299,19.5989,18.4079,BROKEUP
649,2,5605,6126.4,6127,1,293,45,19.4987,17.1353,BROKEUP
690,2,5935,6127.76,6128,1,244,336,30.9923,36.1557,BROKEUP
667,1,5729,6147.07,6148,0,143,70,35.8716,29.3714,BROKEUP
656,3,5645,6150.41,6151,1,37,14,24.7308,18.3799,BROKEUP
10,1,0,6150.39,6151,2,22,80,60.7276,57.3093,BROKEUP
74,3,111,6154.27,6155,2,208,40,85.5878,91.7343,BROKEUP
609,1,5350,6154.62,6155,0,313,315,29.4548,19.7956,BROKEUP
637,1,5531,6158.5,6159,1,171,62,19.8229,30.6262,BROKEUP
698,1,6031,6169.31,6170,0,242,222,24.3856,24.4428,BROKEUP
601,3,5283,6174.1,6175,1,102,21,22.5646,25.8431,BROKEUP
614,2,5400,6222.17,6223,1,3,145,32.4347,28.7692,BROKEUP
695,3,5967,6226.1,6227,0,235,243,23.2146,23.5763,BROKEUP
97,1,340,6230.92,6231,2,92,260,57.5966,49.4121,BROKEUP
30,2,6,6232.51,6233,2,33,49,63.961,54.2538,BROKEUP
566,1,5049,6273.47,6274,0,82,43,41.0891,40.0637,BROKEUP
707,1,6061,6298.94,6299,0,290,52,22.4961,18.1321,BROKEUP
682,2,5842,6303.66,6304,1,269,206,35.8737,20.5021,BROKEUP
678,1,5795,6319.41,6320,1,341,281,22.778,17.6077,BROKEUP
713,2,6127,6320.93,6321,1,159,45,18.9427,17.6668,BROKEUP
619,3,5436,6325.25,6326,1,298,246,29.726,27.3992,BROKEUP
639,3,5532,6333.21,6334,1,203,97,21.0512,17.609,BROKEUP
692,1,5937,6333.69,6334,0,44,79,18.4047,20.4193,BROKEUP
680,1,5828,6334.27,6335,0,167,104,22.1491,18.293,BROKEUP
92,2,299,6338.92,6339,2,111,247,84.3144,82.5364,BROKEUP
647,1,5591,6343.46,6344,1,90,5,28.9226,26.47,BROKEUP
724,4,6247,6346.85,6347,0,313,243,29.9808,23.9051,BROKEUP
677,1,5792,6366.79,6367,1,18,26,28.3525,21.1057,BROKEUP
588,1,5174,6386.45,6387,0,135,148,28.9922,23.5791,BROKEUP
689,1,5918,6386.38,6387,1,28,303,25.3312,23.3784,BROKEUP
665,2,5720,6400.3,6401,1,158,100,27.372,24.3102,BROKEUP
388,1,3553,6402.91,6403,2,130,245,26.019,23.0956,BROKEUP
69,3,101,6420.81,6421,2,59,327,68.3516,53.4748,BROKEUP
703,1,6037,6424.96,6425,0,238,329,22.6764,23.229,BROKEUP
715,1,6145,6433.78,6434,0,147,134,20.9494,20.5835,BROKEUP
582,3,5160,6444.44,6445,1,177,180,23.1289,26.4895,BROKEUP
638,1,5531,6462.06,6463,1,23,163,20.5838,28.9586,BROKEUP
675,3,5780,6466.99,6467,0,254,200,31.5616,21.9186,BROKEUP
735,1,6329,6474.92,6475,1,55,246,28.1525,27.8074,BROKEUP
172,2,1414,6490.27,6491,2,2,321,50.8606,49.9489,BROKEUP
657,2,5653,6506.98,6507,1,344,174,27.6785,26.1299,BROKEUP
737,1,6360,6518.49,6519,0,298,243,30.2547,24.3763,BROKEUP
719,1,6189,6525.02,6526,1,318,315,18.6299,20.812,BROKEUP
708,1,6072,6527.18,6528,1,126,234,22.5793,19.0613,BROKEUP
745,2,6436,6530,6531,0,132,134,21.0448,20.8492,BROKEUP
694,2,5963,6532.34,6533,0,332,166,31.2616,24.3394,BROKEUP
688,1,5888,6538.74,6539,1,187,340,36.5428,25.1759,BROKEUP
294,2,2657,6563.45,6564,2,196,316,48.1718,45.5019,BROKEUP
753,1,6530,6576.44,6577,0,238,234,23.0929,19.1956,BROKEUP
697,3,6031,6579.37,6580,0,94,190,24.4014,24.8946,BROKEUP
711,2,6100,6597.24,6598,0,172,87,18.8052,19.4943,BROKEUP
702,1,6037,6603.54,6604,0,289,276,19.7195,24.5032,BROKEUP
729,2,6299,6606.32,6607,0,178,52,27.7448,18.9759,BROKEUP
736,1,6339,6606.44,6607,1,37,79,25.9801,21.1672,BROKEUP
691,1,5935,6611.44,6612,1,144,95,29.9054,25.0707,BROKEUP
153,3,1197,6614.23,6615,2,72,258,60.0412,57.2657,BROKEUP
699,1,6034,6614.39,6615,0,270,261,35.333,25.4502,BROKEUP
723,4,6247,6635.83,6636,0,3,220,33.5662,28.5233,BROKEUP
743,1,6398,6644.39,6645,0,235,97,24.3598,18.461,BROKEUP
763,1,6608,6668.77,6669,0,27,276,23.9711,24.6813,BROKEUP
767,1,6641,6672.4,6673,0,37,234,26.1609,19.4586,BROKEUP
720,1,6191,6679.04,6680,0,75,141,28.4336,24.1968,BROKEUP
701,2,6034,6686.64,6687,1,117,113,20.9466,18.841,BROKEUP
741,2,6388,6696.35,6697,0,183,148,30.8115,24.4285,BROKEUP
754,3,6534,6697.46,6698,1,194,166,27.3457,24.7915,BROKEUP
717,3,6155,6698.5,6699,0,1,14,29.4405,19.8813,BROKEUP
718,1,6186,6701.87,6702,0,228,299,19.9537,19.9859,BROKEUP
740,2,6380,6707.57,6708,0,341,104,23.841,19.315,BROKEUP
762,2,6603,6716.99,6717,0,167,87,23.1957,19.8203,BROKEUP
734,3,6328,6732.11,6733,0,161,45,21.0251,18.7956,BROKEUP
627,2,5471,6741.39,6742,0,118,120,21.5192,19.4674,BROKEUP
781,1,6738,6744.92,6745,1,37,141,26.3582,24.3749,BROKEUP
2,1,0,6752.43,6753,2,306,320,60.5671,55.5551,BROKEUP
777,3,6720,6754.05,6755,0,102,87,24.1536,19.9244,BROKEUP
664,3,5711,6757.77,6758,1,275,133,20.7113,20.9253,BROKEUP
670,1,5764,6760.79,6761,0,331,34,33.0872,32.4792,BROKEUP
646,3,5586,6766.02,6767,2,284,213,42.5292,41.6398,BROKEUP
641,2,5536,6769.58,6770,1,54,88,33.003,25.458,BROKEUP
39,2,12,6773.67,6774,2,73,60,89.0786,63.4123,BROKEUP
548,1,4913,6791.44,6792,2,333,57,36.4715,34.8671,BROKEUP
712,1,6105,6807.26,6808,1,77,38,21.9108,20.4373,BROKEUP
731,4,6320,6842.97,6843,0,317,21,29.9325,27.6732,BROKEUP
732,1,6320,6861.11,6862,0,29,281,23.05,19.0926,BROKEUP
749,1,6476,6872.48,6873,0,55,329,29.2429,24.4564,BROKEUP
793,2,6829,6877.16,6878,0,117,87,21.4699,20.2614,BROKEUP
759,1,6550,6878.73,6879,0,293,206,21.559,22.0774,BROKEUP
786,4,6770,6893.5,6894,0,159,14,20.5125,20.4155,BROKEUP
722,1,6202,6898.26,6899,0,51,222,27.0249,26.4401,BROKEUP
773,3,6708,6900.01,6901,0,332,148,32.2698,24.9874,BROKEUP
661,1,5696,6921.99,6922,1,204,84,31.4671,29.7971,BROKEUP
774,2,6708,6932.25,6933,0,15,104,19.7166,19.9314,BROKEUP
709,1,6074,6941.03,6942,1,81,169,26.8862,21.2591,BROKEUP
792,3,6816,6943.92,6944,1,194,88,28.0197,25.9347,BROKEUP
783,1,6762,6961.61,6962,0,126,133,23.7683,21.4842,BROKEUP
794,1,6839,6970.66,6971,0,298,220,31.4931,29.4411,BROKEUP
772,2,6700,6972.16,6973,0,254,166,32.9479,25.5449,BROKEUP
742,3,6388,6980.79,6981,1,90,303,30.6678,25.0058,BROKEUP
696,1,6030,6999.7,7000,1,39,42,31.5234,26.1605,BROKEUP
758,3,6549,7021.51,7022,1,171,134,22.1873,22.1944,BROKEUP
804,1,6923,7038.31,7039,1,55,340,29.6977,26.5458,BROKEUP
809,3,6977,7042.91,7043,0,132,169,22.4475,21.5358,BROKEUP
769,1,6687,7046.68,7047,1,3,95,34.6922,26.2625,BROKEUP
744,4,6404,7050.26,7051,0,301,100,28.934,26.0911,BROKEUP
768,2,6674,7058.27,7059,1,238,234,24.4134,20.5161,BROKEUP
728,1,6295,7059.08,7060,0,82,62,43.2426,33.0947,BROKEUP
714,2,6138,7068.34,7069,0,123,231,27.6832,27.0975,BROKEUP
776,1,6713,7082.68,7083,1,270,261,36.6152,26.7324,BROKEUP
785,1,6765,7087.76,7088,1,118,97,22.4671,19.6747,BROKEUP
679,1,5823,7088.85,7089,2,139,76,35.6175,36.5082,BROKEUP
207,2,1722,7130.64,7131,2,86,108,77.9421,50.4947,BROKEUP
757,3,6544,7136.75,7137,1,242,243,27.0349,26.0695,BROKEUP
746,2,6445,7143.09,7144,0,135,46,31.0662,30.9075,BROKEUP
813,2,7011,7168.36,7169,0,298,48,32.0355,32.9268,BROKEUP
553,1,4952,7179.08,7180,2,241,310,39.3952,36.6631,BROKEUP
414,2,3775,7209.88,7210,2,237,155,43.7091,38.0931,BROKEUP
765,1,6613,7214.13,7215,0,130,79,28.2437,22.833,BROKEUP
791,2,6816,7246.02,7247,1,312,38,20.2959,21.64,BROKEUP
