Time,NodeID,NumIndividuals,NumInfected,AvgInfectiousness,AvgParasiteDensity,AvgGametocyteDensity,AvgVariantFractionPfEMP1Major,AvgNumInfections,AvgInfectionClearedDuration,NumInfectionsCleared,NumHasFever,NumHasClinicalSymptoms,TotalUniqueGenomes,TotalUniqueBarcodes,UniqueGenomesLast_1_Years,UniqueBarcodesLast_1_Years,CurrentUniqueGenomes,CurrentUniqueBarcodes,CurrentNumInfections,NumBitesDeliveredCurrentInfections,NumBitesDeliveredMultipleCurrentInfections,NumNewInfectionsInLastYear,NumTotalRoots,FractionOfRootsPresentInLastYear,TA,AT,TT,OtherBarcodes,TA,AT,TT,OtherDrugResistance
0,4,1000,0,0,0,0,0,0,0,0,0,0,0,0,0,0,0,0,0,0,0,0,0,0,0,0,0,0,0,0,0,0
0,3,1000,0,0,0,0,0,0,0,0,0,0,0,0,0,0,0,0,0,0,0,0,0,0,0,0,0,0,0,0,0,0
0,2,1000,0,0,0,0,0,0,0,0,0,0,0,0,0,0,0,0,0,0,0,0,0,0,0,0,0,0,0,0,0,0
0,1,1000,0,0,0,0,0,0,0,0,0,0,0,0,0,0,0,0,0,0,0,0,0,0,0,0,0,0,0,0,0,0
1,4,1000,0,0,0,0,0,0,0,0,0,0,0,0,0,0,0,0,0,0,0,0,0,0,0,0,0,0,0,0,0,0
1,3,1000,0,0,0,0,0,0,0,0,0,0,0,0,0,0,0,0,0,0,0,0,0,0,0,0,0,0,0,0,0,0
1,2,1000,0,0,0,0,0,0,0,0,0,0,0,0,0,0,0,0,0,0,0,0,0,0,0,0,0,0,0,0,0,0
1,1,1000,0,0,0,0,0,0,0,0,0,0,0,0,0,0,0,0,0,0,0,0,0,0,0,0,0,0,0,0,0,0
2,4,1000,0,0,0,0,0,0,0,0,0,0,0,0,0,0,0,0,0,0,0,0,0,0,0,0,0,0,0,0,0,0
2,3,1000,0,0,0,0,0,0,0,0,0,0,0,0,0,0,0,0,0,0,0,0,0,0,0,0,0,0,0,0,0,0
2,2,1000,0,0,0,0,0,0,0,0,0,0,0,0,0,0,0,0,0,0,0,0,0,0,0,0,0,0,0,0,0,0
2,1,1000,0,0,0,0,0,0,0,0,0,0,0,0,0,0,0,0,0,0,0,0,0,0,0,0,0,0,0,0,0,0
3,4,1000,0,0,0,0,0,0,0,0,0,0,0,0,0,0,0,0,0,0,0,0,0,0,0,0,0,0,0,0,0,0
3,3,1000,0,0,0,0,0,0,0,0,0,0,0,0,0,0,0,0,0,0,0,0,0,0,0,0,0,0,0,0,0,0
3,2,1000,0,0,0,0,0,0,0,0,0,0,0,0,0,0,0,0,0,0,0,0,0,0,0,0,0,0,0,0,0,0
3,1,1000,0,0,0,0,0,0,0,0,0,0,0,0,0,0,0,0,0,0,0,0,0,0,0,0,0,0,0,0,0,0
4,4,1000,0,0,0,0,0,0,0,0,0,0,0,0,0,0,0,0,0,0,0,0,0,0,0,0,0,0,0,0,0,0
4,3,1000,0,0,0,0,0,0,0,0,0,0,0,0,0,0,0,0,0,0,0,0,0,0,0,0,0,0,0,0,0,0
4,2,1000,0,0,0,0,0,0,0,0,0,0,0,0,0,0,0,0,0,0,0,0,0,0,0,0,0,0,0,0,0,0
4,1,1000,0,0,0,0,0,0,0,0,0,0,0,0,0,0,0,0,0,0,0,0,0,0,0,0,0,0,0,0,0,0
5,4,1000,0,0,0,0,0,0,0,0,0,0,0,0,0,0,0,0,0,0,0,0,0,0,0,0,0,0,0,0,0,0
5,3,1000,0,0,0,0,0,0,0,0,0,0,0,0,0,0,0,0,0,0,0,0,0,0,0,0,0,0,0,0,0,0
5,2,1000,0,0,0,0,0,0,0,0,0,0,0,0,0,0,0,0,0,0,0,0,0,0,0,0,0,0,0,0,0,0
5,1,1000,0,0,0,0,0,0,0,0,0,0,0,0,0,0,0,0,0,0,0,0,0,0,0,0,0,0,0,0,0,0
6,4,1000,0,0,0,0,0,0,0,0,0,0,0,0,0,0,0,0,0,0,0,0,0,0,0,0,0,0,0,0,0,0
6,3,1000,0,0,0,0,0,0,0,0,0,0,0,0,0,0,0,0,0,0,0,0,0,0,0,0,0,0,0,0,0,0
6,2,1000,0,0,0,0,0,0,0,0,0,0,0,0,0,0,0,0,0,0,0,0,0,0,0,0,0,0,0,0,0,0
6,1,1000,0,0,0,0,0,0,0,0,0,0,0,0,0,0,0,0,0,0,0,0,0,0,0,0,0,0,0,0,0,0
7,4,1000,0,0,0,0,0,0,0,0,0,0,0,0,0,0,0,0,0,0,0,0,0,0,0,0,0,0,0,0,0,0
7,3,1000,0,0,0,0,0,0,0,0,0,0,0,0,0,0,0,0,0,0,0,0,0,0,0,0,0,0,0,0,0,0
7,2,1000,0,0,0,0,0,0,0,0,0,0,0,0,0,0,0,0,0,0,0,0,0,0,0,0,0,0,0,0,0,0
7,1,1000,0,0,0,0,0,0,0,0,0,0,0,0,0,0,0,0,0,0,0,0,0,0,0,0,0,0,0,0,0,0
8,4,1000,0,0,0,0,0,0,0,0,0,0,0,0,0,0,0,0,0,0,0,0,0,0,0,0,0,0,0,0,0,0
8,3,1000,0,0,0,0,0,0,0,0,0,0,0,0,0,0,0,0,0,0,0,0,0,0,0,0,0,0,0,0,0,0
8,2,1000,0,0,0,0,0,0,0,0,0,0,0,0,0,0,0,0,0,0,0,0,0,0,0,0,0,0,0,0,0,0
8,1,1000,0,0,0,0,0,0,0,0,0,0,0,0,0,0,0,0,0,0,0,0,0,0,0,0,0,0,0,0,0,0
9,4,1000,0,0,0,0,0,0,0,0,0,0,0,0,0,0,0,0,0,0,0,0,0,0,0,0,0,0,0,0,0,0
9,3,1000,0,0,0,0,0,0,0,0,0,0,0,0,0,0,0,0,0,0,0,0,0,0,0,0,0,0,0,0,0,0
9,2,1000,0,0,0,0,0,0,0,0,0,0,0,0,0,0,0,0,0,0,0,0,0,0,0,0,0,0,0,0,0,0
9,1,1000,0,0,0,0,0,0,0,0,0,0,0,0,0,0,0,0,0,0,0,0,0,0,0,0,0,0,0,0,0,0
10,4,1000,1000,0,0,0,0,1,0,0,0,0,1000,1,1000,1,1000,1,1000,0,0,4000,4000,1,0,0,1000,0,0,0,1000,0
10,3,1000,1000,0,0,0,0,1,0,0,0,0,2000,2,2000,2,1000,1,1000,0,0,4000,4000,1,0,1000,0,0,0,1000,0,0
10,2,1000,1000,0,0,0,0,1,0,0,0,0,3000,3,3000,3,1000,1,1000,0,0,4000,4000,1,1000,0,0,0,1000,0,0,0
10,1,1000,1000,0,0,0,0,1,0,0,0,0,4000,4,4000,4,1000,1,1000,0,0,4000,4000,1,0,0,0,1000,0,0,0,1000
11,4,1000,1000,0,0,0,0,1,0,0,0,0,4000,4,4000,4,1000,1,1000,0,0,4000,4000,1,0,0,1000,0,0,0,1000,0
11,3,1000,1000,0,0,0,0,1,0,0,0,0,4000,4,4000,4,1000,1,1000,0,0,4000,4000,1,0,1000,0,0,0,1000,0,0
11,2,1000,1000,0,0,0,0,1,0,0,0,0,4000,4,4000,4,1000,1,1000,0,0,4000,4000,1,1000,0,0,0,1000,0,0,0
11,1,1000,1000,0,0,0,0,1,0,0,0,0,4000,4,4000,4,1000,1,1000,0,0,4000,4000,1,0,0,0,1000,0,0,0,1000
12,4,1000,1000,0,0,0,0,1,0,0,0,0,4000,4,4000,4,1000,1,1000,0,0,4000,4000,1,0,0,1000,0,0,0,1000,0
12,3,1000,1000,0,0,0,0,1,0,0,0,0,4000,4,4000,4,1000,1,1000,0,0,4000,4000,1,0,1000,0,0,0,1000,0,0
12,2,1000,1000,0,0,0,0,1,0,0,0,0,4000,4,4000,4,1000,1,1000,0,0,4000,4000,1,1000,0,0,0,1000,0,0,0
12,1,1000,1000,0,0,0,0,1,0,0,0,0,4000,4,4000,4,1000,1,1000,0,0,4000,4000,1,0,0,0,1000,0,0,0,1000
13,4,1000,1000,0,0,0,0,1,0,0,0,0,4000,4,4000,4,1000,1,1000,0,0,4000,4000,1,0,0,1000,0,0,0,1000,0
13,3,1000,1000,0,0,0,0,1,0,0,0,0,4000,4,4000,4,1000,1,1000,0,0,4000,4000,1,0,1000,0,0,0,1000,0,0
13,2,1000,1000,0,0,0,0,1,0,0,0,0,4000,4,4000,4,1000,1,1000,0,0,4000,4000,1,1000,0,0,0,1000,0,0,0
13,1,1000,1000,0,0,0,0,1,0,0,0,0,4000,4,4000,4,1000,1,1000,0,0,4000,4000,1,0,0,0,1000,0,0,0,1000
14,4,1000,1000,0,0,0,0,1,0,0,0,0,4000,4,4000,4,1000,1,1000,0,0,4000,4000,1,0,0,1000,0,0,0,1000,0
14,3,1000,1000,0,0,0,0,1,0,0,0,0,4000,4,4000,4,1000,1,1000,0,0,4000,4000,1,0,1000,0,0,0,1000,0,0
14,2,1000,1000,0,0,0,0,1,0,0,0,0,4000,4,4000,4,1000,1,1000,0,0,4000,4000,1,1000,0,0,0,1000,0,0,0
14,1,1000,1000,0,0,0,0,1,0,0,0,0,4000,4,4000,4,1000,1,1000,0,0,4000,4000,1,0,0,0,1000,0,0,0,1000
15,4,1000,1000,0,0,0,0,1,0,0,0,0,4000,4,4000,4,1000,1,1000,0,0,4000,4000,1,0,0,1000,0,0,0,1000,0
15,3,1000,1000,0,0,0,0,1,0,0,0,0,4000,4,4000,4,1000,1,1000,0,0,4000,4000,1,0,1000,0,0,0,1000,0,0
15,2,1000,1000,0,0,0,0,1,0,0,0,0,4000,4,4000,4,1000,1,1000,0,0,4000,4000,1,1000,0,0,0,1000,0,0,0
15,1,1000,1000,0,0,0,0,1,0,0,0,0,4000,4,4000,4,1000,1,1000,0,0,4000,4000,1,0,0,0,1000,0,0,0,1000
16,4,1000,1000,0,0.0129895,0,0.0165699,1,0,0,0,0,4000,4,4000,4,1000,1,1000,0,0,4000,4000,1,0,0,1000,0,0,0,1000,0
16,3,1000,1000,0,0.0126669,0,0.0165399,1,0,0,0,0,4000,4,4000,4,1000,1,1000,0,0,4000,4000,1,0,1000,0,0,0,1000,0,0
16,2,1000,1000,0,0.0122374,0,0.0165266,1,0,0,0,0,4000,4,4000,4,1000,1,1000,0,0,4000,4000,1,1000,0,0,0,1000,0,0,0
16,1,1000,1000,0,0.0124916,0,0.0165799,1,0,0,0,0,4000,4,4000,4,1000,1,1000,0,0,4000,4000,1,0,0,0,1000,0,0,0,1000
17,4,1000,1000,0,0.0129838,0,0.0165699,1,0,0,0,0,4000,4,4000,4,1000,1,1000,0,0,4000,4000,1,0,0,1000,0,0,0,1000,0
17,3,1000,1000,0,0.0126614,0,0.0165399,1,0,0,0,0,4000,4,4000,4,1000,1,1000,0,0,4000,4000,1,0,1000,0,0,0,1000,0,0
17,2,1000,1000,0,0.0122326,0,0.0165266,1,0,0,0,0,4000,4,4000,4,1000,1,1000,0,0,4000,4000,1,1000,0,0,0,1000,0,0,0
17,1,1000,1000,0,0.0124863,0,0.0165799,1,0,0,0,0,4000,4,4000,4,1000,1,1000,0,0,4000,4000,1,0,0,0,1000,0,0,0,1000
18,4,1000,1000,0,0.206186,0,0.0165699,1,0,0,0,0,4000,4,4000,4,1000,1,1000,0,0,4000,4000,1,0,0,1000,0,0,0,1000,0
18,3,1000,1000,0,0.201066,0,0.0165399,1,0,0,0,0,4000,4,4000,4,1000,1,1000,0,0,4000,4000,1,0,1000,0,0,0,1000,0,0
18,2,1000,1000,0,0.194272,0,0.0165266,1,0,0,0,0,4000,4,4000,4,1000,1,1000,0,0,4000,4000,1,1000,0,0,0,1000,0,0,0
18,1,1000,1000,0,0.198288,0,0.0165799,1,0,0,0,0,4000,4,4000,4,1000,1,1000,0,0,4000,4000,1,0,0,0,1000,0,0,0,1000
19,4,1000,1000,0,0.206096,0,0.0165699,1,0,0,0,0,4000,4,4000,4,1000,1,1000,0,0,4000,4000,1,0,0,1000,0,0,0,1000,0
19,3,1000,1000,0,0.200979,0,0.0165399,1,0,0,0,0,4000,4,4000,4,1000,1,1000,0,0,4000,4000,1,0,1000,0,0,0,1000,0,0
19,2,1000,1000,0,0.194195,0,0.0165266,1,0,0,0,0,4000,4,4000,4,1000,1,1000,0,0,4000,4000,1,1000,0,0,0,1000,0,0,0
19,1,1000,1000,0,0.198204,0,0.0165799,1,0,0,0,0,4000,4,4000,4,1000,1,1000,0,0,4000,4000,1,0,0,0,1000,0,0,0,1000
20,4,1000,1000,0,3.20732,0,0.0165699,1,0,0,0,0,4000,4,4000,4,1000,1,1000,0,0,4000,4000,1,0,0,1000,0,0,0,1000,0
20,3,1000,1000,0,3.12769,0,0.0165399,1,0,0,0,0,4000,4,4000,4,1000,1,1000,0,0,4000,4000,1,0,1000,0,0,0,1000,0,0
20,2,1000,1000,0,3.02236,0,0.0165266,1,0,0,0,0,4000,4,4000,4,1000,1,1000,0,0,4000,4000,1,1000,0,0,0,1000,0,0,0
20,1,1000,1000,0,3.08456,0,0.0165799,1,0,0,0,0,4000,4,4000,4,1000,1,1000,0,0,4000,4000,1,0,0,0,1000,0,0,0,1000
21,4,1000,1000,0,3.20593,0,0.0165699,1,0,0,0,0,4000,4,4000,4,1000,1,1000,0,0,4000,4000,1,0,0,1000,0,0,0,1000,0
21,3,1000,1000,0,3.12635,0,0.0165399,1,0,0,0,0,4000,4,4000,4,1000,1,1000,0,0,4000,4000,1,0,1000,0,0,0,1000,0,0
21,2,1000,1000,0,3.02118,0,0.0165266,1,0,0,0,0,4000,4,4000,4,1000,1,1000,0,0,4000,4000,1,1000,0,0,0,1000,0,0,0
21,1,1000,1000,0,3.08325,0,0.0165799,1,0,0,0,0,4000,4,4000,4,1000,1,1000,0,0,4000,4000,1,0,0,0,1000,0,0,0,1000
22,4,1000,1000,0,49.8896,0,0.0165699,1,0,0,0,0,4000,4,4000,4,1000,1,1000,0,0,4000,4000,1,0,0,1000,0,0,0,1000,0
22,3,1000,1000,0,48.6513,0,0.0165399,1,0,0,0,0,4000,4,4000,4,1000,1,1000,0,0,4000,4000,1,0,1000,0,0,0,1000,0,0
22,2,1000,1000,0,47.0185,0,0.0165266,1,0,0,0,0,4000,4,4000,4,1000,1,1000,0,0,4000,4000,1,1000,0,0,0,1000,0,0,0
22,1,1000,1000,0,47.9813,0,0.0165799,1,0,0,0,0,4000,4,4000,4,1000,1,1000,0,0,4000,4000,1,0,0,0,1000,0,0,0,1000
23,4,1000,1000,0,49.8679,0,0.0165699,1,0,0,0,0,4000,4,4000,4,1000,1,1000,0,0,4000,4000,1,0,0,1000,0,0,0,1000,0
23,3,1000,1000,0,48.6303,0,0.0165399,1,0,0,0,0,4000,4,4000,4,1000,1,1000,0,0,4000,4000,1,0,1000,0,0,0,1000,0,0
23,2,1000,1000,0,47.0002,0,0.0165266,1,0,0,0,0,4000,4,4000,4,1000,1,1000,0,0,4000,4000,1,1000,0,0,0,1000,0,0,0
23,1,1000,1000,0,47.9611,0,0.0165799,1,0,0,0,0,4000,4,4000,4,1000,1,1000,0,0,4000,4000,1,0,0,0,1000,0,0,0,1000
24,4,1000,1000,0,776.012,0,0.0165699,1,0,0,192,192,4000,4,4000,4,1000,1,1000,0,0,4000,4000,1,0,0,1000,0,0,0,1000,0
24,3,1000,1000,0,756.755,0,0.0165399,1,0,0,179,179,4000,4,4000,4,1000,1,1000,0,0,4000,4000,1,0,1000,0,0,0,1000,0,0
24,2,1000,1000,0,731.449,0,0.0165266,1,0,0,174,174,4000,4,4000,4,1000,1,1000,0,0,4000,4000,1,1000,0,0,0,1000,0,0,0
24,1,1000,1000,0,746.352,0,0.0165799,1,0,0,173,173,4000,4,4000,4,1000,1,1000,0,0,4000,4000,1,0,0,0,1000,0,0,0,1000
25,4,1000,1000,0,748.102,0,0.0165699,1,0,0,570,570,4000,4,4000,4,1000,1,1000,0,0,4000,4000,1,0,0,1000,0,0,0,1000,0
25,3,1000,1000,0,730.224,0,0.0165399,1,0,0,583,583,4000,4,4000,4,1000,1,1000,0,0,4000,4000,1,0,1000,0,0,0,1000,0,0
25,2,1000,1000,0,708.606,0,0.0165266,1,0,0,569,569,4000,4,4000,4,1000,1,1000,0,0,4000,4000,1,1000,0,0,0,1000,0,0,0
25,1,1000,1000,0,720.943,0,0.0165799,1,0,0,566,566,4000,4,4000,4,1000,1,1000,0,0,4000,4000,1,0,0,0,1000,0,0,0,1000
26,4,1000,1000,0,10502.2,0,0.0165699,1,0,0,1000,1000,4000,4,4000,4,1000,1,1000,0,0,4000,4000,1,0,0,1000,0,0,0,1000,0
26,3,1000,1000,0,10265.9,0,0.0165399,1,0,0,1000,1000,4000,4,4000,4,1000,1,1000,0,0,4000,4000,1,0,1000,0,0,0,1000,0,0
26,2,1000,1000,0,10098.3,0,0.0165266,1,0,0,1000,1000,4000,4,4000,4,1000,1,1000,0,0,4000,4000,1,1000,0,0,0,1000,0,0,0
26,1,1000,1000,0,10169.9,0,0.0165799,1,0,0,1000,1000,4000,4,4000,4,1000,1,1000,0,0,4000,4000,1,0,0,0,1000,0,0,0,1000
27,4,1000,1000,0,7004.69,0,0.0165699,1,0,0,1000,1000,4000,4,4000,4,1000,1,1000,0,0,4000,4000,1,0,0,1000,0,0,0,1000,0
27,3,1000,1000,0,6920.39,0,0.0165399,1,0,0,1000,1000,4000,4,4000,4,1000,1,1000,0,0,4000,4000,1,0,1000,0,0,0,1000,0,0
27,2,1000,1000,0,6844.76,0,0.0165266,1,0,0,1000,1000,4000,4,4000,4,1000,1,1000,0,0,4000,4000,1,1000,0,0,0,1000,0,0,0
27,1,1000,1000,0,6877.75,0,0.0165799,1,0,0,1000,1000,4000,4,4000,4,1000,1,1000,0,0,4000,4000,1,0,0,0,1000,0,0,0,1000
28,4,1000,1000,0,56330.8,0,0.0165699,1,0,0,1000,1000,4000,4,4000,4,1000,1,1000,0,0,4000,4000,1,0,0,1000,0,0,0,1000,0
28,3,1000,1000,0,55742.7,0,0.0165399,1,0,0,1000,1000,4000,4,4000,4,1000,1,1000,0,0,4000,4000,1,0,1000,0,0,0,1000,0,0
28,2,1000,1000,0,55208.2,0,0.0165266,1,0,0,1000,1000,4000,4,4000,4,1000,1,1000,0,0,4000,4000,1,1000,0,0,0,1000,0,0,0
28,1,1000,1000,0,55459.9,0,0.0165799,1,0,0,1000,1000,4000,4,4000,4,1000,1,1000,0,0,4000,4000,1,0,0,0,1000,0,0,0,1000
29,4,1000,1000,0,24959.1,0,0.0165699,1,0,0,504,1000,4000,4,4000,4,1000,1,1000,0,0,4000,4000,1,0,0,1000,0,0,0,1000,0
29,3,1000,1000,0,24794.6,0,0.0165399,1,0,0,505,1000,4000,4,4000,4,1000,1,1000,0,0,4000,4000,1,0,1000,0,0,0,1000,0,0
29,2,1000,1000,0,24675.6,0,0.0165266,1,0,0,504,1000,4000,4,4000,4,1000,1,1000,0,0,4000,4000,1,1000,0,0,0,1000,0,0,0
29,1,1000,1000,0,24723.5,0,0.0165799,1,0,0,518,1000,4000,4,4000,4,1000,1,1000,0,0,4000,4000,1,0,0,0,1000,0,0,0,1000
30,4,1000,1000,0,106308,0,0.0165699,1,0,0,1000,1000,4000,4,4000,4,1000,1,1000,0,0,4000,4000,1,0,0,1000,0,0,0,1000,0
30,3,1000,1000,0,75643.2,0,0.0165399,1,0,0,1000,1000,4000,4,4000,4,1000,1,1000,0,0,4000,4000,1,0,1000,0,0,0,1000,0,0
30,2,1000,1000,0,38278.3,0,0.0165266,1,0,0,1000,1000,4000,4,4000,4,1000,1,1000,0,0,4000,4000,1,1000,0,0,0,1000,0,0,0
30,1,1000,1000,0,9845.07,0,0.0165799,1,0,0,1000,1000,4000,4,4000,4,1000,1,1000,0,0,4000,4000,1,0,0,0,1000,0,0,0,1000
31,4,1000,1000,5.40135e-05,20662.3,0.0651432,0.0165699,1,0,0,0,1000,4000,4,4000,4,1000,1,1000,0,0,4000,4000,1,0,0,1000,0,0,0,1000,0
31,3,1000,1000,5.43598e-05,9870.59,0.0635279,0.0165399,1,0,0,0,1000,4000,4,4000,4,1000,1,1000,0,0,4000,4000,1,0,1000,0,0,0,1000,0,0
31,2,1000,1000,5.77072e-05,2242.65,0.0614153,0.0165266,1,0,0,0,1000,4000,4,4000,4,1000,1,1000,0,0,4000,4000,1,1000,0,0,0,1000,0,0,0
31,1,1000,1000,8.35131e-05,117.37,0.0626572,0.0165799,1,0,0,0,1000,4000,4,4000,4,1000,1,1000,0,0,4000,4000,1,0,0,0,1000,0,0,0,1000
32,4,1000,1000,0.00027887,55159.8,0.0493603,0.0165699,1,0,0,1000,1000,4000,4,4000,4,1000,1,1000,0,0,4000,4000,1,0,0,1000,0,0,0,1000,0
32,3,1000,1000,0.000277851,17498,0.0481363,0.0165399,1,0,0,1000,1000,4000,4,4000,4,1000,1,1000,0,0,4000,4000,1,0,1000,0,0,0,1000,0,0
32,2,1000,1000,0.000285852,1748.68,0.0465377,0.0165266,1,0,0,0,983,4000,4,4000,4,1000,1,1000,0,0,4000,4000,1,1000,0,0,0,1000,0,0,0
32,1,1000,1000,0.000361278,17.7177,0.0474749,0.0165799,1,0,0,0,0,4000,4,4000,4,1000,1,1000,0,0,4000,4000,1,0,0,0,1000,0,0,0,1000
33,4,1000,1000,0.000966857,8254.89,1.05074,0.0165699,1,0,0,0,1000,4000,4,4000,4,1000,1,1000,0,0,4000,4000,1,0,0,1000,0,0,0,1000,0
33,3,1000,1000,0.00126732,1773.65,1.02469,0.0165399,1,0,0,0,1000,4000,4,4000,4,1000,1,1000,0,0,4000,4000,1,0,1000,0,0,0,1000,0,0
33,2,1000,1000,0.00405858,79.9372,0.99073,0.0165266,1,0,0,0,0,4000,4,4000,4,1000,1,1000,0,0,4000,4000,1,1000,0,0,0,1000,0,0,0
33,1,1000,1000,0.0138993,0.160558,1.01067,0.0165799,1,0,0,0,0,4000,4,4000,4,1000,1,1000,0,0,4000,4000,1,0,0,0,1000,0,0,0,1000
34,4,1000,1000,0.00480731,18063.6,0.796186,0.0165699,1,0,0,1000,1000,4000,4,4000,4,1000,1,1000,0,0,4000,4000,1,0,0,1000,0,0,0,1000,0
34,3,1000,1000,0.00563498,2602.06,0.776446,0.0165399,1,0,0,0,999,4000,4,4000,4,1000,1,1000,0,0,4000,4000,1,0,1000,0,0,0,1000,0,0
34,2,1000,1000,0.0092405,52.7897,0.750756,0.0165266,1,0,0,0,0,4000,4,4000,4,1000,1,1000,0,0,4000,4000,1,1000,0,0,0,1000,0,0,0
34,1,1000,1000,0.0119514,0.0221382,0.765806,0.0165799,1,0,0,0,0,4000,4,4000,4,1000,1,1000,0,0,4000,4000,1,0,0,0,1000,0,0,0,1000
35,4,1000,1000,0.020681,2266.46,16.3655,0.0165699,1,0,0,0,1000,4000,4,4000,4,1000,1,1000,0,0,4000,4000,1,0,0,1000,0,0,0,1000,0
35,3,1000,1000,0.0547575,224.008,15.9599,0.0165399,1,0,0,0,831,4000,4,4000,4,1000,1,1000,0,0,4000,4000,1,0,1000,0,0,0,1000,0,0
35,2,1000,1000,0.18614,2.10397,15.4329,0.0165266,1,0,0,0,0,4000,4,4000,4,1000,1,1000,0,0,4000,4000,1,1000,0,0,0,1000,0,0,0
35,1,1000,1000,0.206705,0.0001974,15.7419,0.0165799,1,0,0,0,0,4000,4,4000,4,1000,1,1000,0,0,4000,4000,1,0,0,0,1000,0,0,0,1000
36,4,1000,1000,0.0853612,4177.31,12.4005,0.0165699,1,0,0,672,1000,4000,4,4000,4,1000,1,1000,0,0,4000,4000,1,0,0,1000,0,0,0,1000,0
36,3,1000,1000,0.127234,280.421,12.0933,0.0165399,1,0,0,0,0,4000,4,4000,4,1000,1,1000,0,0,4000,4000,1,0,1000,0,0,0,1000,0,0
36,2,1000,1000,0.160467,1.2482,11.6944,0.0165266,1,0,0,0,0,4000,4,4000,4,1000,1,1000,0,0,4000,4000,1,1000,0,0,0,1000,0,0,0
36,1,1000,1000,0.163867,2.73715e-05,11.9283,0.0165799,1,0,0,0,0,4000,4,4000,4,1000,1,1000,0,0,4000,4000,1,0,0,0,1000,0,0,0,1000
37,4,1000,1000,0.411694,471.464,227.825,0.0165699,1,0,0,0,986,4000,4,4000,4,1000,1,1000,0,0,4000,4000,1,0,0,1000,0,0,0,1000,0
37,3,1000,1000,0.814045,21.656,222.487,0.0165399,1,0,0,0,0,4000,4,4000,4,1000,1,1000,0,0,4000,4000,1,0,1000,0,0,0,1000,0,0
37,2,1000,1000,0.914304,0.0461821,218.167,0.0165266,1,0,0,0,0,4000,4,4000,4,1000,1,1000,0,0,4000,4000,1,1000,0,0,0,1000,0,0,0
37,1,1000,1000,0.913373,2.50557e-07,220.211,0.0165799,1,0,0,0,0,4000,4,4000,4,1000,1,1000,0,0,4000,4000,1,0,0,0,1000,0,0,0,1000
38,4,1000,1000,0.741624,800.181,172.637,0.0165699,1,0,0,0,0,4000,4,4000,4,1000,1,1000,0,0,4000,4000,1,0,0,1000,0,0,0,1000,0
38,3,1000,1000,0.843511,25.4179,168.593,0.0165399,1,0,0,0,0,4000,4,4000,4,1000,1,1000,0,0,4000,4000,1,0,1000,0,0,0,1000,0,0
38,2,1000,1000,0.857646,0.0263601,165.325,0.0165266,1,0,0,0,0,4000,4,4000,4,1000,1,1000,0,0,4000,4000,1,1000,0,0,0,1000,0,0,0
38,1,1000,1000,0.855418,3.47603e-08,166.87,0.0165799,1,0,0,0,0,4000,4,4000,4,1000,1,1000,0,0,4000,4000,1,0,0,0,1000,0,0,0,1000
39,4,1000,1000,0.99896,85.7617,1381.46,0.0165699,1,0,0,0,0,4000,4,4000,4,1000,1,1000,0,0,4000,4000,1,0,0,1000,0,0,0,1000,0
39,3,1000,1000,1,1.90267,1365.42,0.0165399,1,0,0,0,0,4000,4,4000,4,1000,1,1000,0,0,4000,4000,1,0,1000,0,0,0,1000,0,0
39,2,1000,1000,1,0.000975485,1350.81,0.0165266,1,0,0,0,0,4000,4,4000,4,1000,1,1000,0,0,4000,4000,1,1000,0,0,0,1000,0,0,0
39,1,1000,1000,1,3.69731e-10,1357.67,0.0165799,1,0,0,0,0,4000,4,4000,4,1000,1,1000,0,0,4000,4000,1,0,0,0,1000,0,0,0,1000
40,4,1000,1000,0.999983,141.408,1046.9,0.0165699,1,0,0,0,0,4000,4,4000,4,1000,1,1000,0,0,4000,4000,1,0,0,1000,0,0,0,1000,0
40,3,1000,1000,0.999999,2.21963,1034.75,0.0165399,1,0,0,0,0,4000,4,4000,4,1000,1,1000,0,0,4000,4000,1,0,1000,0,0,0,1000,0,0
40,2,1000,1000,0.999999,0.000572488,1023.71,0.0165266,1,0,0,0,0,4000,4,4000,4,1000,1,1000,0,0,4000,4000,1,1000,0,0,0,1000,0,0,0
40,1,1000,1000,0.999999,4.43577e-09,1028.89,0.0165799,1,0,0,0,0,4000,4,4000,4,1000,1,1000,0,0,4000,4000,1,0,0,0,1000,0,0,0,1000
41,4,1000,1000,1,14.971,3386.01,0.0165699,1,0,0,0,0,4000,4,4000,4,1000,1,1000,0,0,4000,4000,1,0,0,1000,0,0,0,1000,0
41,3,1000,1000,1,0.168248,2718.54,0.0165399,1,0,0,0,0,4000,4,4000,4,1000,1,1000,0,0,4000,4000,1,0,1000,0,0,0,1000,0,0
41,2,1000,1000,1,2.23861e-05,1853.8,0.0165266,1,0,0,0,0,4000,4,4000,4,1000,1,1000,0,0,4000,4000,1,1000,0,0,0,1000,0,0,0
41,1,1000,1000,1,0,1115.67,0.0165799,1,0,0,0,0,4000,4,4000,4,1000,1,1000,0,0,4000,4000,1,0,0,0,1000,0,0,0,1000
42,4,1000,1000,1,24.6835,2566.13,0.0165699,1,0,0,0,0,4000,4,4000,4,1000,1,1000,0,0,4000,4000,1,0,0,1000,0,0,0,1000,0
42,3,1000,1000,1,0.201537,2060.28,0.0165399,1,0,0,0,0,4000,4,4000,4,1000,1,1000,0,0,4000,4000,1,0,1000,0,0,0,1000,0,0
42,2,1000,1000,1,1.30822e-05,1404.94,0.0165266,1,0,0,0,0,4000,4,4000,4,1000,1,1000,0,0,4000,4000,1,1000,0,0,0,1000,0,0,0
42,1,1000,1000,0.999992,0,845.51,0.0165799,1,0,0,0,0,4000,4,4000,4,1000,1,1000,0,0,4000,4000,1,0,0,0,1000,0,0,0,1000
43,4,1000,1000,1,2.63604,3353.3,0.0165699,1,0,0,0,0,4000,4,4000,4,1000,1,1000,0,0,4000,4000,1,0,0,1000,0,0,0,1000,0
43,3,1000,1000,1,0.0158413,2031.72,0.0165399,1,0,0,0,0,4000,4,4000,4,1000,1,1000,0,0,4000,4000,1,0,1000,0,0,0,1000,0,0
43,2,1000,1000,1,5.29562e-07,1116.85,0.0165266,1,0,0,0,0,4000,4,4000,4,1000,1,1000,0,0,4000,4000,1,1000,0,0,0,1000,0,0,0
43,1,1000,1000,0.999827,0,641.415,0.0165799,1,0,0,0,0,4000,4,4000,4,1000,1,1000,0,0,4000,4000,1,0,0,0,1000,0,0,0,1000
44,4,1000,1000,1,4.41133,2541.4,0.0165699,1,0,0,0,0,4000,4,4000,4,1000,1,1000,0,0,4000,4000,1,0,0,1000,0,0,0,1000,0
44,3,1000,1000,1,0.0198006,1539.78,0.0165399,1,0,0,0,0,4000,4,4000,4,1000,1,1000,0,0,4000,4000,1,0,1000,0,0,0,1000,0,0
44,2,1000,1000,0.999998,2.6178e-07,846.426,0.0165266,1,0,0,0,0,4000,4,4000,4,1000,1,1000,0,0,4000,4000,1,1000,0,0,0,1000,0,0,0
44,1,1000,623,0.621818,0,251.836,0.0165799,1,35,377,0,0,4000,4,4000,4,623,1,623,0,0,4000,4000,1,0,0,0,623,0,0,0,623
45,4,1000,1000,1,0.480106,2398.75,0.0165699,1,0,0,0,0,4000,4,4000,4,1000,1,1000,0,0,4000,4000,1,0,0,1000,0,0,0,1000,0
45,3,1000,1000,1,0.0016336,1238.53,0.0165399,1,0,0,0,0,4000,4,4000,4,1000,1,1000,0,0,4000,4000,1,0,1000,0,0,0,1000,0,0
45,2,1000,1000,0.999902,1.09399e-08,643.084,0.0165266,1,0,0,0,0,4000,4,4000,4,1000,1,1000,0,0,4000,4000,1,1000,0,0,0,1000,0,0,0
45,1,1000,623,0.617747,0,190.892,0.0165799,1,0,0,0,0,4000,4,4000,4,623,1,623,0,0,4000,4000,1,0,0,0,623,0,0,0,623
46,4,1000,1000,1,0.820882,1817.99,0.0165699,1,0,0,0,0,4000,4,4000,4,1000,1,1000,0,0,4000,4000,1,0,0,1000,0,0,0,1000,0
46,3,1000,1000,1,0.00214491,938.654,0.0165399,1,0,0,0,0,4000,4,4000,4,1000,1,1000,0,0,4000,4000,1,0,1000,0,0,0,1000,0,0
46,2,1000,1000,0.999178,7.29797e-09,487.376,0.0165266,1,0,0,0,0,4000,4,4000,4,1000,1,1000,0,0,4000,4000,1,1000,0,0,0,1000,0,0,0
46,1,1000,0,0,0,0,0.0165799,0,37,623,0,0,4000,4,4000,4,0,0,0,0,0,4000,4000,1,0,0,0,0,0,0,0,0
47,4,1000,1000,1,0.0914088,1489.26,0.0165699,1,0,0,0,0,4000,4,4000,4,1000,1,1000,0,0,4000,4000,1,0,0,1000,0,0,0,1000,0
47,3,1000,1000,0.999985,0.000186159,719.232,0.0165399,1,0,0,0,0,4000,4,4000,4,1000,1,1000,0,0,4000,4000,1,0,1000,0,0,0,1000,0,0
47,2,1000,1000,0.995763,5.21116e-10,369.407,0.0165266,1,0,0,0,0,4000,4,4000,4,1000,1,1000,0,0,4000,4000,1,1000,0,0,0,1000,0,0,0
47,1,1000,0,0,0,0,0.0165799,0,0,0,0,0,4000,4,4000,4,0,0,0,0,0,4000,4000,1,0,0,0,0,0,0,0,0
48,4,1000,1000,1,0.159965,1128.7,0.0165699,1,0,0,0,0,4000,4,4000,4,1000,1,1000,0,0,4000,4000,1,0,0,1000,0,0,0,1000,0
48,3,1000,1000,0.999757,0.000255676,545.091,0.0165399,1,0,0,0,0,4000,4,4000,4,1000,1,1000,0,0,4000,4000,1,0,1000,0,0,0,1000,0,0
48,2,1000,997,0.981999,0,278.752,0.0165266,1,39,3,0,0,4000,4,4000,4,997,1,997,0,0,4000,4000,1,997,0,0,0,997,0,0,0
48,1,1000,0,0,0,0,0.0165799,0,0,0,0,0,4000,4,4000,4,0,0,0,0,0,4000,4000,1,0,0,0,0,0,0,0,0
49,4,1000,1000,1,0.0182306,876.959,0.0165699,1,0,0,0,0,4000,4,4000,4,1000,1,1000,0,0,4000,4000,1,0,0,1000,0,0,0,1000,0
49,3,1000,1000,0.998305,2.30587e-05,413.828,0.0165399,1,0,0,0,0,4000,4,4000,4,1000,1,1000,0,0,4000,4000,1,0,1000,0,0,0,1000,0,0
49,2,1000,997,0.95717,0,211.26,0.0165266,1,0,0,0,0,4000,4,4000,4,997,1,997,0,0,4000,4000,1,997,0,0,0,997,0,0,0
49,1,1000,0,0,0,0,0.0165799,0,0,0,0,0,4000,4,4000,4,0,0,0,0,0,4000,4000,1,0,0,0,0,0,0,0,0
50,4,1000,1000,0.999978,0.0326379,664.642,0.0165699,1,0,0,0,0,4000,4,4000,4,1000,1,1000,0,0,4000,4000,1,0,0,1000,0,0,0,1000,0
50,3,1000,1000,0.992353,3.12822e-05,313.631,0.0165399,1,0,0,0,0,4000,4,4000,4,1000,1,1000,0,0,4000,4000,1,0,1000,0,0,0,1000,0,0
50,2,1000,230,0.204151,0,31.5335,0.0165266,1,41,767,0,0,4000,4,4000,4,230,1,230,0,0,4000,4000,1,230,0,0,0,230,0,0,0
50,1,1000,0,0,0,0,0.0165799,0,0,0,0,0,4000,4,4000,4,0,0,0,0,0,4000,4000,1,0,0,0,0,0,0,0,0
51,4,1000,1000,0.999673,0.0038013,507.542,0.0165699,1,0,0,0,0,4000,4,4000,4,1000,1,1000,0,0,4000,4000,1,0,0,1000,0,0,0,1000,0
51,3,1000,1000,0.975741,2.88896e-06,237.757,0.0165399,1,0,0,0,0,4000,4,4000,4,1000,1,1000,0,0,4000,4000,1,0,1000,0,0,0,1000,0,0
51,2,1000,230,0.186191,0,23.9035,0.0165266,1,0,0,0,0,4000,4,4000,4,230,1,230,0,0,4000,4000,1,230,0,0,0,230,0,0,0
51,1,1000,0,0,0,0,0.0165799,0,0,0,0,0,4000,4,4000,4,0,0,0,0,0,4000,4000,1,0,0,0,0,0,0,0,0
52,4,1000,1000,0.997779,0.00694791,384.662,0.0165699,1,0,0,0,0,4000,4,4000,4,1000,1,1000,0,0,4000,4000,1,0,0,1000,0,0,0,1000,0
52,3,1000,1000,0.941178,3.56308e-06,180.191,0.0165399,1,0,0,0,0,4000,4,4000,4,1000,1,1000,0,0,4000,4000,1,0,1000,0,0,0,1000,0,0
52,2,1000,0,0,0,0,0.0165266,0,43,230,0,0,4000,4,4000,4,0,0,0,0,0,4000,4000,1,0,0,0,0,0,0,0,0
52,1,1000,0,0,0,0,0.0165799,0,0,0,0,0,4000,4,4000,4,0,0,0,0,0,4000,4000,1,0,0,0,0,0,0,0,0
53,4,1000,1000,0.990447,0.000825249,292.199,0.0165699,1,0,0,0,0,4000,4,4000,4,1000,1,1000,0,0,4000,4000,1,0,0,1000,0,0,0,1000,0
53,3,1000,1000,0.884232,3.09133e-07,136.568,0.0165399,1,0,0,0,0,4000,4,4000,4,1000,1,1000,0,0,4000,4000,1,0,1000,0,0,0,1000,0,0
53,2,1000,0,0,0,0,0.0165266,0,0,0,0,0,4000,4,4000,4,0,0,0,0,0,4000,4000,1,0,0,0,0,0,0,0,0
53,1,1000,0,0,0,0,0.0165799,0,0,0,0,0,4000,4,4000,4,0,0,0,0,0,4000,4000,1,0,0,0,0,0,0,0,0
54,4,1000,1000,0.970702,0.00153845,221.456,0.0165699,1,0,0,0,0,4000,4,4000,4,1000,1,1000,0,0,4000,4000,1,0,0,1000,0,0,0,1000,0
54,3,1000,1000,0.805893,3.67308e-07,103.502,0.0165399,1,0,0,0,0,4000,4,4000,4,1000,1,1000,0,0,4000,4000,1,0,1000,0,0,0,1000,0,0
54,2,1000,0,0,0,0,0.0165266,0,0,0,0,0,4000,4,4000,4,0,0,0,0,0,4000,4000,1,0,0,0,0,0,0,0,0
54,1,1000,0,0,0,0,0.0165799,0,0,0,0,0,4000,4,4000,4,0,0,0,0,0,4000,4000,1,0,0,0,0,0,0,0,0
55,4,1000,1000,0.931445,0.000186229,167.959,0.0165699,1,0,0,0,0,4000,4,4000,4,1000,1,1000,0,0,4000,4000,1,0,0,1000,0,0,0,1000,0
55,3,1000,1000,0.712203,3.22197e-08,78.4428,0.0165399,1,0,0,0,0,4000,4,4000,4,1000,1,1000,0,0,4000,4000,1,0,1000,0,0,0,1000,0,0
55,2,1000,0,0,0,0,0.0165266,0,0,0,0,0,4000,4,4000,4,0,0,0,0,0,4000,4000,1,0,0,0,0,0,0,0,0
55,1,1000,0,0,0,0,0.0165799,0,0,0,0,0,4000,4,4000,4,0,0,0,0,0,4000,4000,1,0,0,0,0,0,0,0,0
56,4,1000,1000,0.869027,0.000352433,127.295,0.0165699,1,0,0,0,0,4000,4,4000,4,1000,1,1000,0,0,4000,4000,1,0,0,1000,0,0,0,1000,0
56,3,1000,938,0.569107,2.48016e-08,54.9644,0.0165399,1,47,62,0,0,4000,4,4000,4,938,1,938,0,0,4000,4000,1,0,938,0,0,0,938,0,0
56,2,1000,0,0,0,0,0.0165266,0,0,0,0,0,4000,4,4000,4,0,0,0,0,0,4000,4000,1,0,0,0,0,0,0,0,0
56,1,1000,0,0,0,0,0.0165799,0,0,0,0,0,4000,4,4000,4,0,0,0,0,0,4000,4000,1,0,0,0,0,0,0,0,0
57,4,1000,1000,0.786008,4.32662e-05,96.4984,0.0165699,1,0,0,0,0,4000,4,4000,4,1000,1,1000,0,0,4000,4000,1,0,0,1000,0,0,0,1000,0
57,3,1000,938,0.47598,2.80021e-09,41.6585,0.0165399,1,0,0,0,0,4000,4,4000,4,938,1,938,0,0,4000,4000,1,0,938,0,0,0,938,0,0
57,2,1000,0,0,0,0,0.0165266,0,0,0,0,0,4000,4,4000,4,0,0,0,0,0,4000,4000,1,0,0,0,0,0,0,0,0
57,1,1000,0,0,0,0,0.0165799,0,0,0,0,0,4000,4,4000,4,0,0,0,0,0,4000,4000,1,0,0,0,0,0,0,0,0
58,4,1000,1000,0.689324,8.05216e-05,73.1355,0.0165699,1,0,0,0,0,4000,4,4000,4,1000,1,1000,0,0,4000,4000,1,0,0,1000,0,0,0,1000,0
58,3,1000,586,0.233511,2.2e-09,18.6332,0.0165399,1,49,352,0,0,4000,4,4000,4,586,1,586,0,0,4000,4000,1,0,586,0,0,0,586,0,0
58,2,1000,0,0,0,0,0.0165266,0,0,0,0,0,4000,4,4000,4,0,0,0,0,0,4000,4000,1,0,0,0,0,0,0,0,0
58,1,1000,0,0,0,0,0.0165799,0,0,0,0,0,4000,4,4000,4,0,0,0,0,0,4000,4000,1,0,0,0,0,0,0,0,0
59,4,1000,1000,0.587829,9.89544e-06,55.4333,0.0165699,1,0,0,0,0,4000,4,4000,4,1000,1,1000,0,0,4000,4000,1,0,0,1000,0,0,0,1000,0
59,3,1000,586,0.18741,0,14.1241,0.0165399,1,0,0,0,0,4000,4,4000,4,586,1,586,0,0,4000,4000,1,0,586,0,0,0,586,0,0
59,2,1000,0,0,0,0,0.0165266,0,0,0,0,0,4000,4,4000,4,0,0,0,0,0,4000,4000,1,0,0,0,0,0,0,0,0
59,1,1000,0,0,0,0,0.0165799,0,0,0,0,0,4000,4,4000,4,0,0,0,0,0,4000,4000,1,0,0,0,0,0,0,0,0
60,4,1000,1000,0.489255,1.73925e-05,42.0127,0.0165699,1,0,0,0,0,4000,4,4000,4,1000,1,1000,0,0,4000,4000,1,0,0,1000,0,0,0,1000,0
60,3,1000,9,0.00228532,0,0.16479,0.0165399,1,51,577,0,0,4000,4,4000,4,9,1,9,0,0,4000,4000,1,0,9,0,0,0,9,0,0
60,2,1000,0,0,0,0,0.0165266,0,0,0,0,0,4000,4,4000,4,0,0,0,0,0,4000,4000,1,0,0,0,0,0,0,0,0
60,1,1000,0,0,0,0,0.0165799,0,0,0,0,0,4000,4,4000,4,0,0,0,0,0,4000,4000,1,0,0,0,0,0,0,0,0
61,4,1000,1000,0.399096,2.10258e-06,31.8422,0.0165699,1,0,0,0,0,4000,4,4000,4,1000,1,1000,0,0,4000,4000,1,0,0,1000,0,0,0,1000,0
61,3,1000,9,0.00179216,0,0.124915,0.0165399,1,0,0,0,0,4000,4,4000,4,9,1,9,0,0,4000,4000,1,0,9,0,0,0,9,0,0
61,2,1000,0,0,0,0,0.0165266,0,0,0,0,0,4000,4,4000,4,0,0,0,0,0,4000,4000,1,0,0,0,0,0,0,0,0
61,1,1000,0,0,0,0,0.0165799,0,0,0,0,0,4000,4,4000,4,0,0,0,0,0,4000,4000,1,0,0,0,0,0,0,0,0
62,4,1000,1000,0.32027,3.33352e-06,24.1331,0.0165699,1,0,0,0,0,4000,4,4000,4,1000,1,1000,0,0,4000,4000,1,0,0,1000,0,0,0,1000,0
62,3,1000,0,0,0,0,0.0165399,0,53,9,0,0,4000,4,4000,4,0,0,0,0,0,4000,4000,1,0,0,0,0,0,0,0,0
62,2,1000,0,0,0,0,0.0165266,0,0,0,0,0,4000,4,4000,4,0,0,0,0,0,4000,4000,1,0,0,0,0,0,0,0,0
62,1,1000,0,0,0,0,0.0165799,0,0,0,0,0,4000,4,4000,4,0,0,0,0,0,4000,4000,1,0,0,0,0,0,0,0,0
63,4,1000,1000,0.253696,3.85459e-07,18.2905,0.0165699,1,0,0,0,0,4000,4,4000,4,1000,1,1000,0,0,4000,4000,1,0,0,1000,0,0,0,1000,0
63,3,1000,0,0,0,0,0.0165399,0,0,0,0,0,4000,4,4000,4,0,0,0,0,0,4000,4000,1,0,0,0,0,0,0,0,0
63,2,1000,0,0,0,0,0.0165266,0,0,0,0,0,4000,4,4000,4,0,0,0,0,0,4000,4000,1,0,0,0,0,0,0,0,0
63,1,1000,0,0,0,0,0.0165799,0,0,0,0,0,4000,4,4000,4,0,0,0,0,0,4000,4000,1,0,0,0,0,0,0,0,0
64,4,1000,963,0.191651,5.15983e-07,13.3569,0.0165699,1,55,37,0,0,4000,4,4000,4,963,1,963,0,0,4000,4000,1,0,0,963,0,0,0,963,0
64,3,1000,0,0,0,0,0.0165399,0,0,0,0,0,4000,4,4000,4,0,0,0,0,0,4000,4000,1,0,0,0,0,0,0,0,0
64,2,1000,0,0,0,0,0.0165266,0,0,0,0,0,4000,4,4000,4,0,0,0,0,0,4000,4000,1,0,0,0,0,0,0,0,0
64,1,1000,0,0,0,0,0.0165799,0,0,0,0,0,4000,4,4000,4,0,0,0,0,0,4000,4000,1,0,0,0,0,0,0,0,0
65,4,1000,963,0.149088,5.97955e-08,10.1234,0.0165699,1,0,0,0,0,4000,4,4000,4,963,1,963,0,0,4000,4000,1,0,0,963,0,0,0,963,0
65,3,1000,0,0,0,0,0.0165399,0,0,0,0,0,4000,4,4000,4,0,0,0,0,0,4000,4000,1,0,0,0,0,0,0,0,0
65,2,1000,0,0,0,0,0.0165266,0,0,0,0,0,4000,4,4000,4,0,0,0,0,0,4000,4000,1,0,0,0,0,0,0,0,0
65,1,1000,0,0,0,0,0.0165799,0,0,0,0,0,4000,4,4000,4,0,0,0,0,0,4000,4000,1,0,0,0,0,0,0,0,0
66,4,1000,772,0.0924403,9.69931e-08,6.15395,0.0165699,1,57,191,0,0,4000,4,4000,4,772,1,772,0,0,4000,4000,1,0,0,772,0,0,0,772,0
66,3,1000,0,0,0,0,0.0165399,0,0,0,0,0,4000,4,4000,4,0,0,0,0,0,4000,4000,1,0,0,0,0,0,0,0,0
66,2,1000,0,0,0,0,0.0165266,0,0,0,0,0,4000,4,4000,4,0,0,0,0,0,4000,4000,1,0,0,0,0,0,0,0,0
66,1,1000,0,0,0,0,0.0165799,0,0,0,0,0,4000,4,4000,4,0,0,0,0,0,4000,4000,1,0,0,0,0,0,0,0,0
67,4,1000,772,0.0711393,1.23813e-08,4.66458,0.0165699,1,0,0,0,0,4000,4,4000,4,772,1,772,0,0,4000,4000,1,0,0,772,0,0,0,772,0
67,3,1000,0,0,0,0,0.0165399,0,0,0,0,0,4000,4,4000,4,0,0,0,0,0,4000,4000,1,0,0,0,0,0,0,0,0
67,2,1000,0,0,0,0,0.0165266,0,0,0,0,0,4000,4,4000,4,0,0,0,0,0,4000,4000,1,0,0,0,0,0,0,0,0
67,1,1000,0,0,0,0,0.0165799,0,0,0,0,0,4000,4,4000,4,0,0,0,0,0,4000,4000,1,0,0,0,0,0,0,0,0
68,4,1000,343,0.0241273,1.46517e-08,1.56364,0.0165699,1,58.9991,429,0,0,4000,4,4000,4,343,1,343,0,0,4000,4000,1,0,0,343,0,0,0,343,0
68,3,1000,0,0,0,0,0.0165399,0,0,0,0,0,4000,4,4000,4,0,0,0,0,0,4000,4000,1,0,0,0,0,0,0,0,0
68,2,1000,0,0,0,0,0.0165266,0,0,0,0,0,4000,4,4000,4,0,0,0,0,0,4000,4000,1,0,0,0,0,0,0,0,0
68,1,1000,0,0,0,0,0.0165799,0,0,0,0,0,4000,4,4000,4,0,0,0,0,0,4000,4000,1,0,0,0,0,0,0,0,0
69,4,1000,343,0.0184499,2.37519e-09,1.18528,0.0165699,1,0,0,0,0,4000,4,4000,4,343,1,343,0,0,4000,4000,1,0,0,343,0,0,0,343,0
69,3,1000,0,0,0,0,0.0165399,0,0,0,0,0,4000,4,4000,4,0,0,0,0,0,4000,4000,1,0,0,0,0,0,0,0,0
69,2,1000,0,0,0,0,0.0165266,0,0,0,0,0,4000,4,4000,4,0,0,0,0,0,4000,4000,1,0,0,0,0,0,0,0,0
69,1,1000,0,0,0,0,0.0165799,0,0,0,0,0,4000,4,4000,4,0,0,0,0,0,4000,4000,1,0,0,0,0,0,0,0,0
70,4,1000,14,0.000568926,0,0.0363008,0.0165699,1,60.9977,329,0,0,4000,4,4000,4,14,1,14,0,0,4000,4000,1,0,0,14,0,0,0,14,0
70,3,1000,0,0,0,0,0.0165399,0,0,0,0,0,4000,4,4000,4,0,0,0,0,0,4000,4000,1,0,0,0,0,0,0,0,0
70,2,1000,0,0,0,0,0.0165266,0,0,0,0,0,4000,4,4000,4,0,0,0,0,0,4000,4000,1,0,0,0,0,0,0,0,0
70,1,1000,0,0,0,0,0.0165799,0,0,0,0,0,4000,4,4000,4,0,0,0,0,0,4000,4000,1,0,0,0,0,0,0,0,0
71,4,1000,14,0.00043343,0,0.0275164,0.0165699,1,0,0,0,0,4000,4,4000,4,14,1,14,0,0,4000,4000,1,0,0,14,0,0,0,14,0
71,3,1000,0,0,0,0,0.0165399,0,0,0,0,0,4000,4,4000,4,0,0,0,0,0,4000,4000,1,0,0,0,0,0,0,0,0
71,2,1000,0,0,0,0,0.0165266,0,0,0,0,0,4000,4,4000,4,0,0,0,0,0,4000,4000,1,0,0,0,0,0,0,0,0
71,1,1000,0,0,0,0,0.0165799,0,0,0,0,0,4000,4,4000,4,0,0,0,0,0,4000,4000,1,0,0,0,0,0,0,0,0
72,4,1000,0,0,0,0,0.0165699,0,63,14,0,0,4000,4,4000,4,0,0,0,0,0,4000,4000,1,0,0,0,0,0,0,0,0
72,3,1000,0,0,0,0,0.0165399,0,0,0,0,0,4000,4,4000,4,0,0,0,0,0,4000,4000,1,0,0,0,0,0,0,0,0
72,2,1000,0,0,0,0,0.0165266,0,0,0,0,0,4000,4,4000,4,0,0,0,0,0,4000,4000,1,0,0,0,0,0,0,0,0
72,1,1000,0,0,0,0,0.0165799,0,0,0,0,0,4000,4,4000,4,0,0,0,0,0,4000,4000,1,0,0,0,0,0,0,0,0
73,4,1000,0,0,0,0,0.0165699,0,0,0,0,0,4000,4,4000,4,0,0,0,0,0,4000,4000,1,0,0,0,0,0,0,0,0
73,3,1000,0,0,0,0,0.0165399,0,0,0,0,0,4000,4,4000,4,0,0,0,0,0,4000,4000,1,0,0,0,0,0,0,0,0
73,2,1000,0,0,0,0,0.0165266,0,0,0,0,0,4000,4,4000,4,0,0,0,0,0,4000,4000,1,0,0,0,0,0,0,0,0
73,1,1000,0,0,0,0,0.0165799,0,0,0,0,0,4000,4,4000,4,0,0,0,0,0,4000,4000,1,0,0,0,0,0,0,0,0
74,4,1000,0,0,0,0,0.0165699,0,0,0,0,0,4000,4,4000,4,0,0,0,0,0,4000,4000,1,0,0,0,0,0,0,0,0
74,3,1000,0,0,0,0,0.0165399,0,0,0,0,0,4000,4,4000,4,0,0,0,0,0,4000,4000,1,0,0,0,0,0,0,0,0
74,2,1000,0,0,0,0,0.0165266,0,0,0,0,0,4000,4,4000,4,0,0,0,0,0,4000,4000,1,0,0,0,0,0,0,0,0
74,1,1000,0,0,0,0,0.0165799,0,0,0,0,0,4000,4,4000,4,0,0,0,0,0,4000,4000,1,0,0,0,0,0,0,0,0
75,4,1000,0,0,0,0,0.0165699,0,0,0,0,0,4000,4,4000,4,0,0,0,0,0,4000,4000,1,0,0,0,0,0,0,0,0
75,3,1000,0,0,0,0,0.0165399,0,0,0,0,0,4000,4,4000,4,0,0,0,0,0,4000,4000,1,0,0,0,0,0,0,0,0
75,2,1000,0,0,0,0,0.0165266,0,0,0,0,0,4000,4,4000,4,0,0,0,0,0,4000,4000,1,0,0,0,0,0,0,0,0
75,1,1000,0,0,0,0,0.0165799,0,0,0,0,0,4000,4,4000,4,0,0,0,0,0,4000,4000,1,0,0,0,0,0,0,0,0
76,4,1000,0,0,0,0,0.0165699,0,0,0,0,0,4000,4,4000,4,0,0,0,0,0,4000,4000,1,0,0,0,0,0,0,0,0
76,3,1000,0,0,0,0,0.0165399,0,0,0,0,0,4000,4,4000,4,0,0,0,0,0,4000,4000,1,0,0,0,0,0,0,0,0
76,2,1000,0,0,0,0,0.0165266,0,0,0,0,0,4000,4,4000,4,0,0,0,0,0,4000,4000,1,0,0,0,0,0,0,0,0
76,1,1000,0,0,0,0,0.0165799,0,0,0,0,0,4000,4,4000,4,0,0,0,0,0,4000,4000,1,0,0,0,0,0,0,0,0
77,4,1000,0,0,0,0,0.0165699,0,0,0,0,0,4000,4,4000,4,0,0,0,0,0,4000,4000,1,0,0,0,0,0,0,0,0
77,3,1000,0,0,0,0,0.0165399,0,0,0,0,0,4000,4,4000,4,0,0,0,0,0,4000,4000,1,0,0,0,0,0,0,0,0
77,2,1000,0,0,0,0,0.0165266,0,0,0,0,0,4000,4,4000,4,0,0,0,0,0,4000,4000,1,0,0,0,0,0,0,0,0
77,1,1000,0,0,0,0,0.0165799,0,0,0,0,0,4000,4,4000,4,0,0,0,0,0,4000,4000,1,0,0,0,0,0,0,0,0
78,4,1000,0,0,0,0,0.0165699,0,0,0,0,0,4000,4,4000,4,0,0,0,0,0,4000,4000,1,0,0,0,0,0,0,0,0
78,3,1000,0,0,0,0,0.0165399,0,0,0,0,0,4000,4,4000,4,0,0,0,0,0,4000,4000,1,0,0,0,0,0,0,0,0
78,2,1000,0,0,0,0,0.0165266,0,0,0,0,0,4000,4,4000,4,0,0,0,0,0,4000,4000,1,0,0,0,0,0,0,0,0
78,1,1000,0,0,0,0,0.0165799,0,0,0,0,0,4000,4,4000,4,0,0,0,0,0,4000,4000,1,0,0,0,0,0,0,0,0
79,4,1000,0,0,0,0,0.0165699,0,0,0,0,0,4000,4,4000,4,0,0,0,0,0,4000,4000,1,0,0,0,0,0,0,0,0
79,3,1000,0,0,0,0,0.0165399,0,0,0,0,0,4000,4,4000,4,0,0,0,0,0,4000,4000,1,0,0,0,0,0,0,0,0
79,2,1000,0,0,0,0,0.0165266,0,0,0,0,0,4000,4,4000,4,0,0,0,0,0,4000,4000,1,0,0,0,0,0,0,0,0
79,1,1000,0,0,0,0,0.0165799,0,0,0,0,0,4000,4,4000,4,0,0,0,0,0,4000,4000,1,0,0,0,0,0,0,0,0
80,4,1000,0,0,0,0,0.0165699,0,0,0,0,0,4000,4,4000,4,0,0,0,0,0,4000,4000,1,0,0,0,0,0,0,0,0
80,3,1000,0,0,0,0,0.0165399,0,0,0,0,0,4000,4,4000,4,0,0,0,0,0,4000,4000,1,0,0,0,0,0,0,0,0
80,2,1000,0,0,0,0,0.0165266,0,0,0,0,0,4000,4,4000,4,0,0,0,0,0,4000,4000,1,0,0,0,0,0,0,0,0
80,1,1000,0,0,0,0,0.0165799,0,0,0,0,0,4000,4,4000,4,0,0,0,0,0,4000,4000,1,0,0,0,0,0,0,0,0
81,4,1000,0,0,0,0,0.0165699,0,0,0,0,0,4000,4,4000,4,0,0,0,0,0,4000,4000,1,0,0,0,0,0,0,0,0
81,3,1000,0,0,0,0,0.0165399,0,0,0,0,0,4000,4,4000,4,0,0,0,0,0,4000,4000,1,0,0,0,0,0,0,0,0
81,2,1000,0,0,0,0,0.0165266,0,0,0,0,0,4000,4,4000,4,0,0,0,0,0,4000,4000,1,0,0,0,0,0,0,0,0
81,1,1000,0,0,0,0,0.0165799,0,0,0,0,0,4000,4,4000,4,0,0,0,0,0,4000,4000,1,0,0,0,0,0,0,0,0
82,4,1000,0,0,0,0,0.0165699,0,0,0,0,0,4000,4,4000,4,0,0,0,0,0,4000,4000,1,0,0,0,0,0,0,0,0
82,3,1000,0,0,0,0,0.0165399,0,0,0,0,0,4000,4,4000,4,0,0,0,0,0,4000,4000,1,0,0,0,0,0,0,0,0
82,2,1000,0,0,0,0,0.0165266,0,0,0,0,0,4000,4,4000,4,0,0,0,0,0,4000,4000,1,0,0,0,0,0,0,0,0
82,1,1000,0,0,0,0,0.0165799,0,0,0,0,0,4000,4,4000,4,0,0,0,0,0,4000,4000,1,0,0,0,0,0,0,0,0
83,4,1000,0,0,0,0,0.0165699,0,0,0,0,0,4000,4,4000,4,0,0,0,0,0,4000,4000,1,0,0,0,0,0,0,0,0
83,3,1000,0,0,0,0,0.0165399,0,0,0,0,0,4000,4,4000,4,0,0,0,0,0,4000,4000,1,0,0,0,0,0,0,0,0
83,2,1000,0,0,0,0,0.0165266,0,0,0,0,0,4000,4,4000,4,0,0,0,0,0,4000,4000,1,0,0,0,0,0,0,0,0
83,1,1000,0,0,0,0,0.0165799,0,0,0,0,0,4000,4,4000,4,0,0,0,0,0,4000,4000,1,0,0,0,0,0,0,0,0
84,4,1000,0,0,0,0,0.0165699,0,0,0,0,0,4000,4,4000,4,0,0,0,0,0,4000,4000,1,0,0,0,0,0,0,0,0
84,3,1000,0,0,0,0,0.0165399,0,0,0,0,0,4000,4,4000,4,0,0,0,0,0,4000,4000,1,0,0,0,0,0,0,0,0
84,2,1000,0,0,0,0,0.0165266,0,0,0,0,0,4000,4,4000,4,0,0,0,0,0,4000,4000,1,0,0,0,0,0,0,0,0
84,1,1000,0,0,0,0,0.0165799,0,0,0,0,0,4000,4,4000,4,0,0,0,0,0,4000,4000,1,0,0,0,0,0,0,0,0
85,4,1000,0,0,0,0,0.0165699,0,0,0,0,0,4000,4,4000,4,0,0,0,0,0,4000,4000,1,0,0,0,0,0,0,0,0
85,3,1000,0,0,0,0,0.0165399,0,0,0,0,0,4000,4,4000,4,0,0,0,0,0,4000,4000,1,0,0,0,0,0,0,0,0
85,2,1000,0,0,0,0,0.0165266,0,0,0,0,0,4000,4,4000,4,0,0,0,0,0,4000,4000,1,0,0,0,0,0,0,0,0
85,1,1000,0,0,0,0,0.0165799,0,0,0,0,0,4000,4,4000,4,0,0,0,0,0,4000,4000,1,0,0,0,0,0,0,0,0
86,4,1000,0,0,0,0,0.0165699,0,0,0,0,0,4000,4,4000,4,0,0,0,0,0,4000,4000,1,0,0,0,0,0,0,0,0
86,3,1000,0,0,0,0,0.0165399,0,0,0,0,0,4000,4,4000,4,0,0,0,0,0,4000,4000,1,0,0,0,0,0,0,0,0
86,2,1000,0,0,0,0,0.0165266,0,0,0,0,0,4000,4,4000,4,0,0,0,0,0,4000,4000,1,0,0,0,0,0,0,0,0
86,1,1000,0,0,0,0,0.0165799,0,0,0,0,0,4000,4,4000,4,0,0,0,0,0,4000,4000,1,0,0,0,0,0,0,0,0
87,4,1000,0,0,0,0,0.0165699,0,0,0,0,0,4000,4,4000,4,0,0,0,0,0,4000,4000,1,0,0,0,0,0,0,0,0
87,3,1000,0,0,0,0,0.0165399,0,0,0,0,0,4000,4,4000,4,0,0,0,0,0,4000,4000,1,0,0,0,0,0,0,0,0
87,2,1000,0,0,0,0,0.0165266,0,0,0,0,0,4000,4,4000,4,0,0,0,0,0,4000,4000,1,0,0,0,0,0,0,0,0
87,1,1000,0,0,0,0,0.0165799,0,0,0,0,0,4000,4,4000,4,0,0,0,0,0,4000,4000,1,0,0,0,0,0,0,0,0
88,4,1000,0,0,0,0,0.0165699,0,0,0,0,0,4000,4,4000,4,0,0,0,0,0,4000,4000,1,0,0,0,0,0,0,0,0
88,3,1000,0,0,0,0,0.0165399,0,0,0,0,0,4000,4,4000,4,0,0,0,0,0,4000,4000,1,0,0,0,0,0,0,0,0
88,2,1000,0,0,0,0,0.0165266,0,0,0,0,0,4000,4,4000,4,0,0,0,0,0,4000,4000,1,0,0,0,0,0,0,0,0
88,1,1000,0,0,0,0,0.0165799,0,0,0,0,0,4000,4,4000,4,0,0,0,0,0,4000,4000,1,0,0,0,0,0,0,0,0
89,4,1000,0,0,0,0,0.0165699,0,0,0,0,0,4000,4,4000,4,0,0,0,0,0,4000,4000,1,0,0,0,0,0,0,0,0
89,3,1000,0,0,0,0,0.0165399,0,0,0,0,0,4000,4,4000,4,0,0,0,0,0,4000,4000,1,0,0,0,0,0,0,0,0
89,2,1000,0,0,0,0,0.0165266,0,0,0,0,0,4000,4,4000,4,0,0,0,0,0,4000,4000,1,0,0,0,0,0,0,0,0
89,1,1000,0,0,0,0,0.0165799,0,0,0,0,0,4000,4,4000,4,0,0,0,0,0,4000,4000,1,0,0,0,0,0,0,0,0
90,4,1000,0,0,0,0,0.0165699,0,0,0,0,0,4000,4,4000,4,0,0,0,0,0,4000,4000,1,0,0,0,0,0,0,0,0
90,3,1000,0,0,0,0,0.0165399,0,0,0,0,0,4000,4,4000,4,0,0,0,0,0,4000,4000,1,0,0,0,0,0,0,0,0
90,2,1000,0,0,0,0,0.0165266,0,0,0,0,0,4000,4,4000,4,0,0,0,0,0,4000,4000,1,0,0,0,0,0,0,0,0
90,1,1000,0,0,0,0,0.0165799,0,0,0,0,0,4000,4,4000,4,0,0,0,0,0,4000,4000,1,0,0,0,0,0,0,0,0
91,4,1000,0,0,0,0,0.0165699,0,0,0,0,0,4000,4,4000,4,0,0,0,0,0,4000,4000,1,0,0,0,0,0,0,0,0
91,3,1000,0,0,0,0,0.0165399,0,0,0,0,0,4000,4,4000,4,0,0,0,0,0,4000,4000,1,0,0,0,0,0,0,0,0
91,2,1000,0,0,0,0,0.0165266,0,0,0,0,0,4000,4,4000,4,0,0,0,0,0,4000,4000,1,0,0,0,0,0,0,0,0
91,1,1000,0,0,0,0,0.0165799,0,0,0,0,0,4000,4,4000,4,0,0,0,0,0,4000,4000,1,0,0,0,0,0,0,0,0
92,4,1000,0,0,0,0,0.0165699,0,0,0,0,0,4000,4,4000,4,0,0,0,0,0,4000,4000,1,0,0,0,0,0,0,0,0
92,3,1000,0,0,0,0,0.0165399,0,0,0,0,0,4000,4,4000,4,0,0,0,0,0,4000,4000,1,0,0,0,0,0,0,0,0
92,2,1000,0,0,0,0,0.0165266,0,0,0,0,0,4000,4,4000,4,0,0,0,0,0,4000,4000,1,0,0,0,0,0,0,0,0
92,1,1000,0,0,0,0,0.0165799,0,0,0,0,0,4000,4,4000,4,0,0,0,0,0,4000,4000,1,0,0,0,0,0,0,0,0
93,4,1000,0,0,0,0,0.0165699,0,0,0,0,0,4000,4,4000,4,0,0,0,0,0,4000,4000,1,0,0,0,0,0,0,0,0
93,3,1000,0,0,0,0,0.0165399,0,0,0,0,0,4000,4,4000,4,0,0,0,0,0,4000,4000,1,0,0,0,0,0,0,0,0
93,2,1000,0,0,0,0,0.0165266,0,0,0,0,0,4000,4,4000,4,0,0,0,0,0,4000,4000,1,0,0,0,0,0,0,0,0
93,1,1000,0,0,0,0,0.0165799,0,0,0,0,0,4000,4,4000,4,0,0,0,0,0,4000,4000,1,0,0,0,0,0,0,0,0
94,4,1000,0,0,0,0,0.0165699,0,0,0,0,0,4000,4,4000,4,0,0,0,0,0,4000,4000,1,0,0,0,0,0,0,0,0
94,3,1000,0,0,0,0,0.0165399,0,0,0,0,0,4000,4,4000,4,0,0,0,0,0,4000,4000,1,0,0,0,0,0,0,0,0
94,2,1000,0,0,0,0,0.0165266,0,0,0,0,0,4000,4,4000,4,0,0,0,0,0,4000,4000,1,0,0,0,0,0,0,0,0
94,1,1000,0,0,0,0,0.0165799,0,0,0,0,0,4000,4,4000,4,0,0,0,0,0,4000,4000,1,0,0,0,0,0,0,0,0
95,4,1000,0,0,0,0,0.0165699,0,0,0,0,0,4000,4,4000,4,0,0,0,0,0,4000,4000,1,0,0,0,0,0,0,0,0
95,3,1000,0,0,0,0,0.0165399,0,0,0,0,0,4000,4,4000,4,0,0,0,0,0,4000,4000,1,0,0,0,0,0,0,0,0
95,2,1000,0,0,0,0,0.0165266,0,0,0,0,0,4000,4,4000,4,0,0,0,0,0,4000,4000,1,0,0,0,0,0,0,0,0
95,1,1000,0,0,0,0,0.0165799,0,0,0,0,0,4000,4,4000,4,0,0,0,0,0,4000,4000,1,0,0,0,0,0,0,0,0
96,4,1000,0,0,0,0,0.0165699,0,0,0,0,0,4000,4,4000,4,0,0,0,0,0,4000,4000,1,0,0,0,0,0,0,0,0
96,3,1000,0,0,0,0,0.0165399,0,0,0,0,0,4000,4,4000,4,0,0,0,0,0,4000,4000,1,0,0,0,0,0,0,0,0
96,2,1000,0,0,0,0,0.0165266,0,0,0,0,0,4000,4,4000,4,0,0,0,0,0,4000,4000,1,0,0,0,0,0,0,0,0
96,1,1000,0,0,0,0,0.0165799,0,0,0,0,0,4000,4,4000,4,0,0,0,0,0,4000,4000,1,0,0,0,0,0,0,0,0
97,4,1000,0,0,0,0,0.0165699,0,0,0,0,0,4000,4,4000,4,0,0,0,0,0,4000,4000,1,0,0,0,0,0,0,0,0
97,3,1000,0,0,0,0,0.0165399,0,0,0,0,0,4000,4,4000,4,0,0,0,0,0,4000,4000,1,0,0,0,0,0,0,0,0
97,2,1000,0,0,0,0,0.0165266,0,0,0,0,0,4000,4,4000,4,0,0,0,0,0,4000,4000,1,0,0,0,0,0,0,0,0
97,1,1000,0,0,0,0,0.0165799,0,0,0,0,0,4000,4,4000,4,0,0,0,0,0,4000,4000,1,0,0,0,0,0,0,0,0
98,4,1000,0,0,0,0,0.0165699,0,0,0,0,0,4000,4,4000,4,0,0,0,0,0,4000,4000,1,0,0,0,0,0,0,0,0
98,3,1000,0,0,0,0,0.0165399,0,0,0,0,0,4000,4,4000,4,0,0,0,0,0,4000,4000,1,0,0,0,0,0,0,0,0
98,2,1000,0,0,0,0,0.0165266,0,0,0,0,0,4000,4,4000,4,0,0,0,0,0,4000,4000,1,0,0,0,0,0,0,0,0
98,1,1000,0,0,0,0,0.0165799,0,0,0,0,0,4000,4,4000,4,0,0,0,0,0,4000,4000,1,0,0,0,0,0,0,0,0
99,4,1000,0,0,0,0,0.0165699,0,0,0,0,0,4000,4,4000,4,0,0,0,0,0,4000,4000,1,0,0,0,0,0,0,0,0
99,3,1000,0,0,0,0,0.0165399,0,0,0,0,0,4000,4,4000,4,0,0,0,0,0,4000,4000,1,0,0,0,0,0,0,0,0
99,2,1000,0,0,0,0,0.0165266,0,0,0,0,0,4000,4,4000,4,0,0,0,0,0,4000,4000,1,0,0,0,0,0,0,0,0
99,1,1000,0,0,0,0,0.0165799,0,0,0,0,0,4000,4,4000,4,0,0,0,0,0,4000,4000,1,0,0,0,0,0,0,0,0
