Time,NodeID,Population,VectorPopulation,STATE_INFECTIOUS,STATE_INFECTED,STATE_ADULT,STATE_MALE,STATE_IMMATURE,STATE_LARVA,STATE_EGG,NewEggsCount,IndoorBitesCount,IndoorBitesCount-Infectious,OutdoorBitesCount,OutdoorBitesCount-Infectious,NewAdults,UnmatedAdults,DiedBeforeFeeding,DiedDuringFeedingIndoor,DiedDuringFeedingOutdoor,MigrationFromCountLocal,MigrationFromCountRegional,SillySkeeter_AvailableHabitat,SillySkeeter_EggCrowdingCorrection,NumInfectousBitesGiven,NumInfectousBitesReceived,InfectiousBitesGivenMinusReceived,NumVectorsNone,NumVectorsOnlyOocysts,NumVectorsOnlySporozoites,NumVectorsBothOocystsSporozoites,NumBitesAdults,NumBitesInfected,NumBitesInfectious,NumParasiteCohortsOocysts,NumParasiteCohortsSporozoites,NumOocysts,NumSporozoites,NumInfectiousToAdult,NumInfectiousToInfected
0,340461476,100,8717,0,0,8717,8998,0,0,609200,304600,1434,0,1440,0,0,0,977,143,163,0,0,19487.5,1,0,0,0,0,0,0,0,2874,0,0,0,0,0,0,0,0
1,340461476,100,7615,0,0,7615,8136,0,19579,548000,274000,1283,0,1316,0,0,0,829,127,146,0,0,9128.76,0.0319886,0,0,0,7615,0,0,0,2599,0,0,0,0,0,0,0,0
2,340461476,100,6664,0,0,6664,7328,0,26975,484600,242300,1155,0,1160,0,0,0,736,107,108,0,0,10620.8,0.0166583,0,0,0,6664,0,0,0,2315,0,0,0,0,0,0,0,0
3,340461476,100,5829,0,0,5829,6669,0,34903,401200,200600,992,0,924,0,0,0,636,109,90,0,0,11260.6,0.0219167,0,0,0,5829,0,0,0,1916,0,0,0,0,0,0,0,0
4,340461476,100,5105,0,0,5105,6022,0,42543,368400,184200,859,0,886,0,0,0,541,93,90,0,0,11879.7,0.0280673,0,0,0,5105,0,0,0,1745,0,0,0,0,0,0,0,0
5,340461476,100,4434,0,0,4434,5482,0,50548,326400,163200,775,0,783,0,0,0,510,82,79,0,0,11836.1,0.0322467,0,0,0,4434,0,0,0,1558,0,0,0,0,0,0,0,0
6,340461476,100,3917,0,0,3917,4969,0,57574,266800,133400,653,0,610,0,0,0,413,59,45,0,0,12484.7,0.0362627,0,0,0,3917,0,0,0,1263,0,0,0,0,0,0,0,0
7,340461476,100,3422,0,0,3422,4545,0,64606,243800,121900,589,0,574,0,0,0,379,60,56,0,0,12850.8,0.0467943,0,0,0,3422,0,0,0,1163,0,0,0,0,0,0,0,0
8,340461476,100,2972,0,0,2972,4160,0,71138,216000,108000,516,0,510,0,0,0,347,53,50,0,0,13450.2,0.0527103,0,0,0,2972,0,0,0,1026,0,0,0,0,0,0,0,0
9,340461476,100,2584,0,0,2584,3757,0,77862,183800,91900,477,0,395,0,0,0,306,49,33,0,0,13600.7,0.0622696,0,0,0,2584,0,0,0,872,0,0,0,0,0,0,0,0
10,340461476,100,2261,0,0,2261,3411,0,84240,158600,79300,399,0,369,0,0,0,245,40,38,0,0,13849.5,0.0739974,0,0,0,2261,0,0,0,768,0,0,0,0,0,0,0,0
11,340461476,100,1969,0,0,1969,3081,0,90162,145600,72800,348,0,346,0,0,0,216,42,34,0,0,14315.5,0.0873235,0,0,0,1969,0,0,0,694,0,0,0,0,0,0,0,0
12,340461476,100,1732,0,0,1732,2797,0,96118,126200,63100,321,0,279,0,0,0,173,27,37,0,0,14517.3,0.0983208,0,0,0,1732,0,0,0,600,0,0,0,0,0,0,0,0
13,340461476,100,1511,0,0,1511,2565,0,101789,103600,51800,257,0,234,0,0,0,172,27,22,0,0,14782.3,0.115034,0,0,0,1511,0,0,0,491,0,0,0,0,0,0,0,0
14,340461476,100,1331,0,0,1331,2316,0,106855,94800,47400,209,0,234,0,0,0,142,13,25,0,0,15438.3,0.142686,0,0,0,1331,0,0,0,443,0,0,0,0,0,0,0,0
15,340461476,100,1155,0,0,1155,2079,0,112160,83400,41700,194,0,206,0,0,0,130,20,26,0,0,15649.1,0.162851,0,0,0,1155,0,0,0,400,0,0,0,0,0,0,0,0
16,340461476,100,1013,0,0,1013,1875,0,117312,70200,35100,155,0,172,0,0,0,100,22,20,0,0,15814.2,0.18764,0,0,0,1013,0,0,0,327,0,0,0,0,0,0,0,0
17,340461476,100,875,0,0,875,1701,0,121965,63600,31800,158,0,142,0,0,0,113,19,6,0,0,16286.7,0.225274,0,0,0,875,0,0,0,300,0,0,0,0,0,0,0,0
18,340461476,100,777,0,0,777,1542,0,126741,54800,27400,116,0,136,0,0,0,76,12,10,0,0,16451.5,0.256081,0,0,0,777,0,0,0,252,0,0,0,0,0,0,0,0
19,340461476,100,702,0,0,702,1391,0,131194,47800,23900,107,0,121,0,0,0,58,7,10,0,0,16761.3,0.300211,0,0,0,702,0,0,0,228,0,0,0,0,0,0,0,0
20,340461476,100,605,0,0,605,1258,0,135278,44200,22100,100,0,109,0,0,0,75,10,12,0,0,17268.5,0.350655,0,0,0,605,0,0,0,209,0,0,0,0,0,0,0,0
21,340461476,100,518,0,0,518,1161,0,139890,37600,18800,91,0,93,0,0,0,64,10,13,0,0,17082.2,0.39069,0,0,0,518,0,0,0,184,0,0,0,0,0,0,0,0
22,340461476,100,453,0,0,453,1047,0,143484,32000,16000,83,0,72,0,0,0,56,5,4,0,0,17754.5,0.454314,0,0,0,453,0,0,0,155,0,0,0,0,0,0,0,0
23,340461476,100,387,0,0,387,947,2173,145411,27000,13500,59,0,73,0,0,0,52,7,7,0,0,19940,0.554827,0,0,0,387,0,0,0,132,0,0,0,0,0,0,0,0
24,340461476,100,335,0,0,335,843,3003,150421,24400,12200,48,0,72,0,0,0,39,10,3,0,0,18894.3,0.738517,0,0,0,335,0,0,0,120,0,0,0,0,0,0,0,0
25,340461476,100,301,0,0,301,764,3888,153656,22000,11000,50,0,55,0,0,0,29,4,1,0,0,19480.8,0.774356,0,0,0,301,0,0,0,105,0,0,0,0,0,0,0,0
26,340461476,100,273,0,0,273,687,4707,157369,18200,9100,43,0,44,0,0,0,20,7,1,0,0,19451.6,0.88549,0,0,0,273,0,0,0,87,0,0,0,0,0,0,0,0
27,340461476,100,943,0,0,943,1371,4121,159279,16400,8200,32,0,45,0,700,0,25,0,5,0,0,21092.6,1,0,0,0,943,0,0,0,77,0,0,0,0,0,0,0,0
28,340461476,100,1157,0,0,1157,1608,4247,159402,16800,8400,362,0,340,0,362,0,85,33,30,0,0,24392.7,1,0,0,0,1157,0,0,0,702,0,0,0,0,0,0,0,0
29,340461476,100,1404,0,0,1404,1850,4377,159700,11200,5600,173,0,191,0,401,0,118,18,18,0,0,27394.5,1,0,0,0,1404,0,0,0,364,0,0,0,0,0,0,0,0
30,340461476,100,1639,0,0,1639,2036,4510,154280,11400,5700,214,0,182,0,416,0,142,19,20,0,0,35995.3,1,0,0,0,1639,0,0,0,396,0,0,0,0,0,0,0,0
31,340461476,100,1801,0,0,1801,2272,4784,149464,95600,47800,420,0,388,0,422,0,183,32,45,0,0,43877.5,1,0,0,0,1801,0,0,0,808,0,0,0,0,0,0,0,0
32,340461476,100,1977,0,0,1977,2462,5001,177697,50200,25100,302,0,301,0,411,0,176,31,28,0,0,18600.3,0.45897,0,0,0,1977,0,0,0,603,0,0,0,0,0,0,0,0
33,340461476,100,2192,0,0,2192,2646,5209,178086,56400,28200,319,0,307,0,463,0,180,39,29,0,0,21060.5,0.370523,0,0,0,2192,0,0,0,626,0,0,0,0,0,0,0,0
34,340461476,100,2349,0,0,2349,2843,5483,180604,114600,57300,478,0,460,0,470,0,206,59,48,0,0,21289,0.373413,0,0,0,2349,0,0,0,938,0,0,0,0,0,0,0,0
35,340461476,100,2543,0,0,2543,3127,5565,182981,84000,42000,419,0,388,0,492,0,219,39,40,0,0,21559.6,0.185768,0,0,0,2543,0,0,0,807,0,0,0,0,0,0,0,0
36,340461476,100,2715,0,0,2715,3331,5644,185521,85000,42500,406,0,428,0,479,0,231,40,36,0,0,21571.8,0.256662,0,0,0,2715,0,0,0,834,0,0,0,0,0,0,0,0
37,340461476,100,2887,0,0,2887,3537,5737,187356,130200,65100,469,0,547,0,540,0,262,50,56,0,0,22197.1,0.253786,0,0,0,2887,0,0,0,1016,0,0,0,0,0,0,0,0
38,340461476,100,3075,0,0,3075,3755,5815,190221,115400,57700,507,0,508,0,542,0,248,43,63,0,0,21703.7,0.170484,0,0,0,3075,0,0,0,1015,0,0,0,0,0,0,0,0
39,340461476,100,3195,0,0,3195,3991,5841,192159,120600,60300,513,0,533,0,540,0,312,52,56,0,0,22051.8,0.188073,0,0,0,3195,0,0,0,1046,0,0,0,0,0,0,0,0
40,340461476,100,3351,0,0,3351,4125,6010,194215,146800,73400,581,0,590,0,523,0,263,53,51,0,0,22199.5,0.182851,0,0,0,3351,0,0,0,1171,0,0,0,0,0,0,0,0
41,340461476,100,3447,0,0,3447,4328,6160,196257,141400,70700,551,0,562,0,533,0,336,48,53,0,0,22281.9,0.151223,0,0,0,3447,0,0,0,1113,0,0,0,0,0,0,0,0
42,340461476,100,3522,0,0,3522,4489,6266,198079,147200,73600,619,0,547,0,563,0,357,69,62,0,0,22507.7,0.15758,0,0,0,3522,0,0,0,1166,0,0,0,0,0,0,0,0
43,340461476,100,3645,0,0,3645,4621,6472,200142,163400,81700,618,0,638,0,585,0,339,53,70,0,0,22418.7,0.152905,0,0,0,3645,0,0,0,1256,0,0,0,0,0,0,0,0
44,340461476,100,3805,0,0,3805,4802,6512,201804,154600,77300,653,0,585,0,638,0,358,55,65,0,0,22659.5,0.137201,0,0,0,3805,0,0,0,1238,0,0,0,0,0,0,0,0
45,340461476,100,3943,0,0,3943,4977,6571,203850,162800,81400,717,0,617,0,632,0,358,76,60,0,0,22447.9,0.146569,0,0,0,3943,0,0,0,1334,0,0,0,0,0,0,0,0
46,340461476,100,4041,0,0,4041,5128,6941,204773,175400,87700,736,0,647,0,627,0,378,77,74,0,0,23293.1,0.137886,0,0,0,4041,0,0,0,1383,0,0,0,0,0,0,0,0
47,340461476,100,4203,0,0,4203,5256,7143,206128,177800,88900,686,0,670,0,653,0,381,50,60,0,0,23642.6,0.1328,0,0,0,4203,0,0,0,1356,0,0,0,0,0,0,0,0
48,340461476,100,4308,0,0,4308,5370,7330,208088,190200,95100,733,0,739,0,633,0,391,73,64,0,0,23325.6,0.132973,0,0,0,4308,0,0,0,1472,0,0,0,0,0,0,0,0
49,340461476,100,4439,0,0,4439,5503,7400,209209,192600,96300,746,0,711,0,674,0,410,65,68,0,0,23788.5,0.122637,0,0,0,4439,0,0,0,1457,0,0,0,0,0,0,0,0
50,340461476,100,4635,0,0,4635,5743,6953,211145,198200,99100,783,0,734,0,748,0,403,71,78,0,0,23379.3,0.123513,0,0,0,4635,0,0,0,1517,0,0,0,0,0,0,0,0
51,340461476,100,4745,0,0,4745,5927,6718,212268,207000,103500,816,0,838,0,720,0,440,73,97,0,0,23728.1,0.117958,0,0,0,4745,0,0,0,1654,0,0,0,0,0,0,0,0
52,340461476,100,4903,0,0,4903,6009,5955,214737,213400,106700,810,0,826,0,730,0,417,80,75,0,0,22677.8,0.114628,0,0,0,4903,0,0,0,1636,0,0,0,0,0,0,0,0
53,340461476,100,4986,0,0,4986,6094,5194,215949,219400,109700,833,0,852,0,730,0,464,100,83,0,0,22833.5,0.106269,0,0,0,4986,0,0,0,1685,0,0,0,0,0,0,0,0
54,340461476,100,4948,0,0,4948,6134,8380,213433,232000,116000,913,0,837,0,583,0,443,92,86,0,0,26667.8,0.104072,0,0,0,4948,0,0,0,1750,0,0,0,0,0,0,0,0
55,340461476,100,4909,0,0,4909,6219,8449,217699,228800,114400,801,0,807,0,594,0,479,65,89,0,0,23672.7,0.114947,0,0,0,4909,0,0,0,1608,0,0,0,0,0,0,0,0
56,340461476,100,4711,0,0,4711,6048,9144,218501,236000,118000,829,0,823,0,421,0,462,70,87,0,0,24095.7,0.103464,0,0,0,4711,0,0,0,1652,0,0,0,0,0,0,0,0
57,340461476,100,4549,0,0,4549,5925,9686,219646,244000,122000,769,0,773,0,419,0,423,82,76,0,0,24131.6,0.1021,0,0,0,4549,0,0,0,1542,0,0,0,0,0,0,0,0
58,340461476,100,5600,0,0,5600,6945,7922,220301,227000,113500,710,0,722,0,1661,0,466,69,75,0,0,24615,0.0989,0,0,0,5600,0,0,0,1432,0,0,0,0,0,0,0,0
59,340461476,100,5570,0,0,5570,6933,8115,221755,230800,115400,1235,0,1297,0,720,0,517,122,111,0,0,24258.3,0.108436,0,0,0,5570,0,0,0,2532,0,0,0,0,0,0,0,0
60,340461476,100,5665,0,0,5665,7076,8251,222525,208400,104200,780,0,841,0,745,0,509,72,69,0,0,24546.1,0.105105,0,0,0,5665,0,0,0,1621,0,0,0,0,0,0,0,0
61,340461476,100,5758,0,0,5758,7110,8330,223351,202800,101400,812,0,800,0,816,0,561,82,80,0,0,24739.8,0.117784,0,0,0,5758,0,0,0,1612,0,0,0,0,0,0,0,0
62,340461476,100,5790,0,0,5790,7248,8338,224401,362800,181400,1215,0,1199,0,795,0,527,128,108,0,0,24672.7,0.121991,0,0,0,5790,0,0,0,2414,0,0,0,0,0,0,0,0
63,340461476,100,5851,0,0,5851,7327,8463,225103,231400,115700,909,0,859,0,782,0,539,101,81,0,0,24918.2,0.0680064,0,0,0,5851,0,0,0,1768,0,0,0,0,0,0,0,0
64,340461476,100,5897,0,0,5897,7541,8393,226255,228200,114100,920,0,827,0,820,0,598,84,92,0,0,24679.6,0.107685,0,0,0,5897,0,0,0,1747,0,0,0,0,0,0,0,0
65,340461476,100,5976,0,0,5976,7581,8465,227087,350400,175200,1189,0,1182,0,839,0,523,119,118,0,0,24728.1,0.108149,0,0,0,5976,0,0,0,2371,0,0,0,0,0,0,0,0
66,340461476,100,5999,0,0,5999,7666,8487,227572,244800,122400,936,0,951,0,827,0,599,103,102,0,0,25091.8,0.070571,0,0,0,5999,0,0,0,1887,0,0,0,0,0,0,0,0
67,340461476,100,6039,0,0,6039,7774,8563,228888,247800,123900,954,0,911,0,798,0,575,80,103,0,0,24594,0.102499,0,0,0,6039,0,0,0,1865,0,0,0,0,0,0,0,0
68,340461476,100,6025,0,0,6025,7841,8612,229334,337400,168700,1183,0,1106,0,789,0,559,143,101,0,0,24936.6,0.0992492,0,0,0,6025,0,0,0,2289,0,0,0,0,0,0,0,0
69,340461476,100,6127,0,0,6127,7920,8684,230253,262400,131200,941,0,985,0,849,0,555,103,89,0,0,24777.9,0.0739082,0,0,0,6127,0,0,0,1926,0,0,0,0,0,0,0,0
70,340461476,100,6144,0,0,6144,8072,8853,230598,262200,131100,984,0,1001,0,808,0,583,102,106,0,0,25165.7,0.0944279,0,0,0,6144,0,0,0,1985,0,0,0,0,0,0,0,0
71,340461476,100,6162,0,0,6162,8141,8921,231213,326000,163000,1144,0,1132,0,821,0,551,132,120,0,0,25257.2,0.0959792,0,0,0,6162,0,0,0,2276,0,0,0,0,0,0,0,0
72,340461476,100,6201,0,0,6201,8229,9026,231762,272600,136300,1019,0,980,0,853,0,600,101,113,0,0,25389.2,0.077476,0,0,0,6201,0,0,0,1999,0,0,0,0,0,0,0,0
73,340461476,100,6285,0,0,6285,8295,9081,232672,284200,142100,1018,0,1051,0,870,0,613,77,96,0,0,25135.6,0.0931372,0,0,0,6285,0,0,0,2069,0,0,0,0,0,0,0,0
74,340461476,100,6341,0,0,6341,8377,9150,232527,312200,156100,1125,0,1100,0,865,0,595,108,106,0,0,25913.4,0.0884435,0,0,0,6341,0,0,0,2225,0,0,0,0,0,0,0,0
75,340461476,100,6365,0,0,6365,8479,8969,233788,277400,138700,1009,0,1065,0,855,0,624,99,108,0,0,25262.4,0.0830027,0,0,0,6365,0,0,0,2074,0,0,0,0,0,0,0,0
76,340461476,100,6413,0,0,6413,8529,8918,234280,295200,147600,1074,0,1048,0,895,0,620,112,115,0,0,25358.5,0.0910686,0,0,0,6413,0,0,0,2122,0,0,0,0,0,0,0,0
77,340461476,100,6473,0,0,6473,8624,9253,234468,309000,154500,1098,0,1137,0,886,0,611,103,112,0,0,25737.3,0.0859026,0,0,0,6473,0,0,0,2235,0,0,0,0,0,0,0,0
78,340461476,100,6502,0,0,6502,8746,9335,235557,293400,146700,1084,0,1054,0,871,0,629,103,110,0,0,25194.7,0.0832922,0,0,0,6502,0,0,0,2138,0,0,0,0,0,0,0,0
79,340461476,100,6542,0,0,6542,8735,9480,235616,300000,150000,1080,0,1115,0,861,0,605,105,111,0,0,25662.4,0.0858715,0,0,0,6542,0,0,0,2195,0,0,0,0,0,0,0,0
80,340461476,100,6582,0,0,6582,8784,9438,236107,319400,159700,1151,0,1133,0,906,0,635,121,110,0,0,25679.1,0.0855414,0,0,0,6582,0,0,0,2284,0,0,0,0,0,0,0,0
81,340461476,100,6659,0,0,6659,8883,9375,236371,300800,150400,1116,0,1089,0,967,0,658,119,113,0,0,25904.6,0.0803981,0,0,0,6659,0,0,0,2205,0,0,0,0,0,0,0,0
82,340461476,100,6633,0,0,6633,8899,9370,236951,297400,148700,1111,0,1122,0,855,0,659,99,123,0,0,25796.4,0.086119,0,0,0,6633,0,0,0,2233,0,0,0,0,0,0,0,0
83,340461476,100,6707,0,0,6707,8968,9332,237965,324200,162100,1128,0,1164,0,924,0,606,120,124,0,0,25237.2,0.0867398,0,0,0,6707,0,0,0,2292,0,0,0,0,0,0,0,0
84,340461476,100,6732,0,0,6732,9037,9409,238015,305800,152900,1145,0,1082,0,913,0,667,130,91,0,0,25625.6,0.0778446,0,0,0,6732,0,0,0,2227,0,0,0,0,0,0,0,0
85,340461476,100,6740,0,0,6740,9119,9279,238321,308200,154100,1145,0,1120,0,924,0,672,117,127,0,0,25742.3,0.0837986,0,0,0,6740,0,0,0,2265,0,0,0,0,0,0,0,0
86,340461476,100,6769,0,0,6769,9192,9410,238619,321800,160900,1177,0,1140,0,898,0,641,117,111,0,0,25851.7,0.0835245,0,0,0,6769,0,0,0,2317,0,0,0,0,0,0,0,0
87,340461476,100,6848,0,0,6848,9123,9435,239093,318800,159400,1147,0,1125,0,932,0,660,98,95,0,0,25770.4,0.0803345,0,0,0,6848,0,0,0,2272,0,0,0,0,0,0,0,0
88,340461476,100,6891,0,0,6891,9238,9510,239342,314000,157000,1178,0,1131,0,934,0,646,123,122,0,0,25899.9,0.0808356,0,0,0,6891,0,0,0,2309,0,0,0,0,0,0,0,0
89,340461476,100,6983,0,0,6983,9173,9566,239797,325400,162700,1154,0,1174,0,941,0,649,87,113,0,0,25809.8,0.0824839,0,0,0,6983,0,0,0,2328,0,0,0,0,0,0,0,0
90,340461476,100,7064,0,0,7064,9205,9617,240091,333400,166700,1222,0,1169,0,945,0,630,135,99,0,0,25867.6,0.0793173,0,0,0,7064,0,0,0,2391,0,0,0,0,0,0,0,0
91,340461476,100,7111,0,0,7111,9231,9728,240148,321400,160700,1145,0,1176,0,896,0,644,105,100,0,0,26149.7,0.0775874,0,0,0,7111,0,0,0,2321,0,0,0,0,0,0,0,0
92,340461476,100,7114,0,0,7114,9287,9622,241143,343200,171600,1183,0,1204,0,933,0,675,127,128,0,0,25481.6,0.0813619,0,0,0,7114,0,0,0,2387,0,0,0,0,0,0,0,0
93,340461476,100,7122,0,0,7122,9396,9672,240604,336000,168000,1196,0,1188,0,919,0,661,137,113,0,0,26335.7,0.0742471,0,0,0,7122,0,0,0,2384,0,0,0,0,0,0,0,0
94,340461476,100,7174,0,0,7174,9414,9638,241264,333200,166600,1248,0,1131,0,936,0,659,123,102,0,0,25979.4,0.07838,0,0,0,7174,0,0,0,2379,0,0,0,0,0,0,0,0
95,340461476,100,7230,0,0,7230,9430,9644,241650,344200,172100,1239,0,1212,0,999,0,695,126,122,0,0,25886.3,0.0779695,0,0,0,7230,0,0,0,2451,0,0,0,0,0,0,0,0
96,340461476,100,7266,0,0,7266,9463,9689,241750,337200,168600,1221,0,1238,0,928,0,642,127,123,0,0,26068.5,0.075207,0,0,0,7266,0,0,0,2459,0,0,0,0,0,0,0,0
97,340461476,100,7241,0,0,7241,9472,9763,241556,340600,170300,1204,0,1198,0,918,0,704,124,115,0,0,26534.6,0.0773087,0,0,0,7241,0,0,0,2402,0,0,0,0,0,0,0,0
98,340461476,100,7204,0,0,7204,9493,9881,241859,350800,175400,1216,0,1246,0,894,0,681,128,122,0,0,26493.8,0.0779053,0,0,0,7204,0,0,0,2462,0,0,0,0,0,0,0,0
99,340461476,100,7239,0,0,7239,9588,9884,242396,341800,170900,1229,0,1169,0,940,0,665,130,110,0,0,26209.7,0.0755241,0,0,0,7239,0,0,0,2398,0,0,0,0,0,0,0,0
100,340461476,100,7257,0,0,7257,9591,9984,242623,341600,170800,1196,0,1231,0,936,0,672,137,109,0,0,26226.4,0.0766813,0,0,0,7257,0,0,0,2427,0,0,0,0,0,0,0,0
101,340461476,100,7288,0,0,7288,9635,9910,242989,346200,173100,1220,0,1250,0,964,0,699,116,118,0,0,26095.3,0.0767751,0,0,0,7288,0,0,0,2470,0,0,0,0,0,0,0,0
102,340461476,100,7310,0,0,7310,9724,9833,243294,341600,170800,1241,0,1202,0,977,0,691,149,115,0,0,26016.8,0.0753764,0,0,0,7310,0,0,0,2443,0,0,0,0,0,0,0,0
103,340461476,100,7336,0,0,7336,9677,9770,243273,343600,171800,1235,0,1256,0,976,0,718,112,120,0,0,26256.1,0.0761615,0,0,0,7336,0,0,0,2491,0,0,0,0,0,0,0,0
104,340461476,100,7408,0,0,7408,9678,9831,243551,348800,174400,1280,0,1217,0,963,0,648,134,109,0,0,26188.5,0.0764147,0,0,0,7408,0,0,0,2497,0,0,0,0,0,0,0,0
105,340461476,100,7351,0,0,7351,9689,9984,243286,344200,172100,1212,0,1229,0,919,0,715,120,141,0,0,26656.4,0.0750818,0,0,0,7351,0,0,0,2441,0,0,0,0,0,0,0,0
106,340461476,100,7359,0,0,7359,9612,9852,244191,346800,173400,1231,0,1191,0,964,0,716,122,118,0,0,25946.9,0.0774444,0,0,0,7359,0,0,0,2422,0,0,0,0,0,0,0,0
107,340461476,100,7373,0,0,7373,9683,9847,244152,352200,176100,1230,0,1259,0,929,0,675,120,120,0,0,26174.4,0.0748181,0,0,0,7373,0,0,0,2489,0,0,0,0,0,0,0,0
108,340461476,100,7434,0,0,7434,9766,9834,244514,355000,177500,1192,0,1297,0,1020,0,703,123,133,0,0,25994.1,0.0743169,0,0,0,7434,0,0,0,2489,0,0,0,0,0,0,0,0
109,340461476,100,7505,0,0,7505,9856,9814,244639,348200,174100,1315,0,1249,0,957,0,666,107,113,0,0,26044.3,0.0732229,0,0,0,7505,0,0,0,2564,0,0,0,0,0,0,0,0
110,340461476,100,7503,0,0,7503,9769,10009,244858,355800,177900,1273,0,1241,0,948,0,705,135,110,0,0,25994.1,0.0747969,0,0,0,7503,0,0,0,2514,0,0,0,0,0,0,0,0
111,340461476,100,7536,0,0,7536,9855,10018,244561,349000,174500,1262,0,1227,0,950,0,675,119,123,0,0,26453.9,0.0730582,0,0,0,7536,0,0,0,2489,0,0,0,0,0,0,0,0
112,340461476,100,7601,0,0,7601,9900,9931,244746,370600,185300,1330,0,1254,0,1011,0,683,138,125,0,0,26425.8,0.0757991,0,0,0,7601,0,0,0,2584,0,0,0,0,0,0,0,0
113,340461476,100,7573,0,0,7573,9858,9975,244851,358200,179100,1251,0,1324,0,983,0,743,124,144,0,0,26472,0.0713054,0,0,0,7573,0,0,0,2575,0,0,0,0,0,0,0,0
114,340461476,100,7545,0,0,7545,9942,9804,245302,348800,174400,1242,0,1269,0,985,0,753,130,130,0,0,26166.8,0.0739029,0,0,0,7545,0,0,0,2511,0,0,0,0,0,0,0,0
115,340461476,100,7530,0,0,7530,9963,9668,245436,357000,178500,1258,0,1270,0,967,0,734,127,121,0,0,26173.3,0.0750195,0,0,0,7530,0,0,0,2528,0,0,0,0,0,0,0,0
116,340461476,100,7499,0,0,7499,9947,9790,245277,359000,179500,1265,0,1261,0,930,0,704,132,125,0,0,26467.8,0.0733147,0,0,0,7499,0,0,0,2526,0,0,0,0,0,0,0,0
117,340461476,100,7489,0,0,7489,9997,9739,245598,349200,174600,1229,0,1211,0,920,0,682,118,130,0,0,26277.4,0.0737265,0,0,0,7489,0,0,0,2440,0,0,0,0,0,0,0,0
118,340461476,100,7497,0,0,7497,9961,9809,245508,362200,181100,1258,0,1247,0,938,0,685,125,120,0,0,26493.3,0.0752503,0,0,0,7497,0,0,0,2505,0,0,0,0,0,0,0,0
119,340461476,100,7435,0,0,7435,9890,9957,245714,371000,185500,1288,0,1295,0,929,0,726,128,137,0,0,26408.7,0.0731455,0,0,0,7435,0,0,0,2583,0,0,0,0,0,0,0,0
120,340461476,100,7483,0,0,7483,9922,9883,245763,345600,172800,1225,0,1196,0,994,0,719,121,106,0,0,26476.6,0.0711824,0,0,0,7483,0,0,0,2421,0,0,0,0,0,0,0,0
121,340461476,100,7457,0,0,7457,9887,10009,245971,353600,176800,1275,0,1265,0,940,0,712,107,147,0,0,26381.4,0.0766106,0,0,0,7457,0,0,0,2540,0,0,0,0,0,0,0,0
122,340461476,100,7470,0,0,7470,9913,9981,245936,352600,176300,1261,0,1230,0,1001,0,725,127,136,0,0,26525.1,0.0746081,0,0,0,7470,0,0,0,2491,0,0,0,0,0,0,0,0
123,340461476,100,7416,0,0,7416,9892,9961,246024,351400,175700,1294,0,1219,0,928,0,726,138,118,0,0,26541.9,0.0752272,0,0,0,7416,0,0,0,2513,0,0,0,0,0,0,0,0
124,340461476,100,7497,0,0,7497,9923,9902,246128,351200,175600,1261,0,1224,0,979,0,653,115,130,0,0,26538.9,0.0755319,0,0,0,7497,0,0,0,2485,0,0,0,0,0,0,0,0
125,340461476,100,7509,0,0,7509,9951,9885,246155,357400,178700,1294,0,1264,0,977,0,716,119,130,0,0,26609.3,0.0755664,0,0,0,7509,0,0,0,2558,0,0,0,0,0,0,0,0
126,340461476,100,7543,0,0,7543,10057,9952,246216,358400,179200,1275,0,1244,0,973,0,705,122,112,0,0,26642.2,0.0744524,0,0,0,7543,0,0,0,2519,0,0,0,0,0,0,0,0
127,340461476,100,7520,0,0,7520,10020,10001,246740,353000,176500,1266,0,1236,0,939,0,703,130,129,0,0,26208.6,0.0743364,0,0,0,7520,0,0,0,2502,0,0,0,0,0,0,0,0
128,340461476,100,7447,0,0,7447,10041,10110,246797,357400,178700,1230,0,1278,0,903,0,752,107,117,0,0,26238.8,0.0742454,0,0,0,7447,0,0,0,2508,0,0,0,0,0,0,0,0
129,340461476,100,7513,0,0,7513,10029,10133,246537,359600,179800,1222,0,1271,0,1006,0,695,116,129,0,0,26582.9,0.0734159,0,0,0,7513,0,0,0,2493,0,0,0,0,0,0,0,0
130,340461476,100,7506,0,0,7506,9966,10216,246472,349800,174900,1251,0,1275,0,997,0,746,132,126,0,0,26729,0.0739235,0,0,0,7506,0,0,0,2526,0,0,0,0,0,0,0,0
131,340461476,100,7539,0,0,7539,9993,10228,246835,364200,182100,1294,0,1282,0,976,0,686,149,108,0,0,26444.1,0.0764121,0,0,0,7539,0,0,0,2576,0,0,0,0,0,0,0,0
132,340461476,100,7589,0,0,7589,10061,10140,246990,343200,171600,1218,0,1238,0,1007,0,707,119,131,0,0,26364.4,0.0726087,0,0,0,7589,0,0,0,2456,0,0,0,0,0,0,0,0
133,340461476,100,7615,0,0,7615,10150,10077,247349,357800,178900,1230,0,1344,0,1003,0,722,121,134,0,0,26078,0.0768194,0,0,0,7615,0,0,0,2574,0,0,0,0,0,0,0,0
134,340461476,100,7613,0,0,7613,10226,10097,247152,367600,183800,1381,0,1244,0,950,0,706,132,114,0,0,26345,0.0728843,0,0,0,7613,0,0,0,2625,0,0,0,0,0,0,0,0
135,340461476,100,7633,0,0,7633,10275,10061,246988,352000,176000,1224,0,1266,0,989,0,704,149,116,0,0,26576.4,0.0716675,0,0,0,7633,0,0,0,2490,0,0,0,0,0,0,0,0
136,340461476,100,7649,0,0,7649,10304,10085,247025,363600,181800,1290,0,1282,0,966,0,680,144,126,0,0,26604.5,0.0755012,0,0,0,7649,0,0,0,2572,0,0,0,0,0,0,0,0
137,340461476,100,7610,0,0,7610,10253,10204,247145,380200,190100,1351,0,1297,0,1002,0,764,142,135,0,0,26547.2,0.0731696,0,0,0,7610,0,0,0,2648,0,0,0,0,0,0,0,0
138,340461476,100,7585,0,0,7585,10290,10338,246888,346600,173300,1289,0,1238,0,977,0,770,110,122,0,0,26864.6,0.0698242,0,0,0,7585,0,0,0,2527,0,0,0,0,0,0,0,0
139,340461476,100,7577,0,0,7577,10299,10384,247526,353000,176500,1279,0,1253,0,950,0,722,122,114,0,0,26284.8,0.0775089,0,0,0,7577,0,0,0,2532,0,0,0,0,0,0,0,0
140,340461476,100,7667,0,0,7667,10269,10170,247885,367600,183800,1299,0,1283,0,1019,0,688,118,123,0,0,25982,0.0744613,0,0,0,7667,0,0,0,2582,0,0,0,0,0,0,0,0
141,340461476,100,7686,0,0,7686,10247,10076,247074,363600,181800,1329,0,1286,0,992,0,712,134,127,0,0,26847.1,0.0706801,0,0,0,7686,0,0,0,2615,0,0,0,0,0,0,0,0
142,340461476,100,7737,0,0,7737,10286,10009,247591,369200,184600,1287,0,1311,0,1033,0,682,150,150,0,0,26382.3,0.073837,0,0,0,7737,0,0,0,2598,0,0,0,0,0,0,0,0
143,340461476,100,7746,0,0,7746,10341,9995,247148,361400,180700,1312,0,1289,0,1006,0,754,122,121,0,0,26875.6,0.071458,0,0,0,7746,0,0,0,2601,0,0,0,0,0,0,0,0
144,340461476,100,7703,0,0,7703,10257,10068,247496,373800,186900,1323,0,1328,0,939,0,745,118,119,0,0,26576.1,0.0743653,0,0,0,7703,0,0,0,2651,0,0,0,0,0,0,0,0
145,340461476,100,7691,0,0,7691,10264,10137,247652,363800,181900,1281,0,1278,0,926,0,700,106,132,0,0,26466.9,0.0710972,0,0,0,7691,0,0,0,2559,0,0,0,0,0,0,0,0
146,340461476,100,7667,0,0,7667,10215,10156,247720,363200,181600,1192,0,1310,0,964,0,733,120,135,0,0,26443.9,0.0727512,0,0,0,7667,0,0,0,2502,0,0,0,0,0,0,0,0
147,340461476,100,7668,0,0,7668,10172,10043,247907,380800,190400,1306,0,1323,0,1033,0,759,144,129,0,0,26300.4,0.0728082,0,0,0,7668,0,0,0,2629,0,0,0,0,0,0,0,0
148,340461476,100,7666,0,0,7666,10253,10058,247149,362600,181300,1314,0,1307,0,965,0,695,130,142,0,0,27100.3,0.0690661,0,0,0,7666,0,0,0,2621,0,0,0,0,0,0,0,0
149,340461476,100,7593,0,0,7593,10242,10099,247761,351600,175800,1256,0,1237,0,953,0,745,142,139,0,0,26528.6,0.0747387,0,0,0,7593,0,0,0,2493,0,0,0,0,0,0,0,0
150,340461476,100,7528,0,0,7528,10268,10051,247953,366800,183400,1273,0,1277,0,935,0,734,122,144,0,0,26375.5,0.0754511,0,0,0,7528,0,0,0,2550,0,0,0,0,0,0,0,0
151,340461476,100,7543,0,0,7543,10259,10027,248010,367800,183900,1268,0,1277,0,955,0,700,117,123,0,0,26356,0.071907,0,0,0,7543,0,0,0,2545,0,0,0,0,0,0,0,0
152,340461476,100,7510,0,0,7510,10274,10068,248092,353400,176700,1216,0,1291,0,962,0,733,129,133,0,0,26310.2,0.0716585,0,0,0,7510,0,0,0,2507,0,0,0,0,0,0,0,0
153,340461476,100,7528,0,0,7528,10314,10060,247948,356400,178200,1307,0,1219,0,996,0,705,134,139,0,0,26489,0.0744487,0,0,0,7528,0,0,0,2526,0,0,0,0,0,0,0,0
154,340461476,100,7537,0,0,7537,10277,10202,248489,363200,181600,1293,0,1275,0,970,0,698,132,131,0,0,25981.6,0.0743238,0,0,0,7537,0,0,0,2568,0,0,0,0,0,0,0,0
155,340461476,100,7530,0,0,7530,10308,10264,248070,351000,175500,1253,0,1258,0,989,0,744,126,126,0,0,26433,0.0715352,0,0,0,7530,0,0,0,2511,0,0,0,0,0,0,0,0
156,340461476,100,7568,0,0,7568,10280,10194,247892,355200,177600,1285,0,1264,0,1013,0,719,129,127,0,0,26642.2,0.0753076,0,0,0,7568,0,0,0,2549,0,0,0,0,0,0,0,0
157,340461476,100,7637,0,0,7637,10190,10134,247931,364000,182000,1291,0,1299,0,988,0,680,114,125,0,0,26633.3,0.0750062,0,0,0,7637,0,0,0,2590,0,0,0,0,0,0,0,0
158,340461476,100,7698,0,0,7698,10251,10093,248060,357600,178800,1241,0,1316,0,1023,0,694,119,149,0,0,26533.3,0.0731684,0,0,0,7698,0,0,0,2557,0,0,0,0,0,0,0,0
159,340461476,100,7665,0,0,7665,10298,10174,248318,366600,183300,1289,0,1312,0,981,0,776,112,126,0,0,26303.3,0.0741982,0,0,0,7665,0,0,0,2601,0,0,0,0,0,0,0,0
160,340461476,100,7660,0,0,7660,10306,10161,247968,364600,182300,1278,0,1283,0,928,0,693,115,125,0,0,26680.2,0.0717492,0,0,0,7660,0,0,0,2561,0,0,0,0,0,0,0,0
161,340461476,100,7671,0,0,7671,10282,10198,248111,358000,179000,1263,0,1238,0,990,0,744,126,109,0,0,26563.2,0.0731766,0,0,0,7671,0,0,0,2501,0,0,0,0,0,0,0,0
162,340461476,100,7660,0,0,7660,10266,10174,248251,375600,187800,1321,0,1310,0,968,0,727,131,121,0,0,26448.2,0.0741988,0,0,0,7660,0,0,0,2631,0,0,0,0,0,0,0,0
163,340461476,100,7710,0,0,7710,10254,10010,248030,364400,182200,1304,0,1274,0,1009,0,728,119,112,0,0,26693.3,0.0704158,0,0,0,7710,0,0,0,2578,0,0,0,0,0,0,0,0
164,340461476,100,7690,0,0,7690,10195,10212,247870,356200,178100,1289,0,1275,0,967,0,745,119,123,0,0,26876.6,0.0732529,0,0,0,7690,0,0,0,2564,0,0,0,0,0,0,0,0
165,340461476,100,7730,0,0,7730,10163,10252,248196,366600,183300,1307,0,1295,0,980,0,701,126,113,0,0,26573.1,0.0754538,0,0,0,7730,0,0,0,2602,0,0,0,0,0,0,0,0
166,340461476,100,7740,0,0,7740,10199,10221,248349,372000,186000,1333,0,1263,0,985,0,704,130,141,0,0,26441.7,0.0724852,0,0,0,7740,0,0,0,2596,0,0,0,0,0,0,0,0
167,340461476,100,7654,0,0,7654,10188,10375,248281,368000,184000,1300,0,1282,0,954,0,748,136,156,0,0,26530.5,0.0710798,0,0,0,7654,0,0,0,2582,0,0,0,0,0,0,0,0
168,340461476,100,7656,0,0,7656,10316,10263,248466,366400,183200,1279,0,1265,0,1015,0,748,142,123,0,0,26365.6,0.0720938,0,0,0,7656,0,0,0,2544,0,0,0,0,0,0,0,0
169,340461476,100,7705,0,0,7705,10311,10164,247996,365400,182700,1310,0,1304,0,982,0,674,119,140,0,0,26855,0.0719586,0,0,0,7705,0,0,0,2614,0,0,0,0,0,0,0,0
170,340461476,100,7655,0,0,7655,10306,10160,248350,364000,182000,1317,0,1250,0,948,0,751,131,116,0,0,26519.7,0.0734948,0,0,0,7655,0,0,0,2567,0,0,0,0,0,0,0,0
171,340461476,100,7742,0,0,7742,10349,10076,248471,364800,182400,1297,0,1257,0,1030,0,698,125,120,0,0,26416.7,0.0728562,0,0,0,7742,0,0,0,2554,0,0,0,0,0,0,0,0
172,340461476,100,7709,0,0,7709,10344,10079,248151,367800,183900,1343,0,1301,0,958,0,737,120,134,0,0,26754,0.0724141,0,0,0,7709,0,0,0,2644,0,0,0,0,0,0,0,0
173,340461476,100,7742,0,0,7742,10308,10086,248467,369200,184600,1272,0,1290,0,988,0,704,127,124,0,0,26454.7,0.0727406,0,0,0,7742,0,0,0,2562,0,0,0,0,0,0,0,0
174,340461476,100,7739,0,0,7739,10289,10184,248629,359600,179800,1352,0,1213,0,974,0,734,115,128,0,0,26308.8,0.0716542,0,0,0,7739,0,0,0,2565,0,0,0,0,0,0,0,0
175,340461476,100,7674,0,0,7674,10276,10240,248118,379800,189900,1313,0,1308,0,947,0,735,140,137,0,0,26835.4,0.0731614,0,0,0,7674,0,0,0,2621,0,0,0,0,0,0,0,0
176,340461476,100,7671,0,0,7671,10282,10377,248634,368800,184400,1244,0,1313,0,978,0,720,137,124,0,0,26334.3,0.0706566,0,0,0,7671,0,0,0,2557,0,0,0,0,0,0,0,0
177,340461476,100,7746,0,0,7746,10300,10294,248561,362600,181300,1314,0,1274,0,1027,0,699,113,140,0,0,26421.8,0.0714055,0,0,0,7746,0,0,0,2588,0,0,0,0,0,0,0,0
178,340461476,100,7772,0,0,7772,10324,10203,248083,370200,185100,1333,0,1324,0,1005,0,728,144,107,0,0,26913.7,0.0728676,0,0,0,7772,0,0,0,2657,0,0,0,0,0,0,0,0
179,340461476,100,7731,0,0,7731,10280,10246,248516,361000,180500,1282,0,1302,0,1008,0,796,136,117,0,0,26494.1,0.0727005,0,0,0,7731,0,0,0,2584,0,0,0,0,0,0,0,0
180,340461476,100,7769,0,0,7769,10376,10131,248720,361200,180600,1286,0,1299,0,1007,0,700,130,139,0,0,26303.1,0.0733909,0,0,0,7769,0,0,0,2585,0,0,0,0,0,0,0,0
181,340461476,100,7681,0,0,7681,10373,10165,248513,372200,186100,1341,0,1318,0,946,0,771,134,129,0,0,26522.5,0.0728213,0,0,0,7681,0,0,0,2659,0,0,0,0,0,0,0,0
182,340461476,100,7614,0,0,7614,10285,10053,248967,365800,182900,1241,0,1308,0,985,0,782,128,142,0,0,26080.6,0.0712588,0,0,0,7614,0,0,0,2549,0,0,0,0,0,0,0,0
183,340461476,100,7595,0,0,7595,10255,10099,248227,351800,175900,1276,0,1242,0,996,0,770,127,118,0,0,26832.2,0.0712973,0,0,0,7595,0,0,0,2518,0,0,0,0,0,0,0,0
184,340461476,100,7645,0,0,7645,10248,10111,248225,365000,182500,1306,0,1257,0,998,0,699,128,121,0,0,26845.3,0.076271,0,0,0,7645,0,0,0,2563,0,0,0,0,0,0,0,0
185,340461476,100,7695,0,0,7695,10264,10084,248791,358200,179100,1280,0,1277,0,976,0,678,114,134,0,0,26290.1,0.0735488,0,0,0,7695,0,0,0,2557,0,0,0,0,0,0,0,0
186,340461476,100,7630,0,0,7630,10308,10191,248721,361000,180500,1261,0,1281,0,933,0,762,118,118,0,0,26370.5,0.073395,0,0,0,7630,0,0,0,2542,0,0,0,0,0,0,0,0
187,340461476,100,7589,0,0,7589,10263,10242,248329,366800,183400,1254,0,1288,0,999,0,757,142,141,0,0,26772.5,0.0730484,0,0,0,7589,0,0,0,2542,0,0,0,0,0,0,0,0
188,340461476,100,7672,0,0,7672,10244,10380,248596,359600,179800,1295,0,1271,0,1029,0,693,138,115,0,0,26515.1,0.0729893,0,0,0,7672,0,0,0,2566,0,0,0,0,0,0,0,0
189,340461476,100,7696,0,0,7696,10296,10337,248496,365200,182600,1340,0,1260,0,1011,0,721,141,125,0,0,26624.4,0.0737351,0,0,0,7696,0,0,0,2600,0,0,0,0,0,0,0,0
190,340461476,100,7691,0,0,7691,10313,10356,248749,356400,178200,1302,0,1278,0,1001,0,737,133,136,0,0,26380.4,0.0729037,0,0,0,7691,0,0,0,2580,0,0,0,0,0,0,0,0
191,340461476,100,7752,0,0,7752,10387,10288,248485,363400,181700,1315,0,1262,0,1016,0,712,123,120,0,0,26653,0.0740191,0,0,0,7752,0,0,0,2577,0,0,0,0,0,0,0,0
192,340461476,100,7752,0,0,7752,10453,10282,248731,362600,181300,1315,0,1293,0,966,0,710,134,122,0,0,26415.4,0.0733435,0,0,0,7752,0,0,0,2608,0,0,0,0,0,0,0,0
193,340461476,100,7745,0,0,7745,10485,10305,248764,371400,185700,1268,0,1347,0,935,0,663,140,139,0,0,26390.4,0.0728499,0,0,0,7745,0,0,0,2615,0,0,0,0,0,0,0,0
194,340461476,100,7801,0,0,7801,10501,10263,248431,381400,190700,1361,0,1265,0,1049,0,730,135,128,0,0,26731.2,0.0710566,0,0,0,7801,0,0,0,2626,0,0,0,0,0,0,0,0
195,340461476,100,7752,0,0,7752,10497,10224,248212,359200,179600,1297,0,1315,0,995,0,753,149,142,0,0,26957.6,0.0700869,0,0,0,7752,0,0,0,2612,0,0,0,0,0,0,0,0
196,340461476,100,7767,0,0,7767,10480,10168,248826,367000,183500,1331,0,1276,0,983,0,704,142,122,0,0,26350.8,0.0750491,0,0,0,7767,0,0,0,2607,0,0,0,0,0,0,0,0
197,340461476,100,7649,0,0,7649,10508,10271,248516,372800,186400,1289,0,1312,0,957,0,784,157,134,0,0,26667.8,0.0718006,0,0,0,7649,0,0,0,2601,0,0,0,0,0,0,0,0
198,340461476,100,7616,0,0,7616,10461,10332,248579,358800,179400,1315,0,1190,0,1004,0,780,121,136,0,0,26611.4,0.0715337,0,0,0,7616,0,0,0,2505,0,0,0,0,0,0,0,0
199,340461476,100,7553,0,0,7553,10465,10289,248512,364800,182400,1288,0,1301,0,944,0,740,154,113,0,0,26684.9,0.0741679,0,0,0,7553,0,0,0,2589,0,0,0,0,0,0,0,0
200,340461476,100,7584,0,0,7584,10443,10317,248536,353800,176900,1239,0,1247,0,1012,0,748,124,109,0,0,26667.1,0.0731493,0,0,0,7584,0,0,0,2486,0,0,0,0,0,0,0,0
201,340461476,100,7922,0,0,7922,10457,10198,248425,357200,178600,0,0,0,0,1025,0,687,0,0,0,0,26784.1,0.0753734,0,0,0,7922,0,0,0,0,0,0,0,0,0,0,0,0
202,340461476,100,8157,0,0,8157,10508,10171,248418,362800,181400,0,0,0,0,986,0,751,0,0,0,0,26796.9,0.0749835,0,0,0,8157,0,0,0,0,0,0,0,0,0,0,0,0
203,340461476,100,8345,0,0,8345,10424,10198,248735,362400,181200,0,0,0,0,949,0,761,0,0,0,0,26485.4,0.0738613,0,0,0,8345,0,0,0,0,0,0,0,0,0,0,0,0
204,340461476,100,8532,0,0,8532,10446,10223,248292,21000,10500,0,0,0,0,1004,0,817,0,0,0,0,26933.8,0.0730834,0,0,0,8532,0,0,0,0,0,0,0,0,0,0,0,0
205,340461476,100,8690,0,0,8690,10433,10237,242905,36800,18400,0,0,0,0,983,0,825,0,0,0,0,32326,1,0,0,0,8690,0,0,0,0,0,0,0,0,0,0,0,0
206,340461476,100,8907,0,0,8907,10393,10190,249161,51800,25900,0,0,0,0,1014,0,797,0,0,0,0,26074.9,0.878423,0,0,0,8907,0,0,0,0,0,0,0,0,0,0,0,0
207,340461476,100,9007,0,0,9007,10446,10279,248357,48000,24000,0,0,0,0,924,0,824,0,0,0,0,26883.8,0.503377,0,0,0,9007,0,0,0,0,0,0,0,0,0,0,0,0
208,340461476,100,9194,0,0,9194,10470,10241,248825,55000,27500,0,0,0,0,1057,0,870,0,0,0,0,26420.4,0.560078,0,0,0,9194,0,0,0,0,0,0,0,0,0,0,0,0
209,340461476,100,9194,0,0,9194,10500,10367,248420,55600,27800,0,0,0,0,943,0,943,0,0,0,0,26829.8,0.48037,0,0,0,9194,0,0,0,0,0,0,0,0,0,0,0,0
210,340461476,100,9359,0,0,9359,10423,10428,248721,56400,28200,0,0,0,0,1025,0,860,0,0,0,0,26533.2,0.482551,0,0,0,9359,0,0,0,0,0,0,0,0,0,0,0,0
211,340461476,100,9524,0,0,9524,10382,10407,248617,56800,28400,0,0,0,0,1036,0,871,0,0,0,0,26641.3,0.470446,0,0,0,9524,0,0,0,0,0,0,0,0,0,0,0,0
212,340461476,100,9662,0,0,9662,10398,10361,248653,57400,28700,0,0,0,0,1066,0,928,0,0,0,0,26609.3,0.469037,0,0,0,9662,0,0,0,0,0,0,0,0,0,0,0,0
213,340461476,100,9746,0,0,9746,10410,10241,248790,60200,30100,0,0,0,0,1004,0,920,0,0,0,0,26476.2,0.463577,0,0,0,9746,0,0,0,0,0,0,0,0,0,0,0,0
214,340461476,100,9810,0,0,9810,10415,10251,248634,58800,29400,0,0,0,0,1017,0,953,0,0,0,0,26635.9,0.439803,0,0,0,9810,0,0,0,0,0,0,0,0,0,0,0,0
215,340461476,100,9873,0,0,9873,10473,10187,248723,58800,29400,0,0,0,0,955,0,892,0,0,0,0,26550.4,0.452991,0,0,0,9873,0,0,0,0,0,0,0,0,0,0,0,0
216,340461476,100,9933,0,0,9933,10449,10225,248736,60200,30100,0,0,0,0,1005,0,945,0,0,0,0,26540.9,0.451538,0,0,0,9933,0,0,0,0,0,0,0,0,0,0,0,0
217,340461476,100,9952,0,0,9952,10456,10219,248645,60200,30100,0,0,0,0,981,0,962,0,0,0,0,26635.2,0.440878,0,0,0,9952,0,0,0,0,0,0,0,0,0,0,0,0
218,340461476,100,9911,0,0,9911,10467,10203,248746,61200,30600,0,0,0,0,960,0,1001,0,0,0,0,26537.4,0.442445,0,0,0,9911,0,0,0,0,0,0,0,0,0,0,0,0
219,340461476,100,9925,0,0,9925,10312,10250,248634,62200,31100,0,0,0,0,1014,0,1000,0,0,0,0,26652.5,0.433618,0,0,0,9925,0,0,0,0,0,0,0,0,0,0,0,0
220,340461476,100,10032,0,0,10032,10237,10069,248838,60400,30200,0,0,0,0,1031,0,924,0,0,0,0,26451.5,0.428497,0,0,0,10032,0,0,0,0,0,0,0,0,0,0,0,0
221,340461476,100,10009,0,0,10009,10284,10084,248673,65200,32600,0,0,0,0,937,0,960,0,0,0,0,26619.3,0.437938,0,0,0,10009,0,0,0,0,0,0,0,0,0,0,0,0
222,340461476,100,10022,0,0,10022,10286,10119,248725,66000,33000,0,0,0,0,1010,0,997,0,0,0,0,26570.1,0.408272,0,0,0,10022,0,0,0,0,0,0,0,0,0,0,0,0
223,340461476,100,10109,0,0,10109,10284,10064,248877,57400,28700,0,0,0,0,1048,0,961,0,0,0,0,26420.8,0.402578,0,0,0,10109,0,0,0,0,0,0,0,0,0,0,0,0
224,340461476,100,10084,0,0,10084,10232,10191,248828,56600,28300,0,0,0,0,930,0,955,0,0,0,0,26472.3,0.460292,0,0,0,10084,0,0,0,0,0,0,0,0,0,0,0,0
225,340461476,100,10110,0,0,10110,10246,10354,248501,59600,29800,0,0,0,0,1001,0,975,0,0,0,0,26801.8,0.467709,0,0,0,10110,0,0,0,0,0,0,0,0,0,0,0,0
226,340461476,100,10134,0,0,10134,10350,10414,248771,66600,33300,0,0,0,0,990,0,966,0,0,0,0,26534.2,0.449695,0,0,0,10134,0,0,0,0,0,0,0,0,0,0,0,0
227,340461476,100,10134,0,0,10134,10256,9828,248911,61600,30800,0,0,0,0,1011,0,1011,0,0,0,0,26396.5,0.398412,0,0,0,10134,0,0,0,0,0,0,0,0,0,0,0,0
228,340461476,100,10203,0,0,10203,10289,10304,248386,62800,31400,0,0,0,0,1058,0,989,0,0,0,0,26923.8,0.428515,0,0,0,10203,0,0,0,0,0,0,0,0,0,0,0,0
229,340461476,100,10227,0,0,10227,10271,10289,248683,55000,27500,0,0,0,0,1024,0,1000,0,0,0,0,26628.9,0.428722,0,0,0,10227,0,0,0,0,0,0,0,0,0,0,0,0
230,340461476,100,10179,0,0,10179,10348,10358,248491,61600,30800,0,0,0,0,942,0,990,0,0,0,0,26823,0.484162,0,0,0,10179,0,0,0,0,0,0,0,0,0,0,0,0
231,340461476,100,9998,0,0,9998,10153,10663,248605,64000,32000,0,0,0,0,801,0,982,0,0,0,0,26711,0.435438,0,0,0,9998,0,0,0,0,0,0,0,0,0,0,0,0
232,340461476,100,10266,0,0,10266,10372,10274,248894,66600,33300,0,0,0,0,1184,0,916,0,0,0,0,26423.9,0.417359,0,0,0,10266,0,0,0,0,0,0,0,0,0,0,0,0
233,340461476,100,10339,0,0,10339,10398,10300,248768,62600,31300,0,0,0,0,1014,0,941,0,0,0,0,26551.7,0.396755,0,0,0,10339,0,0,0,0,0,0,0,0,0,0,0,0
234,340461476,100,10439,0,0,10439,10434,10189,248676,60200,30100,0,0,0,0,1014,0,914,0,0,0,0,26645.5,0.424149,0,0,0,10439,0,0,0,0,0,0,0,0,0,0,0,0
235,340461476,100,10375,0,0,10375,10426,10237,248499,63200,31600,0,0,0,0,944,0,1008,0,0,0,0,26824.2,0.442616,0,0,0,10375,0,0,0,0,0,0,0,0,0,0,0,0
236,340461476,100,10479,0,0,10479,10413,10190,248319,64800,32400,0,0,0,0,1035,0,931,0,0,0,0,27005.9,0.424434,0,0,0,10479,0,0,0,0,0,0,0,0,0,0,0,0
237,340461476,100,10537,0,0,10537,10410,10250,248653,67600,33800,0,0,0,0,1008,0,950,0,0,0,0,26673.5,0.416757,0,0,0,10537,0,0,0,0,0,0,0,0,0,0,0,0
238,340461476,100,10475,0,0,10475,10422,10418,248540,66800,33400,0,0,0,0,970,0,1032,0,0,0,0,26788,0.394578,0,0,0,10475,0,0,0,0,0,0,0,0,0,0,0,0
239,340461476,100,10529,0,0,10529,10351,10348,248970,66400,33200,0,0,0,0,1043,0,989,0,0,0,0,26359.5,0.401018,0,0,0,10529,0,0,0,0,0,0,0,0,0,0,0,0
240,340461476,100,10532,0,0,10532,10312,10306,248734,69400,34700,0,0,0,0,1022,0,1019,0,0,0,0,26596.9,0.39698,0,0,0,10532,0,0,0,0,0,0,0,0,0,0,0,0
241,340461476,100,10514,0,0,10514,10317,10202,249055,58200,29100,0,0,0,0,1016,0,1034,0,0,0,0,26277.3,0.383241,0,0,0,10514,0,0,0,0,0,0,0,0,0,0,0,0
242,340461476,100,10480,0,0,10480,10347,10084,248749,65600,32800,0,0,0,0,1025,0,1059,0,0,0,0,26584.6,0.4515,0,0,0,10480,0,0,0,0,0,0,0,0,0,0,0,0
243,340461476,100,10435,0,0,10435,10371,10101,248645,76600,38300,0,0,0,0,938,0,983,0,0,0,0,26689.9,0.405253,0,0,0,10435,0,0,0,0,0,0,0,0,0,0,0,0
244,340461476,100,10416,0,0,10416,10421,10164,248880,60400,30200,0,0,0,0,983,0,1002,0,0,0,0,26456.2,0.348432,0,0,0,10416,0,0,0,0,0,0,0,0,0,0,0,0
245,340461476,100,10346,0,0,10346,10417,10195,248800,67400,33700,0,0,0,0,965,0,1035,0,0,0,0,26537.3,0.438016,0,0,0,10346,0,0,0,0,0,0,0,0,0,0,0,0
246,340461476,100,10323,0,0,10323,10367,10201,248622,61200,30600,0,0,0,0,971,0,994,0,0,0,0,26716.5,0.393729,0,0,0,10323,0,0,0,0,0,0,0,0,0,0,0,0
247,340461476,100,10386,0,0,10386,10361,10124,248577,66600,33300,0,0,0,0,1018,0,955,0,0,0,0,26762.6,0.436544,0,0,0,10386,0,0,0,0,0,0,0,0,0,0,0,0
248,340461476,100,10396,0,0,10396,10341,10219,248394,64200,32100,0,0,0,0,1003,0,993,0,0,0,0,26946.7,0.401841,0,0,0,10396,0,0,0,0,0,0,0,0,0,0,0,0
249,340461476,100,10372,0,0,10372,10298,10193,249118,65400,32700,0,0,0,0,996,0,1020,0,0,0,0,26223.7,0.41973,0,0,0,10372,0,0,0,0,0,0,0,0,0,0,0,0
250,340461476,100,10371,0,0,10371,10282,10192,248541,59800,29900,0,0,0,0,990,0,991,0,0,0,0,26801.7,0.400974,0,0,0,10371,0,0,0,0,0,0,0,0,0,0,0,0
251,340461476,100,10416,0,0,10416,10235,10224,248646,59200,29600,0,0,0,0,1024,0,979,0,0,0,0,26697.7,0.448189,0,0,0,10416,0,0,0,0,0,0,0,0,0,0,0,0
252,340461476,100,10420,0,0,10420,10273,10282,248954,60000,30000,0,0,0,0,1028,0,1024,0,0,0,0,26390.6,0.450974,0,0,0,10420,0,0,0,0,0,0,0,0,0,0,0,0
253,340461476,100,10388,0,0,10388,10257,10400,248792,70800,35400,0,0,0,0,934,0,966,0,0,0,0,26553.4,0.439843,0,0,0,10388,0,0,0,0,0,0,0,0,0,0,0,0
254,340461476,100,10347,0,0,10347,10267,10372,248789,61200,30600,0,0,0,0,948,0,989,0,0,0,0,26557.3,0.375049,0,0,0,10347,0,0,0,0,0,0,0,0,0,0,0,0
255,340461476,100,10399,0,0,10399,10369,10258,248979,66800,33400,0,0,0,0,983,0,931,0,0,0,0,26368.1,0.433942,0,0,0,10399,0,0,0,0,0,0,0,0,0,0,0,0
256,340461476,100,10434,0,0,10434,10427,10141,248697,59400,29700,0,0,0,0,957,0,922,0,0,0,0,26650.9,0.394732,0,0,0,10434,0,0,0,0,0,0,0,0,0,0,0,0
257,340461476,100,10451,0,0,10451,10459,10074,248620,67000,33500,0,0,0,0,1017,0,1000,0,0,0,0,26728.7,0.448668,0,0,0,10451,0,0,0,0,0,0,0,0,0,0,0,0
258,340461476,100,10429,0,0,10429,10428,10095,248624,64200,32100,0,0,0,0,957,0,979,0,0,0,0,26725.4,0.398935,0,0,0,10429,0,0,0,0,0,0,0,0,0,0,0,0
259,340461476,100,10451,0,0,10451,10446,10188,248711,65200,32600,0,0,0,0,1026,0,1004,0,0,0,0,26639.1,0.416284,0,0,0,10451,0,0,0,0,0,0,0,0,0,0,0,0
260,340461476,100,10453,0,0,10453,10454,10306,248904,65400,32700,0,0,0,0,971,0,969,0,0,0,0,26446.8,0.408576,0,0,0,10453,0,0,0,0,0,0,0,0,0,0,0,0
261,340461476,100,10423,0,0,10423,10466,10474,248268,71000,35500,0,0,0,0,988,0,1018,0,0,0,0,27083.5,0.404386,0,0,0,10423,0,0,0,0,0,0,0,0,0,0,0,0
262,340461476,100,10431,0,0,10431,10420,10430,248505,63600,31800,0,0,0,0,983,0,975,0,0,0,0,26847.1,0.381457,0,0,0,10431,0,0,0,0,0,0,0,0,0,0,0,0
263,340461476,100,10446,0,0,10446,10427,10357,248849,68000,34000,0,0,0,0,1005,0,990,0,0,0,0,26503.7,0.422124,0,0,0,10446,0,0,0,0,0,0,0,0,0,0,0,0
264,340461476,100,10472,0,0,10472,10407,10287,248568,66400,33200,0,0,0,0,1042,0,1016,0,0,0,0,26785.3,0.389761,0,0,0,10472,0,0,0,0,0,0,0,0,0,0,0,0
265,340461476,100,10526,0,0,10526,10467,10102,248612,62400,31200,0,0,0,0,1047,0,993,0,0,0,0,26741.9,0.403393,0,0,0,10526,0,0,0,0,0,0,0,0,0,0,0,0
266,340461476,100,10521,0,0,10521,10498,10159,248752,65800,32900,0,0,0,0,972,0,977,0,0,0,0,26602.4,0.428556,0,0,0,10521,0,0,0,0,0,0,0,0,0,0,0,0
267,340461476,100,10476,0,0,10476,10486,10120,248830,64200,32100,0,0,0,0,987,0,1032,0,0,0,0,26525,0.404292,0,0,0,10476,0,0,0,0,0,0,0,0,0,0,0,0
268,340461476,100,10469,0,0,10469,10496,10043,248731,66600,33300,0,0,0,0,965,0,972,0,0,0,0,26624.5,0.413162,0,0,0,10469,0,0,0,0,0,0,0,0,0,0,0,0
269,340461476,100,10456,0,0,10456,10461,10102,248882,61400,30700,0,0,0,0,998,0,1011,0,0,0,0,26474,0.399767,0,0,0,10456,0,0,0,0,0,0,0,0,0,0,0,0
270,340461476,100,10381,0,0,10381,10467,10183,248560,71200,35600,0,0,0,0,953,0,1028,0,0,0,0,26796.4,0.431172,0,0,0,10381,0,0,0,0,0,0,0,0,0,0,0,0
271,340461476,100,10402,0,0,10402,10391,10219,248812,66400,33200,0,0,0,0,968,0,947,0,0,0,0,26544.9,0.376354,0,0,0,10402,0,0,0,0,0,0,0,0,0,0,0,0
272,340461476,100,10362,0,0,10362,10421,10181,249000,67000,33500,0,0,0,0,970,0,1010,0,0,0,0,26357.3,0.399773,0,0,0,10362,0,0,0,0,0,0,0,0,0,0,0,0
273,340461476,100,10299,0,0,10299,10382,10221,248779,60800,30400,0,0,0,0,954,0,1017,0,0,0,0,26578.8,0.393393,0,0,0,10299,0,0,0,0,0,0,0,0,0,0,0,0
274,340461476,100,10296,0,0,10296,10442,10230,248502,69200,34600,0,0,0,0,981,0,984,0,0,0,0,26856.2,0.437151,0,0,0,10296,0,0,0,0,0,0,0,0,0,0,0,0
275,340461476,100,10299,0,0,10299,10447,10264,248762,61600,30800,0,0,0,0,990,0,987,0,0,0,0,26596.6,0.388095,0,0,0,10299,0,0,0,0,0,0,0,0,0,0,0,0
276,340461476,100,10335,0,0,10335,10429,10304,248587,66200,33100,0,0,0,0,986,0,950,0,0,0,0,26772,0.431763,0,0,0,10335,0,0,0,0,0,0,0,0,0,0,0,0
277,340461476,100,10332,0,0,10332,10518,10292,248789,63400,31700,0,0,0,0,975,0,978,0,0,0,0,26570.3,0.40441,0,0,0,10332,0,0,0,0,0,0,0,0,0,0,0,0
278,340461476,100,10392,0,0,10392,10515,10237,249268,67800,33900,0,0,0,0,1047,0,987,0,0,0,0,26091.7,0.419091,0,0,0,10392,0,0,0,0,0,0,0,0,0,0,0,0
279,340461476,100,10405,0,0,10405,10466,10286,248742,62800,31400,0,0,0,0,953,0,940,0,0,0,0,26618,0.384833,0,0,0,10405,0,0,0,0,0,0,0,0,0,0,0,0
280,340461476,100,10385,0,0,10385,10499,10335,248570,61600,30800,0,0,0,0,1009,0,1029,0,0,0,0,26790.4,0.423854,0,0,0,10385,0,0,0,0,0,0,0,0,0,0,0,0
281,340461476,100,10366,0,0,10366,10486,10247,248969,66200,33100,0,0,0,0,999,0,1018,0,0,0,0,26391.7,0.434909,0,0,0,10366,0,0,0,0,0,0,0,0,0,0,0,0
282,340461476,100,10324,0,0,10324,10430,10285,248658,63200,31600,0,0,0,0,972,0,1014,0,0,0,0,26703,0.398666,0,0,0,10324,0,0,0,0,0,0,0,0,0,0,0,0
283,340461476,100,10263,0,0,10263,10425,10178,248909,58400,29200,0,0,0,0,967,0,1028,0,0,0,0,26452.3,0.422516,0,0,0,10263,0,0,0,0,0,0,0,0,0,0,0,0
284,340461476,100,10315,0,0,10315,10502,10213,248634,65600,32800,0,0,0,0,987,0,935,0,0,0,0,26727.6,0.45295,0,0,0,10315,0,0,0,0,0,0,0,0,0,0,0,0
285,340461476,100,10319,0,0,10319,10491,10367,248611,65800,32900,0,0,0,0,954,0,950,0,0,0,0,26750.8,0.407432,0,0,0,10319,0,0,0,0,0,0,0,0,0,0,0,0
286,340461476,100,10354,0,0,10354,10475,10307,248938,67200,33600,0,0,0,0,1007,0,972,0,0,0,0,26424.1,0.406548,0,0,0,10354,0,0,0,0,0,0,0,0,0,0,0,0
287,340461476,100,10281,0,0,10281,10439,10407,248676,65600,32800,0,0,0,0,946,0,1019,0,0,0,0,26686.3,0.393216,0,0,0,10281,0,0,0,0,0,0,0,0,0,0,0,0
288,340461476,100,10287,0,0,10287,10461,10250,248781,61400,30700,0,0,0,0,1005,0,999,0,0,0,0,26581.6,0.406804,0,0,0,10287,0,0,0,0,0,0,0,0,0,0,0,0
289,340461476,100,10342,0,0,10342,10541,10202,248694,65000,32500,0,0,0,0,992,0,937,0,0,0,0,26668.8,0.432925,0,0,0,10342,0,0,0,0,0,0,0,0,0,0,0,0
290,340461476,100,10336,0,0,10336,10494,10201,248815,61600,30800,0,0,0,0,980,0,986,0,0,0,0,26548.1,0.41029,0,0,0,10336,0,0,0,0,0,0,0,0,0,0,0,0
291,340461476,100,10301,0,0,10301,10515,10151,248595,62800,31400,0,0,0,0,1000,0,1035,0,0,0,0,26768.3,0.430975,0,0,0,10301,0,0,0,0,0,0,0,0,0,0,0,0
292,340461476,100,10272,0,0,10272,10458,10171,248619,62600,31300,0,0,0,0,978,0,1007,0,0,0,0,26744.5,0.426247,0,0,0,10272,0,0,0,0,0,0,0,0,0,0,0,0
293,340461476,100,10313,0,0,10313,10503,10103,248744,70400,35200,0,0,0,0,1009,0,968,0,0,0,0,26619.7,0.427228,0,0,0,10313,0,0,0,0,0,0,0,0,0,0,0,0
294,340461476,100,10363,0,0,10363,10458,10207,248743,67200,33600,0,0,0,0,968,0,918,0,0,0,0,26620.9,0.378121,0,0,0,10363,0,0,0,0,0,0,0,0,0,0,0,0
295,340461476,100,10343,0,0,10343,10442,10115,248822,63600,31800,0,0,0,0,991,0,1011,0,0,0,0,26542.1,0.396144,0,0,0,10343,0,0,0,0,0,0,0,0,0,0,0,0
296,340461476,100,10346,0,0,10346,10466,10124,248654,68600,34300,0,0,0,0,970,0,967,0,0,0,0,26710.3,0.417329,0,0,0,10346,0,0,0,0,0,0,0,0,0,0,0,0
297,340461476,100,10390,0,0,10390,10406,10227,248821,66200,33100,0,0,0,0,1033,0,989,0,0,0,0,26543.5,0.389363,0,0,0,10390,0,0,0,0,0,0,0,0,0,0,0,0
298,340461476,100,10385,0,0,10385,10408,10210,248870,62400,31200,0,0,0,0,1019,0,1024,0,0,0,0,26494.6,0.400959,0,0,0,10385,0,0,0,0,0,0,0,0,0,0,0,0
299,340461476,100,10353,0,0,10353,10381,10315,248884,60800,30400,0,0,0,0,978,0,1010,0,0,0,0,26480.8,0.424593,0,0,0,10353,0,0,0,0,0,0,0,0,0,0,0,0
300,340461476,100,10393,0,0,10393,10354,10340,248740,67600,33800,0,0,0,0,995,0,955,0,0,0,0,26624.9,0.435539,0,0,0,10393,0,0,0,0,0,0,0,0,0,0,0,0
301,340461476,100,10427,0,0,10427,10340,10179,248940,63200,31600,0,0,0,0,1025,0,991,0,0,0,0,26425.1,0.39386,0,0,0,10427,0,0,0,0,0,0,0,0,0,0,0,0
302,340461476,100,10436,0,0,10436,10383,10213,248871,63600,31800,0,0,0,0,975,0,966,0,0,0,0,26494.3,0.418119,0,0,0,10436,0,0,0,0,0,0,0,0,0,0,0,0
303,340461476,100,10482,0,0,10482,10352,10258,248557,62000,31000,0,0,0,0,1018,0,972,0,0,0,0,26808.4,0.416576,0,0,0,10482,0,0,0,0,0,0,0,0,0,0,0,0
304,340461476,100,10501,0,0,10501,10335,10289,248992,61000,30500,0,0,0,0,988,0,969,0,0,0,0,26373.5,0.432394,0,0,0,10501,0,0,0,0,0,0,0,0,0,0,0,0
305,340461476,100,10502,0,0,10502,10381,10262,248774,61400,30700,0,0,0,0,991,0,990,0,0,0,0,26591.7,0.432353,0,0,0,10502,0,0,0,0,0,0,0,0,0,0,0,0
306,340461476,100,10543,0,0,10543,10373,10249,249109,62800,31400,0,0,0,0,1026,0,985,0,0,0,0,26256.8,0.433089,0,0,0,10543,0,0,0,0,0,0,0,0,0,0,0,0
307,340461476,100,10467,0,0,10467,10383,10326,248804,67600,33800,0,0,0,0,950,0,1026,0,0,0,0,26561.9,0.418102,0,0,0,10467,0,0,0,0,0,0,0,0,0,0,0,0
308,340461476,100,10563,0,0,10563,10436,10292,248617,67400,33700,0,0,0,0,1010,0,914,0,0,0,0,26749,0.392928,0,0,0,10563,0,0,0,0,0,0,0,0,0,0,0,0
309,340461476,100,10575,0,0,10575,10369,10212,248827,61000,30500,0,0,0,0,1026,0,1014,0,0,0,0,26539.2,0.39687,0,0,0,10575,0,0,0,0,0,0,0,0,0,0,0,0
310,340461476,100,10526,0,0,10526,10344,10251,248376,71200,35600,0,0,0,0,1031,0,1080,0,0,0,0,26990.3,0.435068,0,0,0,10526,0,0,0,0,0,0,0,0,0,0,0,0
311,340461476,100,10147,0,0,10147,10337,10140,248598,67000,33500,0,0,4230,0,1014,0,978,0,415,0,0,26768.3,0.379077,0,0,0,10147,0,0,0,4230,0,0,0,0,0,0,0,0
312,340461476,100,9889,0,0,9889,10367,10185,248380,69800,34900,0,0,2325,0,960,0,988,0,230,0,0,26986.4,0.399528,0,0,0,9889,0,0,0,2325,0,0,0,0,0,0,0,0
313,340461476,100,9782,0,0,9782,10319,10183,248944,67600,33800,0,0,1595,0,959,0,894,0,172,0,0,26422.5,0.386625,0,0,0,9782,0,0,0,1595,0,0,0,0,0,0,0,0
314,340461476,100,9554,0,0,9554,10384,10265,248690,634600,317300,0,0,2648,0,984,0,945,0,267,0,0,26676.6,0.390866,0,0,0,9554,0,0,0,2648,0,0,0,0,0,0,0,0
315,340461476,100,9378,0,0,9378,10393,10258,249021,345800,172900,0,0,2406,0,974,0,922,0,228,0,0,26345.7,0.0420369,0,0,0,9378,0,0,0,2406,0,0,0,0,0,0,0,0
316,340461476,100,9264,0,0,9264,10386,10282,249014,228800,114400,0,0,2016,0,971,0,905,0,180,0,0,26352.8,0.0761877,0,0,0,9264,0,0,0,2016,0,0,0,0,0,0,0,0
317,340461476,100,9137,0,0,9137,10286,10351,248492,387600,193800,0,0,2153,0,992,0,906,0,213,0,0,26874.9,0.115178,0,0,0,9137,0,0,0,2153,0,0,0,0,0,0,0,0
318,340461476,100,9116,0,0,9116,10352,10321,248453,348800,174400,0,0,2232,0,1038,0,834,0,225,0,0,26914,0.0693367,0,0,0,9116,0,0,0,2232,0,0,0,0,0,0,0,0
319,340461476,100,9004,0,0,9004,10373,10297,249279,305800,152900,0,0,2110,0,981,0,869,0,224,0,0,26088.1,0.0771617,0,0,0,9004,0,0,0,2110,0,0,0,0,0,0,0,0
320,340461476,100,8907,0,0,8907,10363,10141,248795,316800,158400,0,0,2115,0,976,0,856,0,217,0,0,26572.2,0.085311,0,0,0,8907,0,0,0,2115,0,0,0,0,0,0,0,0
321,340461476,100,8841,0,0,8841,10349,10088,248666,336200,168100,0,0,2067,0,965,0,831,0,200,0,0,26701.2,0.0838768,0,0,0,8841,0,0,0,2067,0,0,0,0,0,0,0,0
322,340461476,100,8755,0,0,8755,10347,10136,248642,310200,155100,0,0,2116,0,993,0,852,0,227,0,0,26725.3,0.0794206,0,0,0,8755,0,0,0,2116,0,0,0,0,0,0,0,0
323,340461476,100,8690,0,0,8690,10494,10061,249195,307400,153700,0,0,2008,0,988,0,856,0,197,0,0,26172.3,0.086155,0,0,0,8690,0,0,0,2008,0,0,0,0,0,0,0,0
324,340461476,100,8601,0,0,8601,10472,10122,248708,311800,155900,0,0,2038,0,909,0,803,0,195,0,0,26659.4,0.085141,0,0,0,8601,0,0,0,2038,0,0,0,0,0,0,0,0
325,340461476,100,8539,0,1,8538,10421,10124,248214,308000,154000,0,0,1981,0,987,0,834,0,215,0,0,27153.5,0.0855016,0,0,0,8538,1,0,0,1981,0,0,1,0,2,0,0,0
326,340461476,100,8450,0,18,8432,10455,10128,248821,297200,148600,0,0,1999,0,948,0,821,0,216,0,0,26546.5,0.0881606,0,0,0,8432,18,0,0,1999,0,0,18,0,45,0,0,0
327,340461476,100,8436,0,61,8375,10393,10109,248887,308200,154100,0,0,2050,0,986,0,802,0,198,0,0,26480.6,0.0893221,0,0,0,8375,61,0,0,2050,0,0,61,0,212,0,0,0
328,340461476,100,8455,0,177,8278,10421,10187,248648,291400,145700,0,0,1971,0,1013,0,802,0,192,0,0,26719.7,0.0859202,0,0,0,8278,177,0,0,1971,0,0,177,0,600,0,0,0
329,340461476,100,8417,0,290,8127,10363,10211,248963,292320,146160,0,0,1948,0,975,0,824,0,189,0,0,26404.7,0.0916941,0,0,0,8127,290,0,0,1944,4,0,291,0,998,0,0,0
330,340461476,100,8314,0,430,7884,10350,10273,249038,301920,150960,0,0,1967,0,945,0,849,0,199,0,0,26329.8,0.0903281,0,0,0,7884,430,0,0,1953,14,0,436,0,1521,0,0,0
331,340461476,100,8337,0,575,7762,10343,10352,248749,283160,141580,0,0,1938,0,1011,0,791,0,197,0,0,26618.8,0.0872078,0,0,0,7762,575,0,0,1892,46,0,587,0,2065,0,0,0
332,340461476,100,8355,0,688,7667,10331,10338,249059,297400,148700,0,0,1985,0,1006,0,795,0,193,0,0,26308.9,0.0940064,0,0,0,7667,688,0,0,1914,71,0,704,0,2511,0,0,0
333,340461476,100,8366,0,803,7563,10354,10355,248655,288080,144040,0,0,1963,0,985,0,782,0,192,0,0,26712.9,0.088463,0,0,0,7563,803,0,0,1859,104,0,832,0,2858,0,0,0
334,340461476,100,8376,0,851,7525,10315,10386,248244,279280,139640,0,0,1970,0,996,0,801,0,185,0,0,27124,0.0927275,0,0,0,7525,851,0,0,1833,137,0,891,0,3052,0,0,0
335,340461476,100,8462,0,935,7527,10312,10403,248610,293480,146740,0,0,1956,0,1032,0,749,0,197,0,0,26758,0.0971211,0,0,0,7527,935,0,0,1819,137,0,988,0,3370,0,0,0
336,340461476,100,8433,0,997,7436,10353,10209,248843,281640,140820,0,0,1966,0,1006,0,839,0,196,0,0,26525,0.0911749,0,0,0,7436,997,0,0,1811,155,0,1064,0,3592,0,0,0
337,340461476,100,8377,0,1059,7318,10416,10154,248655,291520,145760,0,0,2029,0,956,0,808,0,204,0,0,26713.1,0.0941806,0,0,0,7318,1059,0,0,1862,167,0,1139,0,3854,0,0,0
338,340461476,100,8319,0,1110,7209,10443,10103,248478,282800,141400,0,0,1928,0,946,0,807,0,197,0,0,26890.1,0.0916337,0,0,0,7209,1110,0,0,1763,165,0,1196,0,4104,0,0,0
339,340461476,100,8322,0,1163,7159,10402,9930,248698,278200,139100,0,0,1962,0,1014,0,798,0,213,0,0,26670.1,0.0950852,0,0,0,7159,1163,0,0,1759,203,0,1261,0,4308,0,0,0
340,340461476,100,8270,0,1174,7096,10370,9956,248777,295200,147600,0,0,1986,0,931,0,803,0,180,0,0,26591.2,0.0958667,0,0,0,7096,1174,0,0,1785,201,0,1277,0,4386,0,0,0
341,340461476,100,8326,0,1151,7175,10351,10023,248829,274880,137440,0,0,1925,0,1048,0,802,0,190,0,0,26539.2,0.0900784,0,0,0,7175,1151,0,0,1725,200,0,1255,0,4274,0,0,0
342,340461476,100,8272,4,1157,7111,10336,10051,248645,272760,136380,0,0,1946,0,951,0,806,0,199,0,0,26723.2,0.0965483,0,0,0,7111,1157,2,2,1724,222,0,1271,4,4258,87178,0,0
343,340461476,100,8198,14,1186,6998,10294,10120,248791,283200,141600,0,0,1994,1,904,0,783,0,195,0,0,26577.3,0.0979734,1,1,0,6998,1186,5,9,1789,204,1,1304,14,4389,603634,0,0
344,340461476,100,8174,25,1182,6967,10302,10120,248831,284120,142060,0,0,1962,3,933,0,746,0,211,0,0,26537.3,0.0938462,3,3,0,6967,1182,11,14,1729,230,3,1313,25,4374,911113,0,0
345,340461476,100,8186,45,1199,6942,10312,10143,248825,280000,140000,0,0,1844,5,974,0,782,0,180,0,0,26543.3,0.0934017,5,5,0,6942,1199,28,17,1633,206,5,1330,45,4412,1715065,0,0
346,340461476,100,8212,56,1209,6947,10297,10036,248764,284360,142180,0,0,1965,11,991,0,772,0,193,0,0,26604.3,0.0947975,11,11,0,6947,1209,34,22,1728,226,11,1345,57,4494,2204481,0,0
347,340461476,100,8244,78,1189,6977,10252,10127,248915,279200,139600,0,0,1898,11,986,0,763,0,191,0,0,26453.4,0.0935587,11,11,0,6977,1189,49,29,1666,221,11,1328,81,4490,2828919,0,0
348,340461476,100,8167,81,1182,6904,10291,10213,248902,263000,131500,0,0,1974,22,931,0,805,0,203,0,0,26466.4,0.094747,22,22,0,6904,1182,57,24,1757,195,22,1315,83,4541,2854365,0,0
349,340461476,100,8179,94,1143,6942,10305,10155,249093,284720,142360,0,0,1950,16,993,0,776,0,205,0,0,26275.4,0.100633,16,16,0,6942,1143,65,29,1707,227,16,1281,96,4383,3245719,0,0
350,340461476,100,8149,98,1117,6934,10275,10241,248820,274280,137140,0,0,1872,26,958,0,791,0,197,0,0,26548.5,0.0922852,26,26,0,6934,1117,66,32,1647,199,26,1257,101,4314,3180395,0,0
351,340461476,100,8251,100,1138,7013,10298,10213,248800,278320,139160,0,0,1926,23,990,0,693,0,195,0,0,26568.5,0.0967933,23,23,0,7013,1138,68,32,1685,218,23,1281,106,4362,3323726,0,0
352,340461476,100,8220,118,1096,7006,10362,10246,248409,290000,145000,0,0,1963,30,978,0,827,0,182,0,0,26959.5,0.0954603,30,30,0,7006,1096,87,31,1726,207,30,1239,124,4297,3675128,0,0
353,340461476,100,8319,123,1059,7137,10391,10125,248681,265640,132820,0,0,1938,19,1053,0,774,0,180,0,0,26687.6,0.0929639,19,19,0,7137,1059,89,34,1726,193,19,1193,133,4216,3997635,0,0
354,340461476,100,8258,116,1021,7121,10373,10236,248450,272840,136420,0,0,1958,28,939,0,799,0,201,0,0,26918.6,0.100465,28,28,0,7121,1021,83,33,1736,194,28,1148,125,4034,3747442,0,0
355,340461476,100,8313,111,987,7215,10320,10233,248591,288880,144440,0,0,1915,37,1017,0,759,0,203,0,0,26777.6,0.0986607,37,37,0,7215,987,81,30,1683,195,37,1101,119,3888,3510920,0,0
356,340461476,100,8290,118,939,7233,10341,10256,248448,279920,139960,0,0,1961,24,983,0,799,0,207,0,0,26920.7,0.0926946,24,24,0,7233,939,87,31,1745,192,24,1049,128,3682,3519829,0,0
357,340461476,100,8359,119,882,7358,10317,10289,248476,282920,141460,0,0,1963,19,1032,0,776,0,187,0,0,26892.7,0.0961727,19,19,0,7358,882,89,30,1766,178,19,986,129,3426,3492399,0,0
358,340461476,100,8322,125,813,7384,10333,10292,248787,277400,138700,0,0,1973,31,1006,0,832,0,211,0,0,26581.7,0.095054,31,31,0,7384,813,98,27,1778,164,31,900,139,3151,3794985,0,0
359,340461476,100,8339,124,748,7467,10340,10249,248867,282320,141160,0,0,2000,25,1009,0,777,0,215,0,0,26501.8,0.0958245,25,25,0,7467,748,96,28,1805,170,25,827,139,2880,3663741,0,0
360,340461476,100,8359,131,666,7562,10385,10191,248744,287600,143800,0,0,1955,30,1016,0,775,0,221,0,0,26624.8,0.0938713,30,30,0,7562,666,104,27,1788,137,30,739,148,2521,3999309,0,0
361,340461476,100,8257,132,584,7541,10407,10341,248555,279000,139500,0,0,1988,26,957,0,836,0,223,0,0,26813.8,0.0925756,26,26,0,7541,584,107,25,1820,142,26,651,149,2220,4165660,0,0
362,340461476,100,8285,138,507,7640,10405,10254,248974,283120,141560,0,0,1970,33,1017,0,806,0,183,0,0,26394.8,0.0961066,33,33,0,7640,507,110,28,1804,133,33,563,157,1896,4611188,0,0
363,340461476,100,8334,141,448,7745,10434,10247,248725,280840,140420,0,0,1938,38,1013,0,767,0,197,0,0,26643.8,0.0932281,38,38,0,7745,448,116,25,1809,91,38,499,160,1642,4560606,0,0
364,340461476,100,8337,138,386,7813,10444,10169,248904,286720,143360,0,0,1957,29,1001,0,779,0,219,0,0,26464.8,0.0948716,29,29,0,7813,386,114,24,1833,95,29,427,153,1401,4481956,0,0
365,340461476,100,8367,132,329,7906,10433,10224,248226,300840,150420,0,0,1929,33,1028,0,786,0,212,0,0,27142.8,0.0923017,33,33,0,7906,329,110,22,1796,100,33,364,144,1181,4449161,0,0
366,340461476,100,8316,133,271,7912,10459,10252,249150,280160,140080,0,0,2051,33,970,0,818,0,203,0,0,26218.8,0.0902232,33,33,0,7912,271,116,17,1935,83,33,299,145,972,4323199,0,0
367,340461476,100,8325,130,212,7983,10417,10198,249048,284720,142360,0,0,1959,25,984,0,772,0,203,0,0,26320.8,0.0935849,25,25,0,7983,212,112,18,1892,42,25,237,142,754,4084957,0,0
368,340461476,100,8311,127,170,8014,10405,10142,248575,278840,139420,0,0,1901,30,969,0,782,0,201,0,0,26793.8,0.0924443,30,30,0,8014,170,114,13,1826,45,30,188,136,588,3957207,0,0
369,340461476,100,8311,125,132,8054,10452,10232,248584,309160,154580,0,0,1900,30,997,0,802,0,195,0,0,26784.8,0.09609,30,30,0,8054,132,115,10,1830,40,30,143,137,412,4034306,0,0
370,340461476,100,8363,119,105,8139,10446,10108,248480,289360,144680,0,0,1943,26,1043,0,801,0,190,0,0,26888.8,0.0866372,26,26,0,8139,105,112,7,1889,28,26,113,128,322,3631738,0,0
371,340461476,100,8374,114,83,8177,10345,10130,248758,282840,141420,0,0,2057,29,1027,0,814,0,202,0,0,26610.8,0.0929249,29,29,0,8177,83,107,7,2008,20,29,91,120,271,3283511,0,0
372,340461476,100,8344,105,89,8150,10341,10152,249010,282800,141400,0,0,1974,26,995,0,787,0,238,0,0,26358.8,0.0940841,26,26,0,8150,89,101,4,1935,13,26,94,111,312,2830380,0,0
373,340461476,100,8406,103,106,8197,10357,10029,248886,287640,143820,0,0,1931,23,1035,0,786,0,187,0,0,26482.8,0.0932063,23,23,0,8197,106,98,5,1897,11,23,115,109,345,2850566,0,0
374,340461476,100,8379,88,205,8086,10375,10041,248904,304080,152040,0,0,2038,27,949,0,778,0,198,0,0,26464.8,0.0920691,27,27,0,8086,205,82,6,2002,9,27,219,94,724,2436720,0,0
375,340461476,100,8352,77,334,7941,10423,10146,248603,279040,139520,0,0,1948,20,974,0,818,0,183,0,0,26765.8,0.0870322,20,20,0,7941,334,71,6,1909,19,20,371,83,1121,2208610,0,0
376,340461476,100,8307,63,580,7664,10331,10116,249002,286360,143180,0,0,1839,21,985,0,845,0,185,0,0,26366.8,0.0959208,21,21,0,7664,580,57,6,1798,20,21,676,68,1973,1619732,0,0
377,340461476,100,8276,56,1042,7178,10315,10128,248539,303360,151680,0,0,2096,10,986,0,772,0,245,0,0,26829.8,0.0920755,10,10,0,7178,1042,47,9,2024,62,10,1287,59,3646,1407915,0,0
378,340461476,100,8295,48,1529,6718,10299,10125,249088,281400,140700,0,0,2024,19,976,0,759,0,198,0,0,26280.8,0.088442,19,19,0,6718,1529,33,15,1927,78,19,2010,50,5368,1064023,0,0
379,340461476,100,8305,38,2108,6159,10398,10032,248253,266560,133280,0,0,1919,9,1012,0,820,0,182,0,0,27115.8,0.0933929,9,9,0,6159,2108,27,11,1785,125,9,2922,41,7402,820038,0,0
380,340461476,100,8206,32,2664,5510,10327,10150,248712,277480,138740,0,0,1940,4,948,0,853,0,194,0,0,26656.8,0.101725,4,4,0,5510,2664,23,9,1673,263,4,3972,35,9598,708210,0,0
381,340461476,100,8166,26,3275,4865,10269,10182,248437,279240,139620,0,0,1929,8,940,0,785,0,195,0,0,26931.8,0.0960673,8,8,0,4865,3275,17,9,1586,335,8,5300,29,12208,550247,0,0
382,340461476,100,8221,19,3858,4344,10239,10078,249205,255520,127760,0,0,1945,6,1017,0,776,0,186,0,0,26163.8,0.0964466,6,6,0,4344,3858,12,7,1476,463,6,6881,21,15062,410305,0,0
383,340461476,100,8222,15,4351,3856,10222,10234,248569,268400,134200,0,0,1951,5,975,0,749,0,225,0,0,26799.8,0.102394,5,5,0,3856,4351,6,9,1366,580,5,8386,16,17910,324736,0,0
384,340461476,100,8268,12,4734,3522,10259,10222,248715,250920,125460,0,0,1925,3,1043,0,783,0,214,0,0,26653.8,0.09985,3,3,0,3522,4734,3,9,1243,679,3,10102,13,20643,250636,0,0
385,340461476,100,8327,9,5132,3186,10246,10260,248989,250880,125440,0,0,1942,3,1013,0,752,0,202,0,0,26379.8,0.106224,3,3,0,3186,5132,2,7,1195,744,3,11858,10,23450,166648,0,0
386,340461476,100,8335,9,5390,2936,10231,10371,248706,241280,120640,0,0,1961,1,978,0,778,0,192,0,0,26662.8,0.105149,1,1,0,2936,5390,2,7,1095,865,1,13548,10,25748,187450,0,0
387,340461476,100,8359,7,5670,2682,10239,10107,249149,239560,119780,0,0,2015,3,988,0,768,0,196,0,0,26219.8,0.110505,3,3,0,2682,5670,2,5,1060,952,3,15647,8,28720,113175,0,0
388,340461476,100,8326,13,5798,2515,10270,10203,248707,243440,121720,0,0,1960,1,970,0,786,0,217,0,0,26661.8,0.10945,1,1,0,2515,5798,3,10,949,1010,1,17344,14,30749,398438,0,0
389,340461476,100,8338,19,5902,2417,10284,10219,248857,238760,119380,0,0,1980,4,1038,0,822,0,204,0,0,26511.8,0.109521,4,4,0,2417,5902,2,17,956,1020,4,19143,20,32867,409839,0,0
390,340461476,100,8381,36,5976,2369,10312,10194,248495,242160,121080,0,0,1997,9,1013,0,757,0,213,0,0,26873.8,0.111039,9,9,0,2369,5976,1,35,906,1082,9,21038,37,34968,1047931,0,0
391,340461476,100,8220,45,6053,2122,10250,10429,249140,242400,121200,0,0,2043,7,858,0,785,0,234,0,0,26228.8,0.110975,7,7,0,2122,6053,1,44,935,1101,7,22729,47,36689,1192406,0,0
392,340461476,100,8306,75,5986,2245,10206,10254,249024,245600,122800,0,0,1851,9,1022,0,763,0,173,0,0,26344.8,0.108204,9,9,0,2245,5986,1,74,761,1081,9,24287,114,38148,2033305,0,0
393,340461476,100,8338,136,5959,2243,10298,10173,248716,240000,120000,0,0,1946,17,1031,0,816,0,183,0,0,26652.8,0.107267,17,17,0,2243,5959,4,132,833,1096,17,25550,262,39169,4058328,0,0
394,340461476,100,8269,188,5880,2201,10313,10192,249013,241720,120860,0,0,2001,32,971,0,837,0,203,0,0,26355.8,0.111053,32,32,0,2201,5880,1,187,854,1115,32,26774,478,40031,5960635,0,0
395,340461476,100,8181,261,5782,2138,10340,10205,248498,225120,112560,0,0,1949,32,969,0,858,0,199,0,0,26870.8,0.109034,32,32,0,2138,5782,0,261,848,1069,32,27571,712,40306,8469285,0,0
396,340461476,100,8195,331,5682,2182,10336,10258,248591,234840,117420,0,0,1833,60,985,0,780,0,191,0,0,26777.8,0.119362,60,60,0,2182,5682,1,330,782,991,60,28152,979,40399,10873962,0,0
397,340461476,100,8133,411,5635,2087,10331,10155,248762,234880,117440,0,0,1939,71,957,0,827,0,192,0,0,26606.8,0.114026,71,71,0,2087,5635,1,410,849,1019,71,29056,1274,40762,13747975,0,0
398,340461476,100,8089,456,5549,2084,10367,10099,248769,241320,120660,0,0,1964,104,954,0,786,0,212,0,0,26599.8,0.113278,104,104,0,2084,5549,1,455,795,1065,104,29632,1591,40991,15756653,0,0
399,340461476,100,8083,494,5499,2090,10443,10060,248617,223040,111520,0,0,1853,100,973,0,776,0,203,0,0,26751.8,0.110226,100,100,0,2090,5499,3,491,782,971,100,30263,1948,41245,18091852,0,0
400,340461476,100,8045,549,5461,2035,10441,10209,248396,234160,117080,0,0,1936,122,942,0,777,0,203,0,0,26972.8,0.119941,122,122,0,2035,5461,3,546,820,994,122,30838,2577,41500,21825849,0,0
401,340461476,100,8086,589,5483,2014,10434,10241,248754,240080,120040,0,0,1952,122,967,0,715,0,211,0,0,26614.8,0.115189,122,122,0,2014,5483,2,587,829,1001,122,31563,3206,42010,24280827,0,0
402,340461476,100,8051,587,5418,2046,10395,10307,248666,231000,115500,0,0,1875,126,973,0,774,0,234,0,0,26702.8,0.110858,126,126,0,2046,5418,2,585,775,974,126,31598,3543,41816,24582777,0,0
403,340461476,100,8068,589,5495,1984,10429,10324,248723,239400,119700,0,0,1981,136,968,0,718,0,233,0,0,26645.8,0.115596,136,136,0,1984,5495,2,587,869,976,136,31847,4028,41858,26825856,0,0
404,340461476,100,8054,598,5442,2014,10429,10287,248801,237240,118620,0,0,1968,146,987,0,771,0,230,0,0,26567.8,0.111302,146,146,0,2014,5442,3,595,793,1029,146,31984,4489,41990,27109942,0,0
405,340461476,100,8094,636,5439,2019,10432,10239,248637,227440,113720,0,0,1894,139,985,0,723,0,222,0,0,26731.8,0.111987,139,139,0,2019,5439,1,635,790,965,139,32047,5270,42119,28996350,0,0
406,340461476,100,8138,633,5453,2052,10427,10155,248763,244160,122080,0,0,1951,169,1032,0,740,0,248,0,0,26605.8,0.117533,169,169,0,2052,5453,0,633,811,971,169,31996,5664,42135,29589795,0,0
407,340461476,100,8161,649,5438,2074,10378,10223,248516,242520,121260,0,0,1917,145,1002,0,758,0,221,0,0,26852.8,0.108969,145,145,0,2074,5438,1,648,791,981,145,32231,5988,42552,30413410,0,0
408,340461476,100,8165,625,5501,2039,10370,10227,248824,233160,116580,0,0,2018,153,979,0,739,0,236,0,0,26544.8,0.110724,153,153,0,2039,5501,0,625,851,1014,153,32235,6409,42892,30155499,0,0
409,340461476,100,8160,622,5479,2059,10390,10203,248916,234760,117380,0,0,1922,133,968,0,780,0,193,0,0,26452.8,0.113848,133,133,0,2059,5479,1,621,780,1009,133,31940,6907,42827,31144048,0,0
410,340461476,100,8108,610,5404,2094,10401,10261,248751,237360,118680,0,0,1903,149,952,0,795,0,209,0,0,26617.8,0.11268,149,149,0,2094,5404,0,610,756,998,149,31348,7057,42351,30637533,0,0
411,340461476,100,8207,636,5423,2148,10413,10186,248585,243720,121860,0,0,1953,126,1024,0,719,0,206,0,0,26783.8,0.112141,126,126,0,2148,5423,1,635,848,979,126,31130,7500,42527,31945944,0,0
412,340461476,100,8164,634,5322,2208,10422,10095,249106,240440,120220,0,0,1919,158,1003,0,827,0,219,0,0,26262.8,0.109896,158,158,0,2208,5322,2,632,795,966,158,30327,7721,41713,31878304,0,0
413,340461476,100,8132,627,5279,2226,10359,10254,248601,234760,117380,0,0,1969,143,946,0,760,0,218,0,0,26767.8,0.109228,143,143,0,2226,5279,2,625,835,991,143,29450,8213,41011,32636336,0,0
414,340461476,100,8153,630,5141,2382,10349,10201,248639,239880,119940,0,0,1957,145,1030,0,776,0,233,0,0,26729.8,0.114022,145,145,0,2382,5141,4,626,809,1003,145,28451,8765,40026,33881573,0,0
415,340461476,100,8130,632,4998,2500,10372,10216,248552,237040,118520,0,0,1903,138,1000,0,812,0,211,0,0,26816.8,0.11143,138,138,0,2500,4998,3,629,861,904,138,27141,8866,38658,33576598,0,0
416,340461476,100,8078,640,4893,2545,10348,10386,248710,243480,121740,0,0,2029,151,931,0,744,0,239,0,0,26658.8,0.113132,151,151,0,2545,4893,3,637,916,962,151,26069,8984,37606,33685071,0,0
417,340461476,100,8143,615,4731,2797,10416,10343,248750,239320,119660,0,0,1880,148,1044,0,762,0,217,0,0,26618.8,0.109491,148,148,0,2797,4731,1,614,845,887,148,24536,9019,35676,33463376,0,0
418,340461476,100,8169,604,4617,2948,10415,10360,248747,244080,122040,0,0,1898,115,985,0,738,0,221,0,0,26621.8,0.111227,115,115,0,2948,4617,2,602,905,878,115,23386,9051,34325,33316220,0,0
419,340461476,100,8159,630,4444,3085,10397,10260,248651,252440,126220,0,0,1918,140,983,0,790,0,203,0,0,26717.8,0.10907,140,140,0,3085,4444,2,628,910,868,140,22099,9399,32839,34531838,0,0
420,340461476,100,8185,629,4260,3296,10428,10169,249015,249080,124540,0,0,1942,138,990,0,760,0,204,0,0,26353.8,0.105838,138,138,0,3296,4260,3,626,944,860,138,20726,9397,31121,34268770,0,0
421,340461476,100,8152,631,4131,3390,10388,10067,248819,243120,121560,0,0,1973,128,993,0,773,0,253,0,0,26549.8,0.105804,128,128,0,3390,4131,8,623,1053,792,128,19342,9377,29381,34315572,0,0
422,340461476,100,8156,613,3967,3576,10387,10002,248716,243400,121700,0,0,1881,150,1008,0,789,0,215,0,0,26652.8,0.109204,150,150,0,3576,3967,7,606,971,760,150,18052,8900,27733,32578750,0,0
423,340461476,100,8142,591,3818,3733,10386,10004,249238,252640,126320,0,0,1940,158,994,0,772,0,236,0,0,26130.8,0.109502,158,158,0,3733,3818,9,582,1029,753,158,16666,8888,25991,32809962,0,0
424,340461476,100,8068,601,3717,3750,10397,10087,248855,249280,124640,0,0,2016,120,937,0,780,0,231,0,0,26513.8,0.103431,120,120,0,3750,3717,11,590,1166,730,120,15564,8787,24623,32736149,0,0
425,340461476,100,8053,601,3668,3784,10301,10069,248654,239760,119880,0,0,1933,134,983,0,776,0,222,0,0,26714.8,0.106361,134,134,0,3784,3668,21,580,1083,716,134,14667,8666,23643,32679327,0,0
426,340461476,100,8040,580,3626,3834,10282,10044,248862,246600,123300,0,0,1851,146,994,0,782,0,225,0,0,26506.8,0.111423,146,146,0,3834,3626,29,551,1063,642,146,13814,8243,22619,31967488,0,0
427,340461476,100,8010,563,3615,3832,10353,10021,248852,260080,130040,0,0,1969,132,968,0,757,0,241,0,0,26516.8,0.107489,132,132,0,3832,3615,32,531,1176,661,132,13242,8041,22258,31087279,0,0
428,340461476,100,8041,554,3598,3889,10441,10093,248580,247240,123620,0,0,1899,142,982,0,742,0,209,0,0,26788.8,0.101956,142,142,0,3889,3598,35,519,1088,669,142,12733,7820,21766,30101560,0,0
429,340461476,100,8021,550,3614,3857,10387,10208,248737,239480,119740,0,0,1939,132,972,0,760,0,232,0,0,26631.8,0.108351,132,132,0,3857,3614,42,508,1148,659,132,12134,7615,21204,29660301,0,0
430,340461476,100,7983,520,3628,3835,10390,10232,248743,259280,129640,0,0,1866,121,956,0,779,0,215,0,0,26625.8,0.111207,121,121,0,3835,3628,42,478,1106,639,121,11861,6903,20947,27112667,0,0
431,340461476,100,8011,513,3674,3824,10361,10218,248995,243680,121840,0,0,1920,111,983,0,760,0,195,0,0,26373.8,0.102691,111,111,0,3824,3674,55,458,1161,648,111,11687,6418,20791,25958306,0,0
432,340461476,100,7986,496,3686,3804,10337,10243,248794,248560,124280,0,0,1904,134,1010,0,799,0,236,0,0,26574.8,0.108231,134,134,0,3804,3686,65,431,1145,625,134,11506,5754,20584,24457024,0,0
433,340461476,100,8020,483,3707,3830,10324,10217,248862,238520,119260,0,0,1807,112,1023,0,778,0,211,0,0,26506.8,0.106915,112,112,0,3830,3707,56,427,1101,594,112,11402,5408,20509,23204450,0,0
434,340461476,100,7981,463,3763,3755,10319,10244,248769,246520,123260,0,0,1946,110,971,0,796,0,214,0,0,26599.8,0.11113,110,110,0,3755,3763,50,413,1153,683,110,11378,5065,20590,22365092,0,0
435,340461476,100,8015,451,3703,3861,10256,10327,248624,240840,120420,0,0,1876,103,1024,0,783,0,207,0,0,26744.8,0.107901,103,103,0,3861,3703,49,402,1131,642,103,11332,4662,20506,20935236,0,0
436,340461476,100,8042,414,3681,3947,10349,10315,248787,232800,116400,0,0,1845,117,1005,0,776,0,202,0,0,26581.8,0.111048,117,117,0,3947,3681,40,374,1103,625,117,11136,4323,20254,19139680,0,0
437,340461476,100,8085,427,3707,3951,10331,10406,248504,252080,126040,0,0,1891,78,984,0,737,0,204,0,0,26864.8,0.114183,78,78,0,3951,3707,46,381,1142,671,78,11095,4279,20172,19786301,0,0
438,340461476,100,8124,407,3746,3971,10338,10336,248545,248280,124140,0,0,1959,104,1040,0,783,0,218,0,0,26823.8,0.106572,104,104,0,3971,3746,40,367,1170,685,104,11180,3837,20253,18113406,0,0
439,340461476,100,8167,400,3771,3996,10278,10429,249039,246200,123100,0,0,1905,91,1032,0,779,0,210,0,0,26329.8,0.108038,91,91,0,3996,3771,43,357,1178,636,91,11122,3691,20272,17677056,0,0
440,340461476,100,8114,414,3782,3918,10338,10415,248611,243400,121700,0,0,1955,92,959,0,790,0,222,0,0,26757.8,0.106945,92,92,0,3918,3782,44,370,1171,692,92,11063,3584,20276,17629595,0,0
441,340461476,100,8172,404,3786,3982,10370,10352,248779,258240,129120,0,0,1974,100,1026,0,759,0,209,0,0,26589.8,0.109933,100,100,0,3982,3786,42,362,1184,690,100,11029,3501,20422,17566912,0,0
442,340461476,100,8124,403,3693,4028,10368,10433,249038,253280,126640,0,0,1918,92,980,0,812,0,216,0,0,26330.8,0.102965,92,92,0,4028,3693,54,349,1147,679,92,10746,3339,20127,16994356,0,0
443,340461476,100,8181,389,3693,4099,10435,10285,248686,242440,121220,0,0,1947,77,1034,0,772,0,205,0,0,26682.8,0.103959,77,77,0,4099,3693,50,339,1189,681,77,10744,3197,20049,16909000,0,0
444,340461476,100,8219,382,3649,4188,10445,10313,248683,260520,130260,0,0,1941,111,992,0,734,0,220,0,0,26685.8,0.110059,111,111,0,4188,3649,46,336,1152,678,111,10528,3040,19835,16533218,0,0
445,340461476,100,8201,403,3608,4190,10481,10217,248731,251440,125720,0,0,1942,86,996,0,807,0,207,0,0,26637.8,0.102433,86,86,0,4190,3608,52,351,1197,659,86,10435,2932,19595,17061665,0,0
446,340461476,100,8245,430,3571,4244,10435,10327,248790,255000,127500,0,0,1894,93,992,0,772,0,176,0,0,26578.8,0.105941,93,93,0,4244,3571,55,375,1154,647,93,10326,3155,19296,18223278,0,0
447,340461476,100,8228,417,3534,4277,10458,10287,248749,260640,130320,0,0,1902,91,976,0,789,0,204,0,0,26619.8,0.10423,91,91,0,4277,3534,49,368,1182,629,91,10114,2921,19013,16927189,0,0
448,340461476,100,8125,413,3524,4188,10542,10306,248820,257720,128860,0,0,2052,81,963,0,841,0,225,0,0,26548.8,0.102132,81,81,0,4188,3524,54,359,1283,688,81,9933,2910,18794,16963369,0,0
449,340461476,100,8157,418,3478,4261,10506,10344,248327,254200,127100,0,0,1893,94,973,0,735,0,206,0,0,27041.8,0.103014,94,94,0,4261,3478,53,365,1156,643,94,9772,2750,18520,16566558,0,0
450,340461476,100,8174,412,3463,4299,10515,10190,248810,250000,125000,0,0,1906,100,1009,0,783,0,209,0,0,26558.8,0.10638,100,100,0,4299,3463,56,356,1198,608,100,9643,2627,18348,15784281,0,0
451,340461476,100,8220,419,3495,4306,10468,10253,248500,270760,135380,0,0,2004,88,1023,0,766,0,211,0,0,26868.8,0.106235,88,88,0,4306,3495,58,361,1244,672,88,9662,2710,18563,16243729,0,0
452,340461476,100,8254,416,3505,4333,10418,10144,249118,249560,124780,0,0,1971,92,1002,0,764,0,204,0,0,26250.8,0.0992346,92,92,0,4333,3505,60,356,1265,614,92,9576,2643,18547,16220093,0,0
453,340461476,100,8206,397,3524,4285,10487,10055,248581,252400,126200,0,0,1903,104,938,0,781,0,205,0,0,26787.8,0.105188,104,104,0,4285,3524,53,344,1186,613,104,9651,2519,18685,15708593,0,0
454,340461476,100,8168,410,3546,4212,10446,10253,248748,260080,130040,0,0,1909,81,959,0,790,0,207,0,0,26620.8,0.106132,81,81,0,4212,3546,58,352,1190,638,81,9581,2672,18803,16340576,0,0
455,340461476,100,8159,430,3600,4129,10393,10217,249043,256400,128200,0,0,1921,95,1025,0,831,0,203,0,0,26325.8,0.102356,95,95,0,4129,3600,66,364,1198,628,95,9718,2777,19142,17296622,0,0
456,340461476,100,8132,433,3696,4003,10347,10203,249058,260000,130000,0,0,1940,102,944,0,748,0,223,0,0,26310.8,0.102675,102,102,0,4003,3696,69,364,1217,621,102,9911,2780,19586,17307479,0,0
457,340461476,100,8154,445,3739,3970,10325,10141,248784,249600,124800,0,0,1928,120,1038,0,817,0,199,0,0,26584.8,0.101195,120,120,0,3970,3739,64,381,1173,635,120,10180,2820,20109,17552080,0,0
458,340461476,100,8246,445,3873,3928,10282,10031,248982,246080,123040,0,0,1925,93,1005,0,728,0,185,0,0,26386.8,0.106509,93,93,0,3928,3873,54,391,1145,687,93,10705,2716,21072,17090315,0,0
459,340461476,100,8259,441,3993,3825,10325,9894,249171,254280,127140,0,0,1909,84,994,0,803,0,178,0,0,26197.8,0.107228,84,84,0,3825,3993,48,393,1176,649,84,11029,2724,21610,17185400,0,0
460,340461476,100,8204,424,4095,3685,10282,9948,248939,254360,127180,0,0,1930,98,941,0,772,0,224,0,0,26429.8,0.103027,98,98,0,3685,4095,50,374,1153,679,98,11361,2524,22247,16242215,0,0
461,340461476,100,8192,419,4145,3628,10343,9949,249157,250920,125460,0,0,1925,100,987,0,786,0,213,0,0,26211.8,0.103907,100,100,0,3628,4145,46,373,1109,716,100,11658,2642,22813,16563584,0,0
462,340461476,100,8123,429,4175,3519,10329,9977,248026,255240,127620,0,0,1941,100,918,0,790,0,197,0,0,27342.8,0.104463,100,100,0,3519,4175,49,380,1113,728,100,11840,2678,23024,17279097,0,0
463,340461476,100,8110,408,4216,3486,10265,10066,248932,243680,121840,0,0,1879,96,970,0,798,0,185,0,0,26436.8,0.107126,96,96,0,3486,4216,45,363,1044,739,96,12111,2546,23486,16362560,0,0
464,340461476,100,8086,408,4258,3420,10259,10133,248787,250200,125100,0,0,1897,88,950,0,769,0,205,0,0,26581.8,0.10849,88,88,0,3420,4258,41,367,1094,715,88,12327,2505,23797,16446641,0,0
465,340461476,100,8084,390,4280,3414,10245,10139,248979,249520,124760,0,0,1981,99,987,0,751,0,238,0,0,26389.8,0.106242,99,99,0,3414,4280,30,360,1059,823,99,12622,2416,24172,15534297,0,0
466,340461476,100,8159,393,4362,3404,10273,10132,248758,245720,122860,0,0,1962,84,1000,0,705,0,220,0,0,26610.8,0.105762,84,84,0,3404,4362,30,363,1082,796,84,12907,2454,24734,15595854,0,0
467,340461476,100,8168,403,4345,3420,10357,10137,248947,244520,122260,0,0,1916,77,983,0,772,0,202,0,0,26421.8,0.108297,77,77,0,3420,4345,30,373,1091,748,77,12872,2371,24808,15319345,0,0
468,340461476,100,8162,404,4329,3429,10369,10054,249010,251760,125880,0,0,1960,86,976,0,752,0,230,0,0,26358.8,0.108056,86,86,0,3429,4329,32,372,1064,810,86,13020,2254,25004,15227218,0,0
469,340461476,100,8151,412,4258,3481,10406,10007,248325,251480,125740,0,0,1880,92,961,0,766,0,206,0,0,27043.8,0.104698,92,92,0,3481,4258,34,378,1011,777,92,12880,2253,24562,15352147,0,0
470,340461476,100,8123,423,4203,3497,10391,10213,248575,246400,123200,0,0,1912,102,984,0,818,0,194,0,0,26793.8,0.107538,102,102,0,3497,4203,35,388,1043,767,102,12669,2332,24304,16359028,0,0
471,340461476,100,8135,429,4169,3537,10402,10204,249231,247160,123580,0,0,1946,82,995,0,778,0,205,0,0,26137.8,0.108741,82,82,0,3537,4169,39,390,1110,754,82,12476,2372,24120,16564305,0,0
472,340461476,100,8113,450,4100,3563,10420,10262,248942,238560,119280,0,0,1935,98,945,0,781,0,186,0,0,26426.8,0.105752,98,98,0,3563,4100,42,408,1073,764,98,12239,2420,23727,17578216,0,0
473,340461476,100,8131,474,3962,3695,10371,10375,248481,242960,121480,0,0,1840,112,979,0,794,0,167,0,0,26887.8,0.110776,112,112,0,3695,3962,45,429,1014,714,112,11803,2623,23014,19137676,0,0
474,340461476,100,8193,481,3921,3791,10454,10285,248758,260640,130320,0,0,1937,117,991,0,719,0,210,0,0,26610.8,0.110667,117,117,0,3791,3921,39,442,1076,744,117,11659,2720,22909,19686947,0,0
475,340461476,100,8203,490,3798,3915,10384,10402,248564,258200,129100,0,0,1918,109,1006,0,794,0,202,0,0,26804.8,0.102098,109,109,0,3915,3798,42,448,1108,701,109,11257,2854,22196,20818357,0,0
476,340461476,100,8248,514,3689,4045,10407,10442,248405,247360,123680,0,0,1966,112,1001,0,761,0,195,0,0,26963.8,0.103814,112,112,0,4045,3689,47,467,1117,737,112,10905,2872,21672,21083231,0,0
477,340461476,100,8276,506,3569,4201,10435,10383,248319,255840,127920,0,0,1894,108,1054,0,825,0,201,0,0,27049.8,0.109006,108,108,0,4201,3569,47,459,1083,703,108,10440,3063,20948,21202738,0,0
478,340461476,100,8255,525,3431,4299,10432,10362,248907,252440,126220,0,0,2023,118,1005,0,810,0,216,0,0,26461.8,0.105729,118,118,0,4299,3431,55,470,1223,682,118,9923,3114,20107,21605220,0,0
479,340461476,100,8230,524,3312,4394,10470,10319,248774,254880,127440,0,0,1944,115,979,0,787,0,217,0,0,26594.8,0.104824,115,115,0,4394,3312,58,466,1189,640,115,9361,3123,19135,21682312,0,0
480,340461476,100,8245,496,3207,4542,10405,10357,248755,246120,123060,0,0,1968,124,1025,0,786,0,224,0,0,26613.8,0.104342,124,124,0,4542,3207,60,436,1212,632,124,8756,3024,18031,20900872,0,0
481,340461476,100,8285,511,3129,4645,10366,10392,248815,270680,135340,0,0,1929,118,1045,0,797,0,208,0,0,26553.8,0.108133,118,118,0,4645,3129,70,441,1226,585,118,8353,3250,17336,21745283,0,0
482,340461476,100,8266,496,3032,4738,10410,10300,249036,262560,131280,0,0,2031,117,1005,0,755,0,269,0,0,26332.8,0.0981002,117,117,0,4738,3032,69,427,1323,591,117,7900,3215,16490,21481052,0,0
483,340461476,100,8245,488,2980,4777,10441,10296,248495,261480,130740,0,0,1926,113,987,0,789,0,219,0,0,26873.8,0.100292,113,113,0,4777,2980,69,419,1290,523,113,7566,3071,15863,20876871,0,0
484,340461476,100,8195,445,2897,4853,10485,10209,248784,260440,130220,0,0,1909,110,976,0,792,0,234,0,0,26584.8,0.102776,110,110,0,4853,2897,76,369,1229,570,110,7083,2989,15051,19565911,0,0
485,340461476,100,8288,440,2853,4995,10454,10200,248527,273000,136500,0,0,1969,115,1034,0,727,0,214,0,0,26841.8,0.102076,115,115,0,4995,2853,90,350,1324,530,115,6753,2942,14536,19871260,0,0
486,340461476,100,8321,430,2799,5092,10425,10255,249119,264520,132260,0,0,2013,87,994,0,752,0,209,0,0,26249.8,0.0983214,87,87,0,5092,2799,98,332,1382,544,87,6520,2772,14134,19354933,0,0
487,340461476,100,8337,446,2685,5206,10428,10240,248914,255440,127720,0,0,1909,98,999,0,752,0,231,0,0,26454.8,0.0992354,98,98,0,5206,2685,115,331,1296,515,98,6102,2869,13417,19377692,0,0
488,340461476,100,8346,451,2608,5287,10411,10229,248624,264280,132140,0,0,1982,114,1006,0,777,0,220,0,0,26744.8,0.103565,114,114,0,5287,2608,128,323,1394,474,114,5801,2752,12900,19225160,0,0
489,340461476,100,8401,438,2585,5378,10452,10223,248795,286680,143340,0,0,2038,89,1009,0,740,0,214,0,0,26573.8,0.101199,89,89,0,5378,2585,133,305,1450,499,89,5656,2552,12727,18659268,0,0
490,340461476,100,8301,417,2522,5362,10485,10123,248507,260640,130320,0,0,1962,112,962,0,828,0,234,0,0,26861.8,0.0926948,112,112,0,5362,2522,126,291,1390,460,112,5337,2537,12182,18080645,0,0
491,340461476,100,8290,409,2457,5424,10483,10019,249217,272120,136060,0,0,1928,100,996,0,800,0,207,0,0,26151.8,0.103061,100,100,0,5424,2457,132,277,1377,451,100,5038,2438,11676,17585562,0,0
492,340461476,100,8245,390,2407,5448,10413,10126,248886,276480,138240,0,0,1937,96,951,0,765,0,231,0,0,26482.8,0.0961037,96,96,0,5448,2407,125,265,1375,466,96,4888,2271,11463,16353916,0,0
493,340461476,100,8280,384,2383,5513,10362,10084,248864,266400,133200,0,0,1985,86,997,0,752,0,210,0,0,26504.8,0.0957854,86,86,0,5513,2383,130,254,1470,429,86,4722,2200,11233,15982940,0,0
494,340461476,100,8226,377,2335,5514,10328,10257,248603,259720,129860,0,0,1936,97,953,0,801,0,206,0,0,26765.8,0.0994923,97,97,0,5514,2335,126,251,1401,438,97,4589,2102,10976,15118230,0,0
495,340461476,100,8192,382,2255,5555,10291,10191,248848,270920,135460,0,0,1929,97,953,0,774,0,213,0,0,26520.8,0.103056,97,97,0,5555,2255,122,260,1416,416,97,4390,2061,10588,15288228,0,0
496,340461476,100,8189,391,2155,5643,10257,10233,248874,272640,136320,0,0,1867,73,1032,0,839,0,196,0,0,26494.8,0.0978914,73,73,0,5643,2155,130,261,1418,376,73,4168,2093,10065,15271662,0,0
497,340461476,100,8198,388,2122,5688,10285,10108,248752,268360,134180,0,0,1946,77,960,0,735,0,216,0,0,26616.8,0.0971785,77,77,0,5688,2122,142,246,1465,404,77,4033,2013,9759,14884508,0,0
498,340461476,100,8254,354,2094,5806,10320,9965,248947,258680,129340,0,0,1946,92,1025,0,760,0,209,0,0,26421.8,0.099183,92,92,0,5806,2094,139,215,1482,372,92,3899,1705,9454,13315541,0,0
499,340461476,100,8173,347,2050,5776,10255,10123,248509,265280,132640,0,0,1878,63,957,0,821,0,217,0,0,26859.8,0.102141,63,63,0,5776,2050,141,206,1451,364,63,3781,1659,9304,12267605,0,0
