Rel_ID,Rel_start_time,Rel_scheduled_end_time,Rel_type (0 = transitory 1 = informal 2 = marital),Original_node_ID,Current_node_ID,A_ID,A_is_infected,A_gender,A_age,A_total_num_active_rels,A_num_active_transitory_rels,A_num_active_informal_rels,A_num_active_marital_rels,A_num_lifetime_rels,A_num_rels_last_6_mo,A_extra_relational_bitmask,A_is_circumcised,A_has_STI_coinfection,A_is_superspreader,B_ID,B_is_infected,B_gender,B_age,B_total_num_active_rels,B_num_active_transitory_rels,B_num_active_informal_rels,B_num_active_marital_rels,B_num_lifetime_rels,B_num_rels_last_6_mo,B_extra_relational_bitmask,B_is_circumcised,B_has_STI_coinfection,B_is_superspreader,A_IndividualProperties,B_IndividualProperties
1,6,511.414,0,1,1,905,0,0,54.9751,1,1,0,0,1,1,0,0,0,0,140,0,1,54.601,1,1,0,0,1,1,0,0,0,0,None,None
2,6,777.844,0,1,1,1020,0,0,41.2889,1,1,0,0,1,1,0,0,0,0,1510,0,1,34.545,1,1,0,0,1,1,0,0,0,0,None,None
3,6,231.443,0,1,1,2808,0,0,19.0031,1,1,0,0,1,1,0,0,0,0,1599,0,1,19.4618,1,1,0,0,1,1,0,0,0,0,None,None
4,6,255.28,0,1,1,2880,0,0,44.9919,1,1,0,0,1,1,0,0,0,0,2228,0,1,54.8173,1,1,0,0,1,1,0,0,0,0,None,None
5,6,698.961,0,1,1,5162,0,0,30.2406,1,1,0,0,1,1,0,0,0,0,3601,0,1,38.8661,1,1,0,0,1,1,0,0,0,0,None,None
6,6,886.156,0,1,1,6002,0,0,38.5414,1,1,0,0,1,1,0,0,0,0,3648,0,1,16.6145,1,1,0,0,1,1,0,0,0,0,None,None
7,6,210.88,0,1,1,6950,1,0,50.1318,1,1,0,0,1,1,0,0,0,0,5337,0,1,36.6089,1,1,0,0,1,1,0,0,0,0,None,None
8,6,394.783,0,1,1,7165,0,0,43.1556,1,1,0,0,1,1,0,0,0,0,6187,0,1,47.5757,1,1,0,0,1,1,0,0,0,0,None,None
9,6,214.204,0,1,1,8957,0,0,17.8514,1,1,0,0,1,1,0,0,0,0,6364,1,1,24.3065,1,1,0,0,1,1,0,0,0,0,None,None
10,6,232.808,0,1,1,9329,0,0,19.1008,1,1,0,0,1,1,0,0,0,0,6422,0,1,27.0895,1,1,0,0,1,1,0,0,0,0,None,None
11,6,85.028,0,1,1,9504,1,0,40.7463,1,1,0,0,1,1,0,0,0,0,7151,1,1,49.2777,1,1,0,0,1,1,0,0,0,0,None,None
12,6,252.814,0,1,1,517,0,0,23.1241,1,1,0,0,1,1,0,0,0,0,7722,0,1,53.5009,1,1,0,0,1,1,0,0,0,0,None,None
13,6,149.846,0,1,1,586,0,0,23.8019,1,1,0,0,1,1,0,0,0,0,8105,0,1,48.094,1,1,0,0,1,1,0,0,0,0,None,None
14,6,114.138,0,1,1,1940,0,0,47.7042,1,1,0,0,1,1,0,0,0,0,2944,1,1,22.8946,1,1,0,0,1,1,0,0,0,0,None,None
15,6,61.1086,0,1,1,2091,0,0,27.7604,1,1,0,0,1,1,0,0,0,0,5990,0,1,28.9865,1,1,0,0,1,1,0,0,0,0,None,None
16,6,200.072,0,1,1,2120,0,0,31.2506,1,1,0,0,1,1,0,0,0,0,6249,0,1,35.0876,1,1,0,0,1,1,0,0,0,0,None,None
17,6,150.009,0,1,1,2332,1,0,20.799,1,1,0,0,1,1,0,0,0,0,6335,0,1,48.9653,1,1,0,0,1,1,0,0,0,0,None,None
18,6,304.75,0,1,1,2465,0,0,25.9643,1,1,0,0,1,1,0,0,0,0,6526,1,1,25.8559,1,1,0,0,1,1,0,0,0,0,None,None
19,6,331.4,0,1,1,4069,1,0,31.6841,1,1,0,0,1,1,0,0,0,0,10000,0,1,35.0714,1,1,0,0,1,1,0,0,0,0,None,None
20,6,74.6684,0,1,1,8161,0,0,50.1599,1,1,0,0,1,1,0,0,0,0,2370,0,1,17.9957,1,1,0,0,1,1,0,0,0,0,None,None
21,6,168.831,0,1,1,9728,0,0,23.4584,1,1,0,0,1,1,0,0,0,0,4398,0,1,16.831,1,1,0,0,1,1,0,0,0,0,None,None
22,6,675.408,0,1,1,149,0,0,42.5858,1,1,0,0,1,1,0,0,0,0,5346,0,1,33.6646,1,1,0,0,1,1,0,0,0,0,None,None
23,6,93.0034,0,1,1,1638,0,0,45.3937,1,1,0,0,1,1,0,0,0,0,8083,0,1,26.9065,1,1,0,0,1,1,0,0,0,0,None,None
24,6,63.6461,0,1,1,3114,0,0,36.7062,1,1,0,0,1,1,0,0,0,0,9509,1,1,42.8467,1,1,0,0,1,1,0,0,0,0,None,None
25,6,113.785,0,1,1,8004,0,0,26.1652,1,1,0,0,1,1,0,0,0,0,9539,0,1,41.4052,1,1,0,0,1,1,0,0,0,0,None,None
26,6,993.839,0,1,1,8034,0,0,31.1857,1,1,0,0,1,1,0,0,0,0,9934,0,1,21.6573,1,1,0,0,1,1,0,0,0,0,None,None
27,6,488.17,0,1,1,8123,0,0,35.6846,1,1,0,0,1,1,0,0,0,0,1947,0,1,42.1803,1,1,0,0,1,1,0,0,0,0,None,None
28,6,271.973,0,1,1,8194,0,0,35.6259,1,1,0,0,1,1,0,0,0,0,4095,1,1,27.6448,1,1,0,0,1,1,0,0,0,0,None,None
29,6,299.143,0,1,1,9132,0,0,51.8458,1,1,0,0,1,1,0,0,0,0,4249,0,1,17.1939,1,1,0,0,1,1,0,0,0,0,None,None
30,6,34.6618,0,1,1,9958,0,0,34.5511,1,1,0,0,1,1,0,0,0,0,4863,0,1,18.3438,1,1,0,0,1,1,0,0,0,0,None,None
31,6,125.818,0,1,1,797,0,0,35.0621,1,1,0,0,1,1,0,0,0,0,5290,0,1,44.3365,1,1,0,0,1,1,0,0,0,0,None,None
32,6,242.373,0,1,1,1759,0,0,26.9464,1,1,0,0,1,1,0,0,0,0,5416,0,1,28.1314,1,1,0,0,1,1,0,0,0,0,None,None
33,6,988.699,0,1,1,2087,0,0,19.8382,1,1,0,0,1,1,0,0,0,0,7455,0,1,47.7237,1,1,0,0,1,1,0,0,0,0,None,None
34,6,644.975,0,1,1,3863,0,0,25.0804,1,1,0,0,1,1,0,0,0,0,8765,0,1,34.5561,1,1,0,0,1,1,0,0,0,0,None,None
35,6,239.142,0,1,1,6618,1,0,17.0813,1,1,0,0,1,1,0,0,0,0,9782,0,1,50.8433,1,1,0,0,1,1,0,0,0,0,None,None
36,6,342.832,0,1,1,8511,0,0,52.3641,1,1,0,0,1,1,0,0,0,0,469,1,1,52.4779,1,1,0,0,1,1,0,0,0,0,None,None
37,6,523.759,0,1,1,9094,1,0,51.6762,1,1,0,0,1,1,0,0,0,0,4874,0,1,41.8219,1,1,0,0,1,1,0,0,0,0,None,None
38,6,271.387,0,1,1,122,0,0,18.3262,1,1,0,0,1,1,0,0,0,0,5334,0,1,36.3283,1,1,0,0,1,1,0,0,0,0,None,None
39,6,225.388,0,1,1,299,0,0,29.4065,1,1,0,0,1,1,0,0,0,0,7041,0,1,53.4065,1,1,0,0,1,1,0,0,0,0,None,None
40,6,510.879,0,1,1,2513,0,0,23.3324,1,1,0,0,1,1,0,0,0,0,9462,0,1,38.1423,1,1,0,0,1,1,0,0,0,0,None,None
41,6,196.597,0,1,1,3255,0,0,40.9943,1,1,0,0,1,1,0,0,0,0,388,0,1,31.396,1,1,0,0,1,1,0,0,0,0,None,None
42,6,130.575,0,1,1,3641,1,0,19.8716,1,1,0,0,1,1,0,0,0,0,1709,0,1,48.6991,1,1,0,0,1,1,0,0,0,0,None,None
43,6,138.876,0,1,1,3700,0,0,42.8179,1,1,0,0,1,1,0,0,0,0,2999,0,1,38.7256,1,1,0,0,1,1,0,0,0,0,None,None
44,6,729.272,0,1,1,3862,0,0,33.0792,1,1,0,0,1,1,0,0,0,0,5048,0,1,45.8838,1,1,0,0,1,1,0,0,0,0,None,None
45,6,585.597,0,1,1,6907,0,0,23.0751,1,1,0,0,1,1,0,0,0,0,5393,0,1,26.936,1,1,0,0,1,1,0,0,0,0,None,None
46,6,298,0,1,1,6974,0,0,22.0959,1,1,0,0,1,1,0,0,0,0,6079,0,1,49.2034,1,1,0,0,1,1,0,0,0,0,None,None
47,6,627.857,0,1,1,7890,0,0,16.5523,1,1,0,0,1,1,0,0,0,0,6993,0,1,28.9816,1,1,0,0,1,1,0,0,0,0,None,None
48,6,126.36,0,1,1,775,0,0,25.7418,1,1,0,0,1,1,0,0,0,0,7961,0,1,45.9437,1,1,0,0,1,1,0,0,0,0,None,None
49,6,469.175,0,1,1,3140,0,0,19.0527,1,1,0,0,1,1,0,0,0,0,8306,0,1,21.2689,1,1,0,0,1,1,0,0,0,0,None,None
50,6,76.2556,0,1,1,3238,1,0,39.2628,1,1,0,0,1,1,0,0,0,0,8450,0,1,38.6005,1,1,0,0,1,1,0,0,0,0,None,None
51,6,249.042,0,1,1,4087,0,0,42.3255,1,1,0,0,1,1,0,0,0,0,8554,0,1,21.2294,1,1,0,0,1,1,0,0,0,0,None,None
52,6,196.517,0,1,1,4511,0,0,39.9992,1,1,0,0,1,1,0,0,0,0,2179,0,1,48.3043,1,1,0,0,1,1,0,0,0,0,None,None
53,6,232.054,0,1,1,5353,0,0,43.9992,1,1,0,0,1,1,0,0,0,0,3539,0,1,28.1603,1,1,0,0,1,1,0,0,0,0,None,None
54,6,68.9124,0,1,1,8596,0,0,53.3566,1,1,0,0,1,1,0,0,0,0,4813,0,1,36.9824,1,1,0,0,1,1,0,0,0,0,None,None
55,6,273.425,0,1,1,8655,1,0,29.0394,1,1,0,0,1,1,0,0,0,0,5071,0,1,25.7669,1,1,0,0,1,1,0,0,0,0,None,None
56,6,389.632,0,1,1,8670,0,0,39.4153,1,1,0,0,1,1,0,0,0,0,9187,0,1,31.7986,1,1,0,0,1,1,0,0,0,0,None,None
57,6,151.37,0,1,1,652,0,0,39.8537,1,1,0,0,1,1,0,0,0,0,9434,0,1,28.9364,1,1,0,0,1,1,0,0,0,0,None,None
58,13,792.688,0,1,1,759,0,0,20.7408,1,1,0,0,1,1,0,0,0,0,2203,0,1,27.9455,1,1,0,0,1,1,0,0,0,0,None,None
59,13,440.601,0,1,1,1196,0,0,39.7293,1,1,0,0,1,1,0,0,0,0,2489,0,1,43.123,1,1,0,0,1,1,0,0,0,0,None,None
60,13,165.835,0,1,1,1306,0,0,48.5048,1,1,0,0,1,1,0,0,0,0,4544,0,1,22.4846,1,1,0,0,1,1,0,0,0,0,None,None
61,13,243.513,0,1,1,4680,0,0,15.7278,1,1,0,0,1,1,0,0,0,0,4806,1,1,40.0455,1,1,0,0,1,1,0,0,0,0,None,None
62,13,176.055,0,1,1,4902,0,0,17.4839,1,1,0,0,1,1,0,0,0,0,5242,0,1,24.7929,1,1,0,0,1,1,0,0,0,0,None,None
63,13,233.273,0,1,1,4969,0,0,27.519,1,1,0,0,1,1,0,0,0,0,6244,0,1,48.107,1,1,0,0,1,1,0,0,0,0,None,None
64,13,833.881,0,1,1,5987,0,0,53.6917,1,1,0,0,1,1,0,0,0,0,7135,0,1,53.6525,1,1,0,0,1,1,0,0,0,0,None,None
65,13,155.495,0,1,1,6342,0,0,25.7726,1,1,0,0,1,1,0,0,0,0,7984,0,1,14.5331,1,1,0,0,1,1,0,0,0,0,None,None
66,13,41.7014,0,1,1,7065,0,0,28.482,1,1,0,0,1,1,0,0,0,0,8435,0,1,37.1521,1,1,0,0,1,1,0,0,0,0,None,None
67,13,215.096,0,1,1,7782,0,0,50.6077,1,1,0,0,1,1,0,0,0,0,9396,0,1,16.8303,1,1,0,0,1,1,0,0,0,0,None,None
68,13,293.492,0,1,1,7792,0,0,32.7661,1,1,0,0,1,1,0,0,0,0,9796,1,1,50.6417,1,1,0,0,1,1,0,0,0,0,None,None
69,13,400.496,0,1,1,8712,0,0,32.4796,1,1,0,0,1,1,0,0,0,0,1785,0,1,39.9595,1,1,0,0,1,1,0,0,0,0,None,None
70,13,401.814,0,1,1,9625,0,0,50.1205,1,1,0,0,1,1,0,0,0,0,2524,0,1,28.9686,1,1,0,0,1,1,0,0,0,0,None,None
71,13,254.47,0,1,1,9977,0,0,45.1468,1,1,0,0,1,1,0,0,0,0,2536,0,1,22.2329,1,1,0,0,1,1,0,0,0,0,None,None
72,13,775.631,0,1,1,132,0,0,38.3144,1,1,0,0,1,1,0,0,0,0,3438,0,1,39.7486,1,1,0,0,1,1,0,0,0,0,None,None
73,13,1020.84,0,1,1,2072,0,0,49.1138,1,1,0,0,1,1,0,0,0,0,4665,0,1,49.33,1,1,0,0,1,1,0,0,0,0,None,None
74,13,186.575,0,1,1,3541,0,0,39.8912,1,1,0,0,1,1,0,0,0,0,5021,0,1,37.6715,1,1,0,0,1,1,0,0,0,0,None,None
75,13,269.595,0,1,1,4563,0,0,24.6286,1,1,0,0,1,1,0,0,0,0,5926,0,1,53.9378,1,1,0,0,1,1,0,0,0,0,None,None
76,13,124.419,0,1,1,4997,0,0,42.8546,1,1,0,0,1,1,0,0,0,0,6213,0,1,22.5632,1,1,0,0,1,1,0,0,0,0,None,None
77,13,163.644,0,1,1,6196,0,0,47.0666,1,1,0,0,1,1,0,0,0,0,6698,0,1,45.2749,1,1,0,0,1,1,0,0,0,0,None,None
78,13,184.672,0,1,1,8244,0,0,38.1879,1,1,0,0,1,1,0,0,0,0,7482,0,1,51.223,1,1,0,0,1,1,0,0,0,0,None,None
79,13,470.835,0,1,1,9997,0,0,41.3042,1,1,0,0,1,1,0,0,0,0,7952,0,1,40.1351,1,1,0,0,1,1,0,0,0,0,None,None
80,13,706.157,0,1,1,440,0,0,29.8784,1,1,0,0,1,1,0,0,0,0,8276,0,1,30.8385,1,1,0,0,1,1,0,0,0,0,None,None
81,13,37.3331,0,1,1,831,0,0,38.4908,1,1,0,0,1,1,0,0,0,0,8491,0,1,22.3768,1,1,0,0,1,1,0,0,0,0,None,None
82,13,32.7428,0,1,1,995,0,0,47.3307,1,1,0,0,1,1,0,0,0,0,108,0,1,20.7948,1,1,0,0,1,1,0,0,0,0,None,None
83,13,282.612,0,1,1,2188,0,0,20.5965,1,1,0,0,1,1,0,0,0,0,2021,0,1,31.9208,1,1,0,0,1,1,0,0,0,0,None,None
84,13,352.732,0,1,1,2481,0,0,28.1813,1,1,0,0,1,1,0,0,0,0,2065,0,1,33.8714,1,1,0,0,1,1,0,0,0,0,None,None
85,13,152.769,0,1,1,2989,0,0,23.7146,1,1,0,0,1,1,0,0,0,0,2471,0,1,35.4591,1,1,0,0,1,1,0,0,0,0,None,None
86,13,326.882,0,1,1,3485,0,0,27.7528,1,1,0,0,1,1,0,0,0,0,2731,0,1,49.6843,1,1,0,0,1,1,0,0,0,0,None,None
87,13,996.191,0,1,1,4392,0,0,42.772,1,1,0,0,1,1,0,0,0,0,5881,0,1,16.5379,1,1,0,0,1,1,0,0,0,0,None,None
88,13,318.52,0,1,1,5734,0,0,54.6975,1,1,0,0,1,1,0,0,0,0,6438,0,1,43.3862,1,1,0,0,1,1,0,0,0,0,None,None
89,13,32.6502,0,1,1,6445,0,0,40.5618,1,1,0,0,1,1,0,0,0,0,7078,0,1,23.8812,1,1,0,0,1,1,0,0,0,0,None,None
90,13,86.6312,0,1,1,6629,0,0,52.6284,1,1,0,0,1,1,0,0,0,0,7166,0,1,23.6421,1,1,0,0,1,1,0,0,0,0,None,None
91,13,234.353,0,1,1,9588,0,0,49.4473,1,1,0,0,1,1,0,0,0,0,9813,0,1,26.2935,1,1,0,0,1,1,0,0,0,0,None,None
92,13,315.251,0,1,1,2422,0,0,19.4962,1,1,0,0,1,1,0,0,0,0,963,0,1,36.9339,1,1,0,0,1,1,0,0,0,0,None,None
93,13,78.7882,0,1,1,3186,0,0,15.8203,1,1,0,0,1,1,0,0,0,0,1504,0,1,19.804,1,1,0,0,1,1,0,0,0,0,None,None
94,13,693.017,0,1,1,3417,0,0,46.7431,1,1,0,0,1,1,0,0,0,0,2541,0,1,19.6998,1,1,0,0,1,1,0,0,0,0,None,None
95,13,357.532,0,1,1,4038,0,0,36.1611,1,1,0,0,1,1,0,0,0,0,2926,0,1,49.9712,1,1,0,0,1,1,0,0,0,0,None,None
96,13,459.385,0,1,1,4744,0,0,45.6199,1,1,0,0,1,1,0,0,0,0,3696,0,1,21.4827,1,1,0,0,1,1,0,0,0,0,None,None
97,13,700.688,0,1,1,8613,0,0,32.2758,1,1,0,0,1,1,0,0,0,0,6761,0,1,16.5293,1,1,0,0,1,1,0,0,0,0,None,None
98,13,65.2604,0,1,1,9371,0,0,26.7547,1,1,0,0,1,1,0,0,0,0,7327,0,1,48.3584,1,1,0,0,1,1,0,0,0,0,None,None
99,13,221.809,0,1,1,37,0,0,18.1623,1,1,0,0,1,1,0,0,0,0,7391,0,1,23.05,1,1,0,0,1,1,0,0,0,0,None,None
100,13,497.797,0,1,1,1730,0,0,25.7055,1,1,0,0,1,1,0,0,0,0,8107,0,1,51.4412,1,1,0,0,1,1,0,0,0,0,None,None
101,13,117.926,0,1,1,2401,0,0,28.6306,1,1,0,0,1,1,0,0,0,0,9112,0,1,21.9398,1,1,0,0,1,1,0,0,0,0,None,None
102,13,271.237,0,1,1,2893,0,0,41.0854,1,1,0,0,1,1,0,0,0,0,225,0,1,35.0318,1,1,0,0,1,1,0,0,0,0,None,None
103,13,167.983,0,1,1,2927,0,0,39.6801,1,1,0,0,1,1,0,0,0,0,3125,0,1,22.0675,1,1,0,0,1,1,0,0,0,0,None,None
104,13,442.738,0,1,1,3105,0,0,27.5447,1,1,0,0,1,1,0,0,0,0,4114,0,1,53.4118,1,1,0,0,1,1,0,0,0,0,None,None
105,13,282.824,0,1,1,3319,0,0,24.3717,1,1,0,0,1,1,0,0,0,0,5180,0,1,54.9462,1,1,0,0,1,1,0,0,0,0,None,None
106,13,445.357,0,1,1,3659,0,0,21.6049,1,1,0,0,1,1,0,0,0,0,5369,0,1,41.9943,1,1,0,0,1,1,0,0,0,0,None,None
107,13,367.041,0,1,1,4470,0,0,18.1075,1,1,0,0,1,1,0,0,0,0,7939,0,1,40.9402,1,1,0,0,1,1,0,0,0,0,None,None
108,13,45.2581,0,1,1,5585,0,0,32.6867,1,1,0,0,1,1,0,0,0,0,9480,0,1,32.8062,1,1,0,0,1,1,0,0,0,0,None,None
109,13,524.443,0,1,1,5974,1,0,43.0727,1,1,0,0,1,1,0,0,0,0,323,0,1,54.5126,1,1,0,0,1,1,0,0,0,0,None,None
110,13,497.544,0,1,1,8752,0,0,21.3076,1,1,0,0,1,1,0,0,0,0,2020,0,1,31.5995,1,1,0,0,1,1,0,0,0,0,None,None
111,13,820.297,0,1,1,1571,0,0,29.1725,1,1,0,0,1,1,0,0,0,0,5753,0,1,28.0044,1,1,0,0,1,1,0,0,0,0,None,None
112,13,665.938,0,1,1,5752,0,0,45.546,1,1,0,0,1,1,0,0,0,0,6217,0,1,22.2453,1,1,0,0,1,1,0,0,0,0,None,None
113,13,423.88,0,1,1,6309,0,0,52.0741,1,1,0,0,1,1,0,0,0,0,7046,0,1,52.8547,1,1,0,0,1,1,0,0,0,0,None,None
114,13,502.803,0,1,1,6550,0,0,34.3039,1,1,0,0,1,1,0,0,0,0,7379,0,1,25.7902,1,1,0,0,1,1,0,0,0,0,None,None
115,13,1248.26,0,1,1,7080,0,0,41.4019,1,1,0,0,1,1,0,0,0,0,7712,0,1,20.4176,1,1,0,0,1,1,0,0,0,0,None,None
116,13,280.193,0,1,1,2853,1,0,44.6865,1,1,0,0,1,1,0,0,0,0,7892,0,1,38.3727,1,1,0,0,1,1,0,0,0,0,None,None
117,13,133.862,0,1,1,4922,0,0,47.9539,1,1,0,0,1,1,0,0,0,0,9608,0,1,39.9217,1,1,0,0,1,1,0,0,0,0,None,None
118,13,232.393,0,1,1,6821,0,0,37.4187,1,1,0,0,1,1,0,0,0,0,1618,0,1,49.4051,1,1,0,0,1,1,0,0,0,0,None,None
119,13,449.204,0,1,1,7107,0,0,38.5433,1,1,0,0,1,1,0,0,0,0,1684,0,1,40.2967,1,1,0,0,1,1,0,0,0,0,None,None
120,13,49.3985,0,1,1,8317,0,0,17.5896,1,1,0,0,1,1,0,0,0,0,3376,0,1,39.7015,1,1,0,0,1,1,0,0,0,0,None,None
121,13,328.848,0,1,1,251,0,0,48.335,1,1,0,0,1,1,0,0,0,0,6006,0,1,19.9096,1,1,0,0,1,1,0,0,0,0,None,None
122,13,468.767,0,1,1,3595,0,0,41.2236,1,1,0,0,1,1,0,0,0,0,8531,0,1,53.8174,1,1,0,0,1,1,0,0,0,0,None,None
123,13,459.202,0,1,1,3995,0,0,52.9433,1,1,0,0,1,1,0,0,0,0,8766,0,1,20.6775,1,1,0,0,1,1,0,0,0,0,None,None
124,13,629.215,0,1,1,5494,0,0,19.8692,1,1,0,0,1,1,0,0,0,0,8867,0,1,54.4503,1,1,0,0,1,1,0,0,0,0,None,None
125,20,342.715,0,1,1,7058,0,0,37.0619,1,1,0,0,1,1,0,0,0,0,595,0,1,45.4137,1,1,0,0,1,1,0,0,0,0,None,None
126,20,282.627,0,1,1,7102,0,0,23.2364,1,1,0,0,1,1,0,0,0,0,1257,0,1,37.0728,1,1,0,0,1,1,0,0,0,0,None,None
127,20,459.383,0,1,1,9482,0,0,46.2207,1,1,0,0,1,1,0,0,0,0,2041,0,1,52.0479,1,1,0,0,1,1,0,0,0,0,None,None
128,20,414.102,0,1,1,9887,0,0,19.2691,1,1,0,0,1,1,0,0,0,0,2308,0,1,42.3262,1,1,0,0,1,1,0,0,0,0,None,None
129,20,114.956,0,1,1,293,0,0,45.4507,1,1,0,0,1,1,0,0,0,0,3290,0,1,15.271,1,1,0,0,1,1,0,0,0,0,None,None
130,20,317.73,0,1,1,316,0,0,24.0762,1,1,0,0,1,1,0,0,0,0,5480,0,1,25.8531,1,1,0,0,1,1,0,0,0,0,None,None
131,20,160.1,0,1,1,1499,0,0,54.4688,1,1,0,0,1,1,0,0,0,0,6395,0,1,45.4053,1,1,0,0,1,1,0,0,0,0,None,None
132,20,217.044,0,1,1,1641,0,0,38.744,1,1,0,0,1,1,0,0,0,0,6671,0,1,28.1646,1,1,0,0,1,1,0,0,0,0,None,None
133,20,197.052,0,1,1,2369,0,0,24.0225,1,1,0,0,1,1,0,0,0,0,887,0,1,22.0106,1,1,0,0,1,1,0,0,0,0,None,None
134,20,171.473,0,1,1,3242,0,0,29.587,1,1,0,0,1,1,0,0,0,0,940,0,1,29.5996,1,1,0,0,1,1,0,0,0,0,None,None
135,20,300.232,0,1,1,7006,0,0,23.2248,1,1,0,0,1,1,0,0,0,0,4792,0,1,49.1435,1,1,0,0,1,1,0,0,0,0,None,None
136,20,46.7729,0,1,1,7680,0,0,24.1035,1,1,0,0,1,1,0,0,0,0,4932,0,1,33.7105,1,1,0,0,1,1,0,0,0,0,None,None
137,20,354.314,0,1,1,8340,0,0,29.4321,1,1,0,0,1,1,0,0,0,0,5236,0,1,17.3078,1,1,0,0,1,1,0,0,0,0,None,None
138,20,355.048,0,1,1,8351,0,0,39.0923,1,1,0,0,1,1,0,0,0,0,6747,0,1,16.6963,1,1,0,0,1,1,0,0,0,0,None,None
139,20,666.707,0,1,1,9213,0,0,37.0429,1,1,0,0,1,1,0,0,0,0,7754,0,1,25.8646,1,1,0,0,1,1,0,0,0,0,None,None
140,20,1097.86,0,1,1,9309,0,0,52.7437,1,1,0,0,1,1,0,0,0,0,9103,0,1,25.9773,1,1,0,0,1,1,0,0,0,0,None,None
141,20,614.844,0,1,1,9401,0,0,16.0403,1,1,0,0,1,1,0,0,0,0,4657,0,1,52.9317,1,1,0,0,1,1,0,0,0,0,None,None
142,20,117.124,0,1,1,1942,0,0,21.4338,1,1,0,0,1,1,0,0,0,0,6888,0,1,41.9279,1,1,0,0,1,1,0,0,0,0,None,None
143,20,825.584,0,1,1,5176,0,0,41.1443,1,1,0,0,1,1,0,0,0,0,6952,0,1,35.2827,1,1,0,0,1,1,0,0,0,0,None,None
144,20,130.228,0,1,1,6036,0,0,46.7273,1,1,0,0,1,1,0,0,0,0,806,0,1,22.8697,1,1,0,0,1,1,0,0,0,0,None,None
145,20,217.919,0,1,1,6133,0,0,19.7657,1,1,0,0,1,1,0,0,0,0,842,0,1,44.8838,1,1,0,0,1,1,0,0,0,0,None,None
146,20,502.122,0,1,1,9508,0,0,22.5723,1,1,0,0,1,1,0,0,0,0,2090,0,1,49.4665,1,1,0,0,1,1,0,0,0,0,None,None
147,20,769.396,0,1,1,906,0,0,51.4647,1,1,0,0,1,1,0,0,0,0,2492,0,1,39.2266,1,1,0,0,1,1,0,0,0,0,None,None
148,20,381.144,0,1,1,2590,0,0,41.2636,1,1,0,0,1,1,0,0,0,0,3024,0,1,48.5669,1,1,0,0,1,1,0,0,0,0,None,None
149,20,339.754,0,1,1,3600,0,0,41.8226,1,1,0,0,1,1,0,0,0,0,4961,0,1,35.3834,1,1,0,0,1,1,0,0,0,0,None,None
150,20,430.024,0,1,1,3891,0,0,32.6879,1,1,0,0,1,1,0,0,0,0,5015,0,1,15.5048,1,1,0,0,1,1,0,0,0,0,None,None
151,20,218.595,0,1,1,3989,0,0,30.5749,1,1,0,0,1,1,0,0,0,0,7529,0,1,48.1097,1,1,0,0,1,1,0,0,0,0,None,None
152,20,120.198,0,1,1,5952,0,0,35.2297,1,1,0,0,1,1,0,0,0,0,8325,0,1,21.8494,1,1,0,0,1,1,0,0,0,0,None,None
153,20,335.595,0,1,1,6599,0,0,40.0669,1,1,0,0,1,1,0,0,0,0,8379,0,1,17.5247,1,1,0,0,1,1,0,0,0,0,None,None
154,20,97.751,0,1,1,7357,0,0,40.8415,1,1,0,0,1,1,0,0,0,0,18,0,1,21.2986,1,1,0,0,1,1,0,0,0,0,None,None
155,20,178.648,0,1,1,8088,0,0,21.9685,1,1,0,0,1,1,0,0,0,0,2263,0,1,33.401,1,1,0,0,1,1,0,0,0,0,None,None
156,20,274.819,0,1,1,8124,0,0,18.8734,1,1,0,0,1,1,0,0,0,0,3345,0,1,28.4088,1,1,0,0,1,1,0,0,0,0,None,None
157,20,176.621,0,1,1,8428,0,0,54.8928,1,1,0,0,1,1,0,0,0,0,3670,0,1,20.263,1,1,0,0,1,1,0,0,0,0,None,None
158,20,859.297,0,1,1,9145,0,0,44.3183,1,1,0,0,1,1,0,0,0,0,5760,0,1,41.9057,1,1,0,0,1,1,0,0,0,0,None,None
159,20,177.8,0,1,1,9271,0,0,48.1242,1,1,0,0,1,1,0,0,0,0,6140,0,1,17.7643,1,1,0,0,1,1,0,0,0,0,None,None
160,20,143.566,0,1,1,350,0,0,20.9386,1,1,0,0,1,1,0,0,0,0,8062,0,1,41.5289,1,1,0,0,1,1,0,0,0,0,None,None
161,20,218.429,0,1,1,1720,0,0,31.411,1,1,0,0,1,1,0,0,0,0,8187,0,1,26.7441,1,1,0,0,1,1,0,0,0,0,None,None
162,20,205.755,0,1,1,2535,0,0,21.0181,1,1,0,0,1,1,0,0,0,0,9547,0,1,48.9118,1,1,0,0,1,1,0,0,0,0,None,None
163,20,317.174,0,1,1,2867,0,0,25.7512,1,1,0,0,1,1,0,0,0,0,9834,0,1,41.3041,1,1,0,0,1,1,0,0,0,0,None,None
164,20,508.831,0,1,1,4579,0,0,49.856,1,1,0,0,1,1,0,0,0,0,575,0,1,54.5694,1,1,0,0,1,1,0,0,0,0,None,None
165,20,1076.8,0,1,1,4928,0,0,41.9304,1,1,0,0,1,1,0,0,0,0,725,0,1,42.4702,1,1,0,0,1,1,0,0,0,0,None,None
166,20,366.078,0,1,1,4950,0,0,41.8466,1,1,0,0,1,1,0,0,0,0,1188,0,1,39.599,1,1,0,0,1,1,0,0,0,0,None,None
167,20,490.381,0,1,1,5280,0,0,49.9484,1,1,0,0,1,1,0,0,0,0,1961,0,1,34.9099,1,1,0,0,1,1,0,0,0,0,None,None
168,20,218.728,0,1,1,7168,0,0,33.9303,1,1,0,0,1,1,0,0,0,0,3043,0,1,24.3371,1,1,0,0,1,1,0,0,0,0,None,None
169,20,679.488,0,1,1,9063,0,0,26.477,1,1,0,0,1,1,0,0,0,0,4193,0,1,27.2752,1,1,0,0,1,1,0,0,0,0,None,None
170,20,213.698,0,1,1,9167,0,0,37.3155,1,1,0,0,1,1,0,0,0,0,5007,0,1,41.6013,1,1,0,0,1,1,0,0,0,0,None,None
171,20,287.05,0,1,1,9197,0,0,18.5869,1,1,0,0,1,1,0,0,0,0,5501,0,1,37.0468,1,1,0,0,1,1,0,0,0,0,None,None
172,20,776.703,0,1,1,1807,0,0,28.2841,1,1,0,0,1,1,0,0,0,0,6149,0,1,43.1133,1,1,0,0,1,1,0,0,0,0,None,None
173,20,266.882,0,1,1,3671,0,0,22.1809,1,1,0,0,1,1,0,0,0,0,6372,0,1,38.4745,1,1,0,0,1,1,0,0,0,0,None,None
174,20,632.969,0,1,1,4377,0,0,52.437,1,1,0,0,1,1,0,0,0,0,7077,0,1,40.4273,1,1,0,0,1,1,0,0,0,0,None,None
175,20,146.742,0,1,1,4788,0,0,41.8083,1,1,0,0,1,1,0,0,0,0,8609,0,1,40.0484,1,1,0,0,1,1,0,0,0,0,None,None
176,20,519.755,0,1,1,4967,0,0,19.7771,1,1,0,0,1,1,0,0,0,0,9785,0,1,49.4981,1,1,0,0,1,1,0,0,0,0,None,None
177,20,126.155,0,1,1,5429,0,0,20.942,1,1,0,0,1,1,0,0,0,0,888,0,1,30.4343,1,1,0,0,1,1,0,0,0,0,None,None
178,20,338.295,0,1,1,5781,0,0,24.3392,1,1,0,0,1,1,0,0,0,0,1840,0,1,20.4264,1,1,0,0,1,1,0,0,0,0,None,None
179,20,93.8029,0,1,1,6183,0,0,20.4907,1,1,0,0,1,1,0,0,0,0,2152,0,1,22.7463,1,1,0,0,1,1,0,0,0,0,None,None
180,20,207.543,0,1,1,6460,0,0,34.1058,1,1,0,0,1,1,0,0,0,0,2769,0,1,37.6023,1,1,0,0,1,1,0,0,0,0,None,None
181,20,148.708,0,1,1,7262,0,0,21.7684,1,1,0,0,1,1,0,0,0,0,3580,0,1,36.7731,1,1,0,0,1,1,0,0,0,0,None,None
182,20,191.032,0,1,1,7349,0,0,26.5606,1,1,0,0,1,1,0,0,0,0,5695,0,1,52.8349,1,1,0,0,1,1,0,0,0,0,None,None
183,20,324.847,0,1,1,7433,0,0,29.5101,1,1,0,0,1,1,0,0,0,0,5704,0,1,18.528,1,1,0,0,1,1,0,0,0,0,None,None
184,20,103.724,0,1,1,816,0,0,20.419,1,1,0,0,1,1,0,0,0,0,5761,0,1,48.4354,1,1,0,0,1,1,0,0,0,0,None,None
185,20,308.182,0,1,1,1077,0,0,50.9391,1,1,0,0,1,1,0,0,0,0,5924,0,1,40.6027,1,1,0,0,1,1,0,0,0,0,None,None
186,20,241.173,0,1,1,2616,0,0,47.0978,1,1,0,0,1,1,0,0,0,0,6404,0,1,47.2074,1,1,0,0,1,1,0,0,0,0,None,None
187,20,586.877,0,1,1,3514,0,0,53.5809,1,1,0,0,1,1,0,0,0,0,7954,0,1,22.0597,1,1,0,0,1,1,0,0,0,0,None,None
188,20,452.928,0,1,1,5076,0,0,18.663,1,1,0,0,1,1,0,0,0,0,9182,0,1,20.9896,1,1,0,0,1,1,0,0,0,0,None,None
189,20,686.665,0,1,1,5111,0,0,20.7085,1,1,0,0,1,1,0,0,0,0,9680,0,1,25.3619,1,1,0,0,1,1,0,0,0,0,None,None
190,27,475.391,0,1,1,5252,0,0,50.3758,1,1,0,0,1,1,0,0,0,0,1669,0,1,46.4307,1,1,0,0,1,1,0,0,0,0,None,None
191,27,75.8146,0,1,1,5697,0,0,45.9685,1,1,0,0,1,1,0,0,0,0,2493,0,1,33.7786,1,1,0,0,1,1,0,0,0,0,None,None
192,27,122.261,0,1,1,6368,0,0,44.5626,1,1,0,0,1,1,0,0,0,0,5572,0,1,27.9716,1,1,0,0,1,1,0,0,0,0,None,None
193,27,245.383,0,1,1,9160,0,0,35.7379,1,1,0,0,1,1,0,0,0,0,6930,0,1,46.8275,1,1,0,0,1,1,0,0,0,0,None,None
194,27,186.981,0,1,1,1203,0,0,37.2253,1,1,0,0,1,1,0,0,0,0,7240,0,1,16.2969,1,1,0,0,1,1,0,0,0,0,None,None
195,27,797.533,0,1,1,1520,0,0,33.9254,1,1,0,0,1,1,0,0,0,0,1488,0,1,54.8472,1,1,0,0,1,1,0,0,0,0,None,None
196,27,574.347,0,1,1,3535,0,0,51.2795,1,1,0,0,1,1,0,0,0,0,4045,0,1,48.4155,1,1,0,0,1,1,0,0,0,0,None,None
197,27,207.008,0,1,1,4698,0,0,51.6028,1,1,0,0,1,1,0,0,0,0,5774,0,1,20.9548,1,1,0,0,1,1,0,0,0,0,None,None
198,27,651.057,0,1,1,4979,0,0,49.5422,1,1,0,0,1,1,0,0,0,0,6234,0,1,40.2449,1,1,0,0,1,1,0,0,0,0,None,None
199,27,511.988,0,1,1,6711,0,0,36.9716,1,1,0,0,1,1,0,0,0,0,8827,0,1,33.2202,1,1,0,0,1,1,0,0,0,0,None,None
200,27,416.554,0,1,1,6869,0,0,31.9687,1,1,0,0,1,1,0,0,0,0,8907,0,1,52.8498,1,1,0,0,1,1,0,0,0,0,None,None
201,27,573.69,0,1,1,7860,0,0,31.2319,1,1,0,0,1,1,0,0,0,0,9679,0,1,18.0764,1,1,0,0,1,1,0,0,0,0,None,None
202,27,178.193,0,1,1,9136,0,0,29.1088,1,1,0,0,1,1,0,0,0,0,9775,0,1,26.9897,1,1,0,0,1,1,0,0,0,0,None,None
203,27,428.96,0,1,1,55,0,0,33.7542,1,1,0,0,1,1,0,0,0,0,785,0,1,41.398,1,1,0,0,1,1,0,0,0,0,None,None
204,27,196.562,0,1,1,544,0,0,52.6991,1,1,0,0,1,1,0,0,0,0,897,0,1,26.5606,1,1,0,0,1,1,0,0,0,0,None,None
205,27,104.305,0,1,1,4547,0,0,44.8384,1,1,0,0,1,1,0,0,0,0,1183,0,1,17.3596,1,1,0,0,1,1,0,0,0,0,None,None
206,27,147.08,0,1,1,5794,0,0,46.0243,1,1,0,0,1,1,0,0,0,0,1821,0,1,48.4291,1,1,0,0,1,1,0,0,0,0,None,None
207,27,174.833,0,1,1,7797,0,0,53.2585,1,1,0,0,1,1,0,0,0,0,2684,0,1,49.3581,1,1,0,0,1,1,0,0,0,0,None,None
208,27,589.827,0,1,1,9375,0,0,28.7448,1,1,0,0,1,1,0,0,0,0,5390,0,1,42.1403,1,1,0,0,1,1,0,0,0,0,None,None
209,27,28.3659,0,1,1,9575,0,0,20.7874,1,1,0,0,1,1,0,0,0,0,8433,0,1,29.9885,1,1,0,0,1,1,0,0,0,0,None,None
210,27,214.238,0,1,1,9753,0,0,54.1887,1,1,0,0,1,1,0,0,0,0,9655,0,1,33.8765,1,1,0,0,1,1,0,0,0,0,None,None
211,27,137.778,0,1,1,920,0,0,54.2891,1,1,0,0,1,1,0,0,0,0,51,0,1,39.1903,1,1,0,0,1,1,0,0,0,0,None,None
212,27,148.242,0,1,1,925,0,0,22.9962,1,1,0,0,1,1,0,0,0,0,550,0,1,42.3473,1,1,0,0,1,1,0,0,0,0,None,None
213,27,766.039,0,1,1,1217,0,0,30.539,1,1,0,0,1,1,0,0,0,0,634,0,1,31.4348,1,1,0,0,1,1,0,0,0,0,None,None
214,27,175.429,0,1,1,2418,0,0,45.3681,1,1,0,0,1,1,0,0,0,0,680,0,1,23.5865,1,1,0,0,1,1,0,0,0,0,None,None
215,27,257.707,0,1,1,3121,0,0,30.636,1,1,0,0,1,1,0,0,0,0,2242,0,1,49.0144,1,1,0,0,1,1,0,0,0,0,None,None
216,27,104.27,0,1,1,3656,0,0,39.1807,1,1,0,0,1,1,0,0,0,0,4455,0,1,33.6158,1,1,0,0,1,1,0,0,0,0,None,None
217,27,196.94,0,1,1,4452,0,0,52.0587,1,1,0,0,1,1,0,0,0,0,4797,0,1,20.6691,1,1,0,0,1,1,0,0,0,0,None,None
218,27,78.2938,0,1,1,4536,0,0,16.7724,1,1,0,0,1,1,0,0,0,0,8227,0,1,52.7968,1,1,0,0,1,1,0,0,0,0,None,None
219,27,500.427,0,1,1,7214,0,0,47.3825,1,1,0,0,1,1,0,0,0,0,8286,0,1,45.7007,1,1,0,0,1,1,0,0,0,0,None,None
220,27,138.847,0,1,1,7440,0,0,54.5709,1,1,0,0,1,1,0,0,0,0,8989,0,1,27.439,1,1,0,0,1,1,0,0,0,0,None,None
221,27,379.454,0,1,1,8169,0,0,47.7641,1,1,0,0,1,1,0,0,0,0,2803,0,1,26.3733,1,1,0,0,1,1,0,0,0,0,None,None
222,27,662.45,0,1,1,8196,0,0,30.4226,1,1,0,0,1,1,0,0,0,0,3451,0,1,16.8097,1,1,0,0,1,1,0,0,0,0,None,None
223,27,68.3716,0,1,1,8285,0,0,17.582,1,1,0,0,1,1,0,0,0,0,4766,0,1,20.0327,1,1,0,0,1,1,0,0,0,0,None,None
224,27,305.296,0,1,1,8454,0,0,34.5212,1,1,0,0,1,1,0,0,0,0,5586,0,1,43.6372,1,1,0,0,1,1,0,0,0,0,None,None
225,27,406.593,0,1,1,1378,0,0,29.2738,1,1,0,0,1,1,0,0,0,0,6088,0,1,27.4104,1,1,0,0,1,1,0,0,0,0,None,None
226,27,199.74,0,1,1,1405,0,0,29.1781,1,1,0,0,1,1,0,0,0,0,6665,0,1,31.7283,1,1,0,0,1,1,0,0,0,0,None,None
227,27,209.496,0,1,1,1860,0,0,29.1294,1,1,0,0,1,1,0,0,0,0,8253,0,1,25.0631,1,1,0,0,1,1,0,0,0,0,None,None
228,27,66.4185,0,1,1,4889,0,0,24.6924,1,1,0,0,1,1,0,0,0,0,38,0,1,17.6309,1,1,0,0,1,1,0,0,0,0,None,None
229,27,32.42,0,1,1,5287,0,0,20.8489,1,1,0,0,1,1,0,0,0,0,560,0,1,18.6102,1,1,0,0,1,1,0,0,0,0,None,None
230,27,255.176,0,1,1,7076,0,0,24.3034,1,1,0,0,1,1,0,0,0,0,705,0,1,29.9931,1,1,0,0,1,1,0,0,0,0,None,None
231,27,372.573,0,1,1,9198,0,0,47.074,1,1,0,0,1,1,0,0,0,0,2735,0,1,36.0193,1,1,0,0,1,1,0,0,0,0,None,None
232,27,143.256,0,1,1,9592,0,0,46.0391,1,1,0,0,1,1,0,0,0,0,3284,0,1,18.4108,1,1,0,0,1,1,0,0,0,0,None,None
233,27,695.664,0,1,1,358,0,0,25.1451,1,1,0,0,1,1,0,0,0,0,5341,0,1,40.0126,1,1,0,0,1,1,0,0,0,0,None,None
234,27,398.571,0,1,1,360,0,0,45.0992,1,1,0,0,1,1,0,0,0,0,6051,0,1,52.0313,1,1,0,0,1,1,0,0,0,0,None,None
235,27,294.247,0,1,1,3100,0,0,28.9549,1,1,0,0,1,1,0,0,0,0,7070,0,1,23.5579,1,1,0,0,1,1,0,0,0,0,None,None
236,27,147.677,0,1,1,3289,0,0,44.6127,1,1,0,0,1,1,0,0,0,0,9618,0,1,54.0448,1,1,0,0,1,1,0,0,0,0,None,None
237,27,169.811,0,1,1,6325,0,0,19.2546,1,1,0,0,1,1,0,0,0,0,102,0,1,36.0932,1,1,0,0,1,1,0,0,0,0,None,None
238,27,201.81,0,1,1,7075,0,0,22.6691,1,1,0,0,1,1,0,0,0,0,811,0,1,16.6021,1,1,0,0,1,1,0,0,0,0,None,None
239,27,376.528,0,1,1,8232,0,0,44.3223,1,1,0,0,1,1,0,0,0,0,1915,0,1,21.0811,1,1,0,0,1,1,0,0,0,0,None,None
240,27,334.222,0,1,1,1902,0,0,49.0901,1,1,0,0,1,1,0,0,0,0,2612,0,1,18.2501,1,1,0,0,1,1,0,0,0,0,None,None
241,27,846.156,0,1,1,2694,0,0,37.2764,1,1,0,0,1,1,0,0,0,0,2870,0,1,20.9544,1,1,0,0,1,1,0,0,0,0,None,None
242,27,793.273,0,1,1,3976,0,0,51.5795,1,1,0,0,1,1,0,0,0,0,3301,0,1,47.7582,1,1,0,0,1,1,0,0,0,0,None,None
243,27,402.51,0,1,1,6162,0,0,25.2951,1,1,0,0,1,1,0,0,0,0,3584,0,1,21.4759,1,1,0,0,1,1,0,0,0,0,None,None
244,27,123.202,0,1,1,8845,0,0,46.9997,1,1,0,0,1,1,0,0,0,0,3667,0,1,37.5067,1,1,0,0,1,1,0,0,0,0,None,None
245,27,523.846,0,1,1,1992,0,0,30.3493,1,1,0,0,1,1,0,0,0,0,6495,0,1,30.103,1,1,0,0,1,1,0,0,0,0,None,None
246,27,128.407,0,1,1,2488,0,0,21.2351,1,1,0,0,1,1,0,0,0,0,6784,0,1,16.1787,1,1,0,0,1,1,0,0,0,0,None,None
247,27,460.534,0,1,1,2790,0,0,32.9992,1,1,0,0,1,1,0,0,0,0,7329,0,1,23.9236,1,1,0,0,1,1,0,0,0,0,None,None
248,27,207.525,0,1,1,3277,0,0,44.7114,1,1,0,0,1,1,0,0,0,0,7823,0,1,42.3703,1,1,0,0,1,1,0,0,0,0,None,None
249,27,184.483,0,1,1,3979,0,0,45.2817,1,1,0,0,1,1,0,0,0,0,8708,0,1,29.5876,1,1,0,0,1,1,0,0,0,0,None,None
250,27,75.9605,0,1,1,5081,0,0,48.2598,1,1,0,0,1,1,0,0,0,0,8719,0,1,42.1874,1,1,0,0,1,1,0,0,0,0,None,None
251,34,864.512,0,1,1,8461,0,0,30.9567,1,1,0,0,1,1,0,0,0,0,1793,0,1,20.2271,1,1,0,0,1,1,0,0,0,0,None,None
252,34,191.74,0,1,1,8607,0,0,37.924,1,1,0,0,1,1,0,0,0,0,2429,0,1,52.1032,1,1,0,0,1,1,0,0,0,0,None,None
253,34,186.114,0,1,1,245,0,0,19.2467,1,1,0,0,1,1,0,0,0,0,2649,0,1,34.4552,1,1,0,0,1,1,0,0,0,0,None,None
254,34,155.547,0,1,1,367,0,0,35.7345,1,1,0,0,1,1,0,0,0,0,2809,0,1,52.7617,1,1,0,0,1,1,0,0,0,0,None,None
255,34,325.239,0,1,1,538,0,0,21.1392,1,1,0,0,1,1,0,0,0,0,3052,0,1,54.7079,1,1,0,0,1,1,0,0,0,0,None,None
256,34,478.389,0,1,1,561,0,0,39.3645,1,1,0,0,1,1,0,0,0,0,4611,0,1,44.3207,1,1,0,0,1,1,0,0,0,0,None,None
257,34,311.555,0,1,1,1650,0,0,44.4009,1,1,0,0,1,1,0,0,0,0,4704,0,1,20.4856,1,1,0,0,1,1,0,0,0,0,None,None
258,34,497.969,0,1,1,2669,0,0,29.353,1,1,0,0,1,1,0,0,0,0,4968,0,1,50.4236,1,1,0,0,1,1,0,0,0,0,None,None
259,34,90.7324,0,1,1,4187,0,0,47.8673,1,1,0,0,1,1,0,0,0,0,6026,0,1,27.1043,1,1,0,0,1,1,0,0,0,0,None,None
260,34,141.143,0,1,1,4368,0,0,37.4109,1,1,0,0,1,1,0,0,0,0,6100,0,1,24.1646,1,1,0,0,1,1,0,0,0,0,None,None
261,34,75.7433,0,1,1,4530,0,0,30.6838,1,1,0,0,1,1,0,0,0,0,6134,0,1,23.9801,1,1,0,0,1,1,0,0,0,0,None,None
262,34,238.804,0,1,1,6132,0,0,41.1056,1,1,0,0,1,1,0,0,0,0,6945,0,1,17.8976,1,1,0,0,1,1,0,0,0,0,None,None
263,34,615.152,0,1,1,6923,0,0,38.43,1,1,0,0,1,1,0,0,0,0,8210,0,1,19.852,1,1,0,0,1,1,0,0,0,0,None,None
264,34,136.009,0,1,1,2145,0,0,45.3125,1,1,0,0,1,1,0,0,0,0,230,0,1,49.6243,1,1,0,0,1,1,0,0,0,0,None,None
265,34,180.096,0,1,1,3622,0,0,49.1613,1,1,0,0,1,1,0,0,0,0,2672,0,1,47.3271,1,1,0,0,1,1,0,0,0,0,None,None
266,34,113.758,0,1,1,3707,0,0,43.9976,1,1,0,0,1,1,0,0,0,0,5275,0,1,41.5642,1,1,0,0,1,1,0,0,0,0,None,None
267,34,353.679,0,1,1,3981,0,0,45.7785,1,1,0,0,1,1,0,0,0,0,5976,0,1,21.3779,1,1,0,0,1,1,0,0,0,0,None,None
268,34,125.821,0,1,1,4199,0,0,43.1203,1,1,0,0,1,1,0,0,0,0,6412,0,1,16.6775,1,1,0,0,1,1,0,0,0,0,None,None
269,34,524.833,0,1,1,4554,0,0,29.8983,1,1,0,0,1,1,0,0,0,0,8633,0,1,40.1278,1,1,0,0,1,1,0,0,0,0,None,None
270,34,68.8262,0,1,1,6019,0,0,43.7855,1,1,0,0,1,1,0,0,0,0,9809,0,1,26.0637,1,1,0,0,1,1,0,0,0,0,None,None
271,34,478.599,0,1,1,6322,0,0,53.5701,1,1,0,0,1,1,0,0,0,0,1443,0,1,21.5099,1,1,0,0,1,1,0,0,0,0,None,None
272,34,65.9643,0,1,1,220,0,0,46.1543,1,1,0,0,1,1,0,0,0,0,3007,0,1,38.2939,1,1,0,0,1,1,0,0,0,0,None,None
273,34,193.167,0,1,1,1000,0,0,45.9777,1,1,0,0,1,1,0,0,0,0,6290,0,1,44.3432,1,1,0,0,1,1,0,0,0,0,None,None
274,34,273.436,0,1,1,1735,0,0,28.5651,1,1,0,0,1,1,0,0,0,0,6639,0,1,36.3165,1,1,0,0,1,1,0,0,0,0,None,None
275,34,159.576,0,1,1,2292,0,0,50.5433,1,1,0,0,1,1,0,0,0,0,7157,0,1,18.2303,1,1,0,0,1,1,0,0,0,0,None,None
276,34,538.502,0,1,1,3661,0,0,42.2422,1,1,0,0,1,1,0,0,0,0,7485,0,1,53.5423,1,1,0,0,1,1,0,0,0,0,None,None
277,34,543.201,0,1,1,6579,0,0,23.1431,1,1,0,0,1,1,0,0,0,0,9140,0,1,34.8698,1,1,0,0,1,1,0,0,0,0,None,None
278,34,357.164,0,1,1,7022,0,0,47.6922,1,1,0,0,1,1,0,0,0,0,753,0,1,22.5438,1,1,0,0,1,1,0,0,0,0,None,None
279,34,234.292,0,1,1,9257,0,0,17.0405,1,1,0,0,1,1,0,0,0,0,1035,0,1,35.78,1,1,0,0,1,1,0,0,0,0,None,None
280,34,385.354,0,1,1,1756,0,0,52.5699,1,1,0,0,1,1,0,0,0,0,2602,0,1,38.0994,1,1,0,0,1,1,0,0,0,0,None,None
281,34,188.853,0,1,1,2652,0,0,38.9044,1,1,0,0,1,1,0,0,0,0,3260,0,1,20.5662,1,1,0,0,1,1,0,0,0,0,None,None
282,34,280.178,0,1,1,4784,0,0,54.129,1,1,0,0,1,1,0,0,0,0,4329,0,1,50.0525,1,1,0,0,1,1,0,0,0,0,None,None
283,34,383.625,0,1,1,4865,0,0,46.6621,1,1,0,0,1,1,0,0,0,0,5202,0,1,28.4881,1,1,0,0,1,1,0,0,0,0,None,None
284,34,248.29,0,1,1,6635,0,0,48.7975,1,1,0,0,1,1,0,0,0,0,7266,0,1,43.4316,1,1,0,0,1,1,0,0,0,0,None,None
285,34,917.48,0,1,1,6681,0,0,27.3168,1,1,0,0,1,1,0,0,0,0,9715,0,1,21.397,1,1,0,0,1,1,0,0,0,0,None,None
286,34,420.771,0,1,1,7428,0,0,53.7239,1,1,0,0,1,1,0,0,0,0,2078,0,1,40.1791,1,1,0,0,1,1,0,0,0,0,None,None
287,34,289.286,0,1,1,7737,0,0,18.8195,1,1,0,0,1,1,0,0,0,0,2931,0,1,25.6623,1,1,0,0,1,1,0,0,0,0,None,None
288,34,43.7774,0,1,1,7760,0,0,28.4316,1,1,0,0,1,1,0,0,0,0,3347,0,1,48.0673,1,1,0,0,1,1,0,0,0,0,None,None
289,34,135.253,0,1,1,7970,0,0,34.8371,1,1,0,0,1,1,0,0,0,0,6838,0,1,48.3127,1,1,0,0,1,1,0,0,0,0,None,None
290,34,199.273,0,1,1,472,0,0,29.2936,1,1,0,0,1,1,0,0,0,0,6978,0,1,21.7198,1,1,0,0,1,1,0,0,0,0,None,None
291,34,45.559,0,1,1,813,0,0,22.169,1,1,0,0,1,1,0,0,0,0,8179,0,1,38.0526,1,1,0,0,1,1,0,0,0,0,None,None
292,34,487.661,0,1,1,2751,0,0,52.9268,1,1,0,0,1,1,0,0,0,0,8984,0,1,22.2416,1,1,0,0,1,1,0,0,0,0,None,None
293,34,133.404,0,1,1,3014,0,0,26.9358,1,1,0,0,1,1,0,0,0,0,9153,0,1,18.8117,1,1,0,0,1,1,0,0,0,0,None,None
294,34,539.128,0,1,1,3515,0,0,47.995,1,1,0,0,1,1,0,0,0,0,9961,0,1,23.522,1,1,0,0,1,1,0,0,0,0,None,None
295,34,395.333,0,1,1,3731,0,0,50.0138,1,1,0,0,1,1,0,0,0,0,540,0,1,42.4253,1,1,0,0,1,1,0,0,0,0,None,None
296,34,312.761,0,1,1,4357,0,0,45.6444,1,1,0,0,1,1,0,0,0,0,1084,0,1,30.4563,1,1,0,0,1,1,0,0,0,0,None,None
297,34,264.861,0,1,1,4415,0,0,26.4702,1,1,0,0,1,1,0,0,0,0,1546,0,1,25.9005,1,1,0,0,1,1,0,0,0,0,None,None
298,34,1219.08,0,1,1,5507,0,0,50.5933,1,1,0,0,1,1,0,0,0,0,3422,0,1,33.406,1,1,0,0,1,1,0,0,0,0,None,None
299,34,326.457,0,1,1,7056,0,0,44.9677,1,1,0,0,1,1,0,0,0,0,4648,0,1,47.432,1,1,0,0,1,1,0,0,0,0,None,None
300,34,109.866,0,1,1,8191,0,0,38.9265,1,1,0,0,1,1,0,0,0,0,7226,0,1,45.6106,1,1,0,0,1,1,0,0,0,0,None,None
301,34,65.4467,0,1,1,8316,0,0,51.1201,1,1,0,0,1,1,0,0,0,0,9207,0,1,31.085,1,1,0,0,1,1,0,0,0,0,None,None
302,34,293.177,0,1,1,9161,0,0,23.8572,1,1,0,0,1,1,0,0,0,0,9317,0,1,55.0665,1,1,0,0,1,1,0,0,0,0,None,None
303,34,354.82,0,1,1,371,0,0,30.7828,1,1,0,0,1,1,0,0,0,0,264,0,1,53.0789,1,1,0,0,1,1,0,0,0,0,None,None
304,34,504.615,0,1,1,655,0,0,27.1351,1,1,0,0,1,1,0,0,0,0,2532,0,1,20.9968,1,1,0,0,1,1,0,0,0,0,None,None
305,34,301.652,0,1,1,1117,0,0,42.9215,1,1,0,0,1,1,0,0,0,0,3596,0,1,21.4053,1,1,0,0,1,1,0,0,0,0,None,None
306,34,100.947,0,1,1,2881,0,0,45.9992,1,1,0,0,1,1,0,0,0,0,4508,0,1,30.2635,1,1,0,0,1,1,0,0,0,0,None,None
307,34,86.619,0,1,1,4091,0,0,24.2539,1,1,0,0,1,1,0,0,0,0,6168,0,1,23.5834,1,1,0,0,1,1,0,0,0,0,None,None
308,34,323.421,0,1,1,4763,0,0,36.448,1,1,0,0,1,1,0,0,0,0,7108,0,1,48.8803,1,1,0,0,1,1,0,0,0,0,None,None
309,34,611.11,0,1,1,6934,0,0,50.54,1,1,0,0,1,1,0,0,0,0,7645,0,1,54.3385,1,1,0,0,1,1,0,0,0,0,None,None
310,41,179.963,0,1,1,6956,0,0,33.1675,1,1,0,0,1,1,0,0,0,0,2960,0,1,37.2626,1,1,0,0,1,1,0,0,0,0,None,None
311,41,253.57,0,1,1,7311,0,0,47.1534,1,1,0,0,1,1,0,0,0,0,4030,0,1,49.1474,1,1,0,0,1,1,0,0,0,0,None,None
312,41,174.154,0,1,1,7466,0,0,24.5182,1,1,0,0,1,1,0,0,0,0,4525,0,1,52.0192,1,1,0,0,1,1,0,0,0,0,None,None
313,41,969.679,0,1,1,8297,0,0,37.5815,1,1,0,0,1,1,0,0,0,0,6967,0,1,54.9984,1,1,0,0,1,1,0,0,0,0,None,None
314,41,86.8328,0,1,1,1794,0,0,39.8989,1,1,0,0,1,1,0,0,0,0,7576,0,1,21.6771,1,1,0,0,1,1,0,0,0,0,None,None
315,41,166.198,0,1,1,2126,0,0,32.5805,1,1,0,0,1,1,0,0,0,0,8790,0,1,43.141,1,1,0,0,1,1,0,0,0,0,None,None
316,41,493.609,0,1,1,2530,0,0,39.1277,1,1,0,0,1,1,0,0,0,0,9330,0,1,31.0285,1,1,0,0,1,1,0,0,0,0,None,None
317,41,66.7942,0,1,1,3057,0,0,33.3431,1,1,0,0,1,1,0,0,0,0,9450,0,1,51.3397,1,1,0,0,1,1,0,0,0,0,None,None
318,41,610.9,0,1,1,3770,0,0,31.1464,1,1,0,0,1,1,0,0,0,0,9738,0,1,33.9958,1,1,0,0,1,1,0,0,0,0,None,None
319,41,48.7136,0,1,1,3963,0,0,37.149,1,1,0,0,1,1,0,0,0,0,448,0,1,41.7937,1,1,0,0,1,1,0,0,0,0,None,None
320,41,79.9512,0,1,1,4013,0,0,35.0555,1,1,0,0,1,1,0,0,0,0,461,0,1,52.7973,1,1,0,0,1,1,0,0,0,0,None,None
321,41,366.159,0,1,1,4282,0,0,48.2347,1,1,0,0,1,1,0,0,0,0,1595,0,1,42.5923,1,1,0,0,1,1,0,0,0,0,None,None
322,41,103.887,0,1,1,4909,0,0,30.0833,1,1,0,0,1,1,0,0,0,0,1668,0,1,48.8608,1,1,0,0,1,1,0,0,0,0,None,None
323,41,121.545,0,1,1,5613,0,0,38.1519,1,1,0,0,1,1,0,0,0,0,2189,0,1,50.5427,1,1,0,0,1,1,0,0,0,0,None,None
324,41,581.472,0,1,1,7382,0,0,53.9182,1,1,0,0,1,1,0,0,0,0,3046,0,1,21.4073,1,1,0,0,1,1,0,0,0,0,None,None
325,41,474.515,0,1,1,8842,0,0,46.9849,1,1,0,0,1,1,0,0,0,0,3718,0,1,41.9806,1,1,0,0,1,1,0,0,0,0,None,None
326,41,371.806,0,1,1,184,0,0,44.9463,1,1,0,0,1,1,0,0,0,0,5446,0,1,52.6211,1,1,0,0,1,1,0,0,0,0,None,None
327,41,276.611,0,1,1,231,0,0,54.8785,1,1,0,0,1,1,0,0,0,0,6861,0,1,51.0957,1,1,0,0,1,1,0,0,0,0,None,None
328,41,430.237,0,1,1,1392,0,0,32.0872,1,1,0,0,1,1,0,0,0,0,7320,0,1,38.1122,1,1,0,0,1,1,0,0,0,0,None,None
329,41,94.1128,0,1,1,2054,0,0,39.6384,1,1,0,0,1,1,0,0,0,0,1366,0,1,16.4125,1,1,0,0,1,1,0,0,0,0,None,None
330,41,135.582,0,1,1,4913,0,0,17.5169,1,1,0,0,1,1,0,0,0,0,1420,0,1,44.6525,1,1,0,0,1,1,0,0,0,0,None,None
331,41,229.928,0,1,1,7511,0,0,29.6202,1,1,0,0,1,1,0,0,0,0,3348,0,1,46.7971,1,1,0,0,1,1,0,0,0,0,None,None
332,41,60.6604,0,1,1,8311,0,0,44.1288,1,1,0,0,1,1,0,0,0,0,3686,0,1,20.3967,1,1,0,0,1,1,0,0,0,0,None,None
333,41,426.316,0,1,1,76,0,0,51.4113,1,1,0,0,1,1,0,0,0,0,4615,0,1,20.974,1,1,0,0,1,1,0,0,0,0,None,None
334,41,1434.86,0,1,1,715,0,0,27.5389,1,1,0,0,1,1,0,0,0,0,4846,0,1,36.1908,1,1,0,0,1,1,0,0,0,0,None,None
335,41,185.587,0,1,1,1723,0,0,38.0903,1,1,0,0,1,1,0,0,0,0,5536,0,1,44.6866,1,1,0,0,1,1,0,0,0,0,None,None
336,41,347.403,0,1,1,2147,0,0,21.9015,1,1,0,0,1,1,0,0,0,0,5728,0,1,22.8581,1,1,0,0,1,1,0,0,0,0,None,None
337,41,60.0628,0,1,1,3810,0,0,51.2457,1,1,0,0,1,1,0,0,0,0,8142,0,1,29.3885,1,1,0,0,1,1,0,0,0,0,None,None
338,41,59.8139,0,1,1,5042,0,0,27.6887,1,1,0,0,1,1,0,0,0,0,212,0,1,39.2469,1,1,0,0,1,1,0,0,0,0,None,None
339,41,73.3007,0,1,1,6897,0,0,31.4507,1,1,0,0,1,1,0,0,0,0,542,0,1,28.0527,1,1,0,0,1,1,0,0,0,0,None,None
340,41,302.384,0,1,1,8578,0,0,38.1749,1,1,0,0,1,1,0,0,0,0,551,0,1,32.5135,1,1,0,0,1,1,0,0,0,0,None,None
341,41,609.777,0,1,1,3000,0,0,34.7188,1,1,0,0,1,1,0,0,0,0,968,0,1,41.4807,1,1,0,0,1,1,0,0,0,0,None,None
342,41,718.851,0,1,1,4176,0,0,37.0485,1,1,0,0,1,1,0,0,0,0,1230,0,1,17.3051,1,1,0,0,1,1,0,0,0,0,None,None
343,41,215.297,0,1,1,6704,0,0,38.7351,1,1,0,0,1,1,0,0,0,0,1703,0,1,29.0656,1,1,0,0,1,1,0,0,0,0,None,None
344,41,198.304,0,1,1,7118,0,0,21.1702,1,1,0,0,1,1,0,0,0,0,6739,0,1,26.7017,1,1,0,0,1,1,0,0,0,0,None,None
345,41,86.9028,0,1,1,7323,0,0,27.1749,1,1,0,0,1,1,0,0,0,0,8500,0,1,44.5089,1,1,0,0,1,1,0,0,0,0,None,None
346,41,346.768,0,1,1,7933,0,0,20.0405,1,1,0,0,1,1,0,0,0,0,9458,0,1,21.2231,1,1,0,0,1,1,0,0,0,0,None,None
347,41,659.867,0,1,1,8640,0,0,43.5789,1,1,0,0,1,1,0,0,0,0,2425,0,1,45.8112,1,1,0,0,1,1,0,0,0,0,None,None
348,41,94.2124,0,1,1,9798,0,0,46.1577,1,1,0,0,1,1,0,0,0,0,2818,0,1,22.3089,1,1,0,0,1,1,0,0,0,0,None,None
349,41,295.697,0,1,1,3386,0,0,38.2736,1,1,0,0,1,1,0,0,0,0,7507,0,1,42.87,1,1,0,0,1,1,0,0,0,0,None,None
350,41,265.672,0,1,1,4834,0,0,32.5664,1,1,0,0,1,1,0,0,0,0,7847,0,1,30.047,1,1,0,0,1,1,0,0,0,0,None,None
351,41,84.4425,0,1,1,5604,0,0,45.457,1,1,0,0,1,1,0,0,0,0,8229,0,1,46.7464,1,1,0,0,1,1,0,0,0,0,None,None
352,41,253.38,0,1,1,6255,0,0,28.7176,1,1,0,0,1,1,0,0,0,0,944,0,1,19.4279,1,1,0,0,1,1,0,0,0,0,None,None
353,41,328.874,0,1,1,6646,0,0,26.3631,1,1,0,0,1,1,0,0,0,0,1485,0,1,48.846,1,1,0,0,1,1,0,0,0,0,None,None
354,41,82.9717,0,1,1,234,0,0,27.0903,1,1,0,0,1,1,0,0,0,0,2834,0,1,47.9619,1,1,0,0,1,1,0,0,0,0,None,None
355,41,266.063,0,1,1,268,0,0,31.389,1,1,0,0,1,1,0,0,0,0,2930,0,1,19.1679,1,1,0,0,1,1,0,0,0,0,None,None
356,41,138.963,0,1,1,1274,0,0,33.8322,1,1,0,0,1,1,0,0,0,0,4572,0,1,50.7865,1,1,0,0,1,1,0,0,0,0,None,None
357,41,583.749,0,1,1,1287,0,0,19.8436,1,1,0,0,1,1,0,0,0,0,5016,0,1,50.5461,1,1,0,0,1,1,0,0,0,0,None,None
358,41,208.069,0,1,1,1813,0,0,20.0892,1,1,0,0,1,1,0,0,0,0,5823,0,1,31.4807,1,1,0,0,1,1,0,0,0,0,None,None
359,41,762.307,0,1,1,2597,0,0,27.79,1,1,0,0,1,1,0,0,0,0,6659,0,1,43.4473,1,1,0,0,1,1,0,0,0,0,None,None
360,41,274.721,0,1,1,2599,0,0,36.9232,1,1,0,0,1,1,0,0,0,0,7703,0,1,42.3335,1,1,0,0,1,1,0,0,0,0,None,None
361,41,996.676,0,1,1,3479,0,0,37.2932,1,1,0,0,1,1,0,0,0,0,7842,0,1,43.4166,1,1,0,0,1,1,0,0,0,0,None,None
362,41,325.724,0,1,1,3652,0,0,43.0626,1,1,0,0,1,1,0,0,0,0,8703,0,1,50.0843,1,1,0,0,1,1,0,0,0,0,None,None
363,41,64.8137,0,1,1,4750,0,0,36.925,1,1,0,0,1,1,0,0,0,0,9501,0,1,33.1961,1,1,0,0,1,1,0,0,0,0,None,None
364,41,207.27,0,1,1,5321,0,0,21.787,1,1,0,0,1,1,0,0,0,0,805,0,1,40.8193,1,1,0,0,1,1,0,0,0,0,None,None
365,41,333.618,0,1,1,5370,0,0,27.3839,1,1,0,0,1,1,0,0,0,0,1613,0,1,29.1955,1,1,0,0,1,1,0,0,0,0,None,None
366,41,175.235,0,1,1,6770,0,0,42.0821,1,1,0,0,1,1,0,0,0,0,2108,0,1,48.6123,1,1,0,0,1,1,0,0,0,0,None,None
367,41,304.609,0,1,1,7427,0,0,52.8913,1,1,0,0,1,1,0,0,0,0,3102,0,1,49.0683,1,1,0,0,1,1,0,0,0,0,None,None
368,41,94.4689,0,1,1,8659,0,0,49.1419,1,1,0,0,1,1,0,0,0,0,4960,0,1,37.7694,1,1,0,0,1,1,0,0,0,0,None,None
369,41,365.616,0,1,1,594,0,0,53.0947,1,1,0,0,1,1,0,0,0,0,6291,0,1,22.0639,1,1,0,0,1,1,0,0,0,0,None,None
370,41,115.785,0,1,1,718,0,0,51.8931,1,1,0,0,1,1,0,0,0,0,6547,0,1,43.0006,1,1,0,0,1,1,0,0,0,0,None,None
371,41,180.835,0,1,1,6430,0,0,49.4303,1,1,0,0,1,1,0,0,0,0,6718,0,1,44.3217,1,1,0,0,1,1,0,0,0,0,None,None
372,41,68.3808,0,1,1,6480,0,0,49.8829,1,1,0,0,1,1,0,0,0,0,9649,0,1,38.8372,1,1,0,0,1,1,0,0,0,0,None,None
373,48,166.834,0,1,1,6744,0,0,45.3316,1,1,0,0,1,1,0,0,0,0,1178,0,1,34.7964,1,1,0,0,1,1,0,0,0,0,None,None
374,48,114.711,0,1,1,6811,0,0,48.2565,1,1,0,0,1,1,0,0,0,0,3055,0,1,32.9317,1,1,0,0,1,1,0,0,0,0,None,None
375,48,137.424,0,1,1,9202,0,0,51.4434,1,1,0,0,1,1,0,0,0,0,3676,0,1,51.2494,1,1,0,0,1,1,0,0,0,0,None,None
376,48,499.29,0,1,1,487,0,0,35.8807,1,1,0,0,1,1,0,0,0,0,4397,0,1,30.165,1,1,0,0,1,1,0,0,0,0,None,None
377,48,366.747,0,1,1,2397,0,0,35.7875,1,1,0,0,1,1,0,0,0,0,4620,0,1,20.5505,1,1,0,0,1,1,0,0,0,0,None,None
378,48,305.724,0,1,1,2426,0,0,17.5414,1,1,0,0,1,1,0,0,0,0,5870,0,1,41.4815,1,1,0,0,1,1,0,0,0,0,None,None
379,48,295.721,0,1,1,2764,0,0,35.6875,1,1,0,0,1,1,0,0,0,0,7806,0,1,47.4477,1,1,0,0,1,1,0,0,0,0,None,None
380,48,156.81,0,1,1,3447,0,0,53.9643,1,1,0,0,1,1,0,0,0,0,9646,0,1,30.9189,1,1,0,0,1,1,0,0,0,0,None,None
381,48,206.975,0,1,1,4335,0,0,43.1609,1,1,0,0,1,1,0,0,0,0,532,0,1,32.6326,1,1,0,0,1,1,0,0,0,0,None,None
382,48,752.996,0,1,1,5208,0,0,23.1285,1,1,0,0,1,1,0,0,0,0,600,0,1,18.0033,1,1,0,0,1,1,0,0,0,0,None,None
383,48,172.973,0,1,1,7713,0,0,38.2848,1,1,0,0,1,1,0,0,0,0,992,0,1,30.212,1,1,0,0,1,1,0,0,0,0,None,None
384,48,479.893,0,1,1,9205,0,0,29.3832,1,1,0,0,1,1,0,0,0,0,5395,0,1,29.9721,1,1,0,0,1,1,0,0,0,0,None,None
385,48,155.059,0,1,1,9727,0,0,36.5805,1,1,0,0,1,1,0,0,0,0,5563,0,1,46.6637,1,1,0,0,1,1,0,0,0,0,None,None
386,48,675.096,0,1,1,353,0,0,46.8854,1,1,0,0,1,1,0,0,0,0,8031,0,1,20.3761,1,1,0,0,1,1,0,0,0,0,None,None
387,48,662.338,0,1,1,846,0,0,54.4409,1,1,0,0,1,1,0,0,0,0,8242,0,1,20.8038,1,1,0,0,1,1,0,0,0,0,None,None
388,48,797.502,0,1,1,1387,0,0,32.619,1,1,0,0,1,1,0,0,0,0,8807,0,1,44.6238,1,1,0,0,1,1,0,0,0,0,None,None
389,48,172.143,0,1,1,1763,0,0,14.7816,1,1,0,0,1,1,0,0,0,0,1913,0,1,50.2569,1,1,0,0,1,1,0,0,0,0,None,None
390,48,369.983,0,1,1,4041,0,0,18.2773,1,1,0,0,1,1,0,0,0,0,2555,0,1,25.2021,1,1,0,0,1,1,0,0,0,0,None,None
391,48,312.423,0,1,1,6248,0,0,33.3712,1,1,0,0,1,1,0,0,0,0,4198,0,1,27.4846,1,1,0,0,1,1,0,0,0,0,None,None
392,48,439.028,0,1,1,7366,0,0,55.0005,1,1,0,0,1,1,0,0,0,0,6355,0,1,47.8206,1,1,0,0,1,1,0,0,0,0,None,None
393,48,355.191,0,1,1,8784,0,0,18.761,1,1,0,0,1,1,0,0,0,0,6777,0,1,38.7679,1,1,0,0,1,1,0,0,0,0,None,None
394,48,502.047,0,1,1,2925,0,0,52.8945,1,1,0,0,1,1,0,0,0,0,7602,0,1,37.7636,1,1,0,0,1,1,0,0,0,0,None,None
395,48,228.927,0,1,1,5427,0,0,20.4656,1,1,0,0,1,1,0,0,0,0,8185,0,1,22.7427,1,1,0,0,1,1,0,0,0,0,None,None
396,48,177.303,0,1,1,5508,0,0,51.8252,1,1,0,0,1,1,0,0,0,0,9117,0,1,16.087,1,1,0,0,1,1,0,0,0,0,None,None
397,48,99.983,0,1,1,6047,0,0,18.004,1,1,0,0,1,1,0,0,0,0,1270,0,1,37.0199,1,1,0,0,1,1,0,0,0,0,None,None
398,48,601.781,0,1,1,6960,0,0,37.9259,1,1,0,0,1,1,0,0,0,0,1516,0,1,55.007,1,1,0,0,1,1,0,0,0,0,None,None
399,48,601.561,0,1,1,7643,0,0,35.3403,1,1,0,0,1,1,0,0,0,0,7763,0,1,23.3768,1,1,0,0,1,1,0,0,0,0,None,None
400,48,295.543,0,1,1,8863,0,0,26.235,1,1,0,0,1,1,0,0,0,0,7953,0,1,51.4821,1,1,0,0,1,1,0,0,0,0,None,None
401,48,561.676,0,1,1,883,0,0,42.2173,1,1,0,0,1,1,0,0,0,0,9273,0,1,36.0229,1,1,0,0,1,1,0,0,0,0,None,None
402,48,160.719,0,1,1,1016,0,0,54.1651,1,1,0,0,1,1,0,0,0,0,9347,0,1,28.8815,1,1,0,0,1,1,0,0,0,0,None,None
403,48,530.423,0,1,1,1301,0,0,33.6912,1,1,0,0,1,1,0,0,0,0,2615,0,1,41.3787,1,1,0,0,1,1,0,0,0,0,None,None
404,48,313.154,0,1,1,1695,0,0,17.0202,1,1,0,0,1,1,0,0,0,0,4941,0,1,18.8435,1,1,0,0,1,1,0,0,0,0,None,None
405,48,652.676,0,1,1,2816,0,0,33.9213,1,1,0,0,1,1,0,0,0,0,6119,0,1,41.371,1,1,0,0,1,1,0,0,0,0,None,None
406,48,297.281,0,1,1,7294,0,0,50.5808,1,1,0,0,1,1,0,0,0,0,6175,0,1,31.3038,1,1,0,0,1,1,0,0,0,0,None,None
407,48,259.618,0,1,1,7635,0,0,42.7322,1,1,0,0,1,1,0,0,0,0,9057,0,1,23.065,1,1,0,0,1,1,0,0,0,0,None,None
408,48,171.879,0,1,1,8854,0,0,24.0027,1,1,0,0,1,1,0,0,0,0,9631,0,1,27.6461,1,1,0,0,1,1,0,0,0,0,None,None
409,48,170.931,0,1,1,9033,0,0,47.5611,1,1,0,0,1,1,0,0,0,0,679,0,1,21.2083,1,1,0,0,1,1,0,0,0,0,None,None
410,48,295.952,0,1,1,9175,0,0,30.3845,1,1,0,0,1,1,0,0,0,0,1078,0,1,36.0309,1,1,0,0,1,1,0,0,0,0,None,None
411,48,910.13,0,1,1,9191,0,0,20.5266,1,1,0,0,1,1,0,0,0,0,1594,0,1,24.2303,1,1,0,0,1,1,0,0,0,0,None,None
412,48,678.455,0,1,1,50,0,0,37.152,1,1,0,0,1,1,0,0,0,0,2501,0,1,44.4417,1,1,0,0,1,1,0,0,0,0,None,None
413,48,1163.29,0,1,1,862,0,0,45.9866,1,1,0,0,1,1,0,0,0,0,3073,0,1,47.0237,1,1,0,0,1,1,0,0,0,0,None,None
414,48,359.051,0,1,1,2865,0,0,33.3818,1,1,0,0,1,1,0,0,0,0,3662,0,1,18.7068,1,1,0,0,1,1,0,0,0,0,None,None
415,48,73.9627,0,1,1,4496,0,0,25.2922,1,1,0,0,1,1,0,0,0,0,7586,0,1,18.8023,1,1,0,0,1,1,0,0,0,0,None,None
416,48,913.97,0,1,1,5531,0,0,26.8985,1,1,0,0,1,1,0,0,0,0,7990,0,1,17.2011,1,1,0,0,1,1,0,0,0,0,None,None
417,48,278.471,0,1,1,7420,0,0,29.8931,1,1,0,0,1,1,0,0,0,0,8261,0,1,53.3942,1,1,0,0,1,1,0,0,0,0,None,None
418,48,282.692,0,1,1,9128,0,0,27.5227,1,1,0,0,1,1,0,0,0,0,8413,0,1,47.5734,1,1,0,0,1,1,0,0,0,0,None,None
419,48,71.3527,0,1,1,7,0,0,50.5532,1,1,0,0,1,1,0,0,0,0,8786,0,1,39.8967,1,1,0,0,1,1,0,0,0,0,None,None
420,48,130.424,0,1,1,224,0,0,24.3956,1,1,0,0,1,1,0,0,0,0,9253,0,1,26.0946,1,1,0,0,1,1,0,0,0,0,None,None
421,48,710.269,0,1,1,848,0,0,38.4972,1,1,0,0,1,1,0,0,0,0,9711,0,1,20.4246,1,1,0,0,1,1,0,0,0,0,None,None
422,48,339.753,0,1,1,1158,0,0,49.7481,1,1,0,0,1,1,0,0,0,0,907,0,1,23.6331,1,1,0,0,1,1,0,0,0,0,None,None
423,48,263.489,0,1,1,2525,0,0,49.1257,1,1,0,0,1,1,0,0,0,0,2236,0,1,16.4836,1,1,0,0,1,1,0,0,0,0,None,None
424,48,196.512,0,1,1,3663,0,0,43.8108,1,1,0,0,1,1,0,0,0,0,2523,0,1,23.7152,1,1,0,0,1,1,0,0,0,0,None,None
425,48,132.606,0,1,1,3779,0,0,48.9514,1,1,0,0,1,1,0,0,0,0,2710,0,1,17.079,1,1,0,0,1,1,0,0,0,0,None,None
426,48,751.977,0,1,1,3823,0,0,45.0401,1,1,0,0,1,1,0,0,0,0,4501,0,1,44.4038,1,1,0,0,1,1,0,0,0,0,None,None
427,48,655.623,0,1,1,4943,0,0,18.056,1,1,0,0,1,1,0,0,0,0,5269,0,1,18.6928,1,1,0,0,1,1,0,0,0,0,None,None
428,48,409.733,0,1,1,5206,0,0,32.3221,1,1,0,0,1,1,0,0,0,0,5285,0,1,39.3707,1,1,0,0,1,1,0,0,0,0,None,None
429,48,767.451,0,1,1,5336,0,0,29.061,1,1,0,0,1,1,0,0,0,0,5440,0,1,16.9481,1,1,0,0,1,1,0,0,0,0,None,None
430,48,617.359,0,1,1,6343,0,0,45.2144,1,1,0,0,1,1,0,0,0,0,5768,0,1,25.083,1,1,0,0,1,1,0,0,0,0,None,None
431,48,127.835,0,1,1,9437,0,0,25.1652,1,1,0,0,1,1,0,0,0,0,5817,0,1,47.892,1,1,0,0,1,1,0,0,0,0,None,None
432,48,334.816,0,1,1,9461,0,0,20.7659,1,1,0,0,1,1,0,0,0,0,7219,0,1,18.8517,1,1,0,0,1,1,0,0,0,0,None,None
433,48,65.7042,0,1,1,2231,0,0,36.6988,1,1,0,0,1,1,0,0,0,0,9730,0,1,33.8084,1,1,0,0,1,1,0,0,0,0,None,None
434,55,144.146,0,1,1,4152,0,0,21.179,1,1,0,0,1,1,0,0,0,0,757,0,1,19.1135,1,1,0,0,1,1,0,0,0,0,None,None
435,55,262.231,0,1,1,5804,0,0,17.9154,1,1,0,0,1,1,0,0,0,0,3771,0,1,41.1217,1,1,0,0,1,1,0,0,0,0,None,None
436,55,201.65,0,1,1,7666,0,0,30.6019,1,1,0,0,1,1,0,0,0,0,4204,0,1,20.5995,1,1,0,0,1,1,0,0,0,0,None,None
437,55,1097.98,0,1,1,7967,0,0,24.392,1,1,0,0,1,1,0,0,0,0,5203,0,1,32.7798,1,1,0,0,1,1,0,0,0,0,None,None
438,55,735.508,0,1,1,3498,0,0,45.2245,1,1,0,0,1,1,0,0,0,0,5938,0,1,43.2258,1,1,0,0,1,1,0,0,0,0,None,None
439,55,130.223,0,1,1,3603,0,0,55.0887,1,1,0,0,1,1,0,0,0,0,6323,0,1,45.6098,1,1,0,0,1,1,0,0,0,0,None,None
440,55,1193.3,0,1,1,5263,0,0,52.1388,1,1,0,0,1,1,0,0,0,0,6403,0,1,36.4706,1,1,0,0,1,1,0,0,0,0,None,None
441,55,549.478,0,1,1,7004,0,0,16.6878,1,1,0,0,1,1,0,0,0,0,8041,0,1,51.2265,1,1,0,0,1,1,0,0,0,0,None,None
442,55,328.513,0,1,1,7342,0,0,39.5209,1,1,0,0,1,1,0,0,0,0,8664,0,1,52.5442,1,1,0,0,1,1,0,0,0,0,None,None
443,55,141.139,0,1,1,8498,0,0,41.9328,1,1,0,0,1,1,0,0,0,0,3644,0,1,18.5863,1,1,0,0,1,1,0,0,0,0,None,None
444,55,127.185,0,1,1,330,0,0,46.0683,1,1,0,0,1,1,0,0,0,0,3660,0,1,37.0274,1,1,0,0,1,1,0,0,0,0,None,None
445,55,137.994,0,1,1,1271,0,0,47.8848,1,1,0,0,1,1,0,0,0,0,3837,0,1,51.6208,1,1,0,0,1,1,0,0,0,0,None,None
446,55,365.493,0,1,1,2304,0,0,28.9111,1,1,0,0,1,1,0,0,0,0,3911,0,1,29.2443,1,1,0,0,1,1,0,0,0,0,None,None
447,55,426.045,0,1,1,2720,0,0,37.9848,1,1,0,0,1,1,0,0,0,0,4285,0,1,18.9037,1,1,0,0,1,1,0,0,0,0,None,None
448,55,408.812,0,1,1,2746,0,0,32.2199,1,1,0,0,1,1,0,0,0,0,4717,0,1,21.8633,1,1,0,0,1,1,0,0,0,0,None,None
449,55,169.61,0,1,1,4385,0,0,47.6296,1,1,0,0,1,1,0,0,0,0,5093,0,1,31.279,1,1,0,0,1,1,0,0,0,0,None,None
450,55,85.6542,0,1,1,4714,0,0,20.4121,1,1,0,0,1,1,0,0,0,0,5100,0,1,19.0853,1,1,0,0,1,1,0,0,0,0,None,None
451,55,183.717,0,1,1,5674,0,0,32.1392,1,1,0,0,1,1,0,0,0,0,6258,0,1,23.1967,1,1,0,0,1,1,0,0,0,0,None,None
452,55,693.602,0,1,1,6093,0,0,17.7459,1,1,0,0,1,1,0,0,0,0,7741,0,1,28.9987,1,1,0,0,1,1,0,0,0,0,None,None
453,55,621.378,0,1,1,7510,0,0,40.1157,1,1,0,0,1,1,0,0,0,0,9650,0,1,43.6423,1,1,0,0,1,1,0,0,0,0,None,None
454,55,254.269,0,1,1,2280,0,0,50.4976,1,1,0,0,1,1,0,0,0,0,1978,0,1,30.3374,1,1,0,0,1,1,0,0,0,0,None,None
455,55,123.923,0,1,1,3957,0,0,43.5879,1,1,0,0,1,1,0,0,0,0,3410,0,1,34.3436,1,1,0,0,1,1,0,0,0,0,None,None
456,55,267.725,0,1,1,4102,0,0,23.409,1,1,0,0,1,1,0,0,0,0,3658,0,1,28.4638,1,1,0,0,1,1,0,0,0,0,None,None
457,55,282.896,0,1,1,4253,0,0,34.8238,1,1,0,0,1,1,0,0,0,0,4906,0,1,43.6411,1,1,0,0,1,1,0,0,0,0,None,None
458,55,465.869,0,1,1,4796,0,0,50.0028,1,1,0,0,1,1,0,0,0,0,4962,0,1,24.7201,1,1,0,0,1,1,0,0,0,0,None,None
459,55,63.2527,0,1,1,8519,0,0,36.8737,1,1,0,0,1,1,0,0,0,0,5942,0,1,39.0806,1,1,0,0,1,1,0,0,0,0,None,None
460,55,365.936,0,1,1,9521,0,0,39.7563,1,1,0,0,1,1,0,0,0,0,6494,0,1,40.1479,1,1,0,0,1,1,0,0,0,0,None,None
461,55,455.939,0,1,1,9664,0,0,25.5721,1,1,0,0,1,1,0,0,0,0,7410,0,1,27.9816,1,1,0,0,1,1,0,0,0,0,None,None
462,55,130.861,0,1,1,1616,0,0,46.1617,1,1,0,0,1,1,0,0,0,0,8612,0,1,17.9235,1,1,0,0,1,1,0,0,0,0,None,None
463,55,283.74,0,1,1,2965,0,0,24.9225,1,1,0,0,1,1,0,0,0,0,108,0,1,20.9099,1,1,0,0,2,2,0,0,0,0,None,None
464,55,163.342,0,1,1,3841,0,0,33.1767,1,1,0,0,1,1,0,0,0,0,570,0,1,18.3566,1,1,0,0,1,1,0,0,0,0,None,None
465,55,483.545,0,1,1,4290,0,0,45.5505,1,1,0,0,1,1,0,0,0,0,678,0,1,33.2301,1,1,0,0,1,1,0,0,0,0,None,None
466,55,861.43,0,1,1,6810,0,0,33.1574,1,1,0,0,1,1,0,0,0,0,2644,0,1,38.9782,1,1,0,0,1,1,0,0,0,0,None,None
467,55,377.895,0,1,1,6955,0,0,27.8328,1,1,0,0,1,1,0,0,0,0,4356,0,1,31.8327,1,1,0,0,1,1,0,0,0,0,None,None
468,55,102.706,0,1,1,7368,0,0,29.1537,1,1,0,0,1,1,0,0,0,0,5025,0,1,39.8945,1,1,0,0,1,1,0,0,0,0,None,None
469,55,397.7,0,1,1,8290,0,0,37.2945,1,1,0,0,1,1,0,0,0,0,7621,0,1,31.4288,1,1,0,0,1,1,0,0,0,0,None,None
470,55,140.64,0,1,1,429,0,0,43.9792,1,1,0,0,1,1,0,0,0,0,8443,0,1,45.282,1,1,0,0,1,1,0,0,0,0,None,None
471,55,416.309,0,1,1,937,0,0,54.8791,1,1,0,0,1,1,0,0,0,0,8942,0,1,53.7915,1,1,0,0,1,1,0,0,0,0,None,None
472,55,742.249,0,1,1,6426,0,0,44.4564,1,1,0,0,1,1,0,0,0,0,910,0,1,40.4229,1,1,0,0,1,1,0,0,0,0,None,None
473,55,249.645,0,1,1,6724,0,0,46.2746,1,1,0,0,1,1,0,0,0,0,3298,0,1,20.6662,1,1,0,0,1,1,0,0,0,0,None,None
474,55,207.048,0,1,1,9720,0,0,42.5914,1,1,0,0,1,1,0,0,0,0,5945,0,1,53.9027,1,1,0,0,1,1,0,0,0,0,None,None
475,55,646.154,0,1,1,421,0,0,30.1515,1,1,0,0,1,1,0,0,0,0,6521,0,1,14.556,1,1,0,0,1,1,0,0,0,0,None,None
476,55,618.411,0,1,1,697,0,0,52.6278,1,1,0,0,1,1,0,0,0,0,6813,0,1,23.1125,1,1,0,0,1,1,0,0,0,0,None,None
477,55,278.598,0,1,1,1456,0,0,45.1513,1,1,0,0,1,1,0,0,0,0,7749,0,1,29.9887,1,1,0,0,1,1,0,0,0,0,None,None
478,55,118.083,0,1,1,3714,0,0,23.5128,1,1,0,0,1,1,0,0,0,0,7948,0,1,35.7932,1,1,0,0,1,1,0,0,0,0,None,None
479,55,296.489,0,1,1,5799,0,0,21.3645,1,1,0,0,1,1,0,0,0,0,9471,0,1,51.7391,1,1,0,0,1,1,0,0,0,0,None,None
480,55,675.411,0,1,1,6300,0,0,53.6257,1,1,0,0,1,1,0,0,0,0,9744,0,1,26.0816,1,1,0,0,1,1,0,0,0,0,None,None
481,55,854.656,0,1,1,8865,0,0,53.7228,1,1,0,0,1,1,0,0,0,0,2138,0,1,54.4239,1,1,0,0,1,1,0,0,0,0,None,None
482,55,498.808,0,1,1,1074,0,0,47.8114,1,1,0,0,1,1,0,0,0,0,3412,0,1,54.8918,1,1,0,0,1,1,0,0,0,0,None,None
483,55,382.67,0,1,1,1288,0,0,42.077,1,1,0,0,1,1,0,0,0,0,5120,0,1,30.0679,1,1,0,0,1,1,0,0,0,0,None,None
484,55,603.69,0,1,1,2453,0,0,29.6761,1,1,0,0,1,1,0,0,0,0,6678,0,1,15.5766,1,1,0,0,1,1,0,0,0,0,None,None
485,55,336.651,0,1,1,3471,0,0,50.9165,1,1,0,0,1,1,0,0,0,0,7578,0,1,36.687,1,1,0,0,1,1,0,0,0,0,None,None
486,55,162.629,0,1,1,4106,0,0,23.4981,1,1,0,0,1,1,0,0,0,0,7655,0,1,46.7539,1,1,0,0,1,1,0,0,0,0,None,None
487,55,338.137,0,1,1,5428,0,0,49.5231,1,1,0,0,1,1,0,0,0,0,7706,0,1,20.5888,1,1,0,0,1,1,0,0,0,0,None,None
488,55,571.223,0,1,1,7178,0,0,20.1424,1,1,0,0,1,1,0,0,0,0,8951,0,1,39.016,1,1,0,0,1,1,0,0,0,0,None,None
489,55,149.301,0,1,1,8033,0,0,23.5971,1,1,0,0,1,1,0,0,0,0,9332,0,1,33.3989,1,1,0,0,1,1,0,0,0,0,None,None
490,55,501.544,0,1,1,8328,0,0,30.5023,1,1,0,0,1,1,0,0,0,0,1587,0,1,46.7097,1,1,0,0,1,1,0,0,0,0,None,None
491,55,345.847,0,1,1,9122,0,0,53.1112,1,1,0,0,1,1,0,0,0,0,1653,0,1,36.8784,1,1,0,0,1,1,0,0,0,0,None,None
492,55,397.503,0,1,1,9214,0,0,49.1683,1,1,0,0,1,1,0,0,0,0,2846,0,1,21.7698,1,1,0,0,1,1,0,0,0,0,None,None
493,55,273.693,0,1,1,908,0,0,50.7218,1,1,0,0,1,1,0,0,0,0,4323,0,1,39.6878,1,1,0,0,1,1,0,0,0,0,None,None
494,55,584.047,0,1,1,1600,0,0,22.1385,1,1,0,0,1,1,0,0,0,0,8905,0,1,36.5661,1,1,0,0,1,1,0,0,0,0,None,None
495,62,359.7,0,1,1,2209,0,0,19.312,1,1,0,0,1,1,0,0,0,0,135,0,1,53.6554,1,1,0,0,1,1,0,0,0,0,None,None
496,62,822.774,0,1,1,2823,0,0,50.7852,1,1,0,0,1,1,0,0,0,0,2316,0,1,30.5822,1,1,0,0,1,1,0,0,0,0,None,None
497,62,81.9248,0,1,1,4944,0,0,48.6244,1,1,0,0,1,1,0,0,0,0,2448,0,1,43.3987,1,1,0,0,1,1,0,0,0,0,None,None
498,62,589.605,0,1,1,5681,0,0,37.8143,1,1,0,0,1,1,0,0,0,0,2839,0,1,43.0028,1,1,0,0,1,1,0,0,0,0,None,None
499,62,349.326,0,1,1,6015,0,0,22.9027,1,1,0,0,1,1,0,0,0,0,3679,0,1,51.3587,1,1,0,0,1,1,0,0,0,0,None,None
500,62,126.248,0,1,1,6611,0,0,31.1558,1,1,0,0,1,1,0,0,0,0,3932,0,1,32.3726,1,1,0,0,1,1,0,0,0,0,None,None
501,62,310.18,0,1,1,6865,0,0,48.3383,1,1,0,0,1,1,0,0,0,0,4499,0,1,22.1845,1,1,0,0,1,1,0,0,0,0,None,None
502,62,366.812,0,1,1,7517,0,0,18.0858,1,1,0,0,1,1,0,0,0,0,5335,0,1,42.342,1,1,0,0,1,1,0,0,0,0,None,None
503,62,239.185,0,1,1,8509,0,0,36.8526,1,1,0,0,1,1,0,0,0,0,6714,0,1,32.0736,1,1,0,0,1,1,0,0,0,0,None,None
504,62,83.3854,0,1,1,8782,0,0,43.74,1,1,0,0,1,1,0,0,0,0,8137,0,1,28.1919,1,1,0,0,1,1,0,0,0,0,None,None
505,62,583.901,0,1,1,8897,0,0,27.1963,1,1,0,0,1,1,0,0,0,0,1795,0,1,38.0323,1,1,0,0,1,1,0,0,0,0,None,None
506,62,67.4895,0,1,1,9468,0,0,24.3918,1,1,0,0,1,1,0,0,0,0,2157,0,1,44.356,1,1,0,0,1,1,0,0,0,0,None,None
507,62,493.317,0,1,1,875,0,0,44.511,1,1,0,0,1,1,0,0,0,0,2181,0,1,38.3574,1,1,0,0,1,1,0,0,0,0,None,None
508,62,401.287,0,1,1,1589,0,0,51.0367,1,1,0,0,1,1,0,0,0,0,2606,0,1,31.5251,1,1,0,0,1,1,0,0,0,0,None,None
509,62,281.749,0,1,1,3324,0,0,26.4507,1,1,0,0,1,1,0,0,0,0,4552,0,1,36.335,1,1,0,0,1,1,0,0,0,0,None,None
510,62,155.394,0,1,1,3927,0,0,34.5478,1,1,0,0,1,1,0,0,0,0,6407,0,1,19.5099,1,1,0,0,1,1,0,0,0,0,None,None
511,62,351.687,0,1,1,6321,0,0,47.1292,1,1,0,0,1,1,0,0,0,0,7029,0,1,46.927,1,1,0,0,1,1,0,0,0,0,None,None
512,62,111.261,0,1,1,6558,0,0,24.0527,1,1,0,0,1,1,0,0,0,0,8885,0,1,18.8786,1,1,0,0,1,1,0,0,0,0,None,None
513,62,168.641,0,1,1,7781,0,0,36.5027,1,1,0,0,1,1,0,0,0,0,8997,0,1,25.2239,1,1,0,0,1,1,0,0,0,0,None,None
514,62,739.616,0,1,1,7981,0,0,54.3657,1,1,0,0,1,1,0,0,0,0,1852,0,1,40.6556,1,1,0,0,1,1,0,0,0,0,None,None
515,62,351.412,0,1,1,8162,0,0,34.2761,1,1,0,0,1,1,0,0,0,0,1960,0,1,38.3055,1,1,0,0,1,1,0,0,0,0,None,None
516,62,247.889,0,1,1,9463,0,0,32.1939,1,1,0,0,1,1,0,0,0,0,2182,0,1,49.6041,1,1,0,0,1,1,0,0,0,0,None,None
517,62,64.7048,0,1,1,1231,0,0,20.1956,1,1,0,0,1,1,0,0,0,0,4062,0,1,52.7703,1,1,0,0,1,1,0,0,0,0,None,None
518,62,567.576,0,1,1,1936,0,0,50.5148,1,1,0,0,1,1,0,0,0,0,4619,0,1,34.2125,1,1,0,0,1,1,0,0,0,0,None,None
519,62,615.338,0,1,1,2571,0,0,47.9261,1,1,0,0,1,1,0,0,0,0,4739,0,1,38.4855,1,1,0,0,1,1,0,0,0,0,None,None
520,62,329.141,0,1,1,4214,0,0,31.2787,1,1,0,0,1,1,0,0,0,0,5784,0,1,23.6994,1,1,0,0,1,1,0,0,0,0,None,None
521,62,134.866,0,1,1,9619,0,0,44.8413,1,1,0,0,1,1,0,0,0,0,6919,0,1,37.4436,1,1,0,0,1,1,0,0,0,0,None,None
522,62,226.203,0,1,1,2896,0,0,47.7856,1,1,0,0,1,1,0,0,0,0,7484,0,1,36.3072,1,1,0,0,1,1,0,0,0,0,None,None
523,62,171.614,0,1,1,2922,0,0,38.3234,1,1,0,0,1,1,0,0,0,0,8868,0,1,24.3565,1,1,0,0,1,1,0,0,0,0,None,None
524,62,305.922,0,1,1,3570,0,0,36.7783,1,1,0,0,1,1,0,0,0,0,147,0,1,55.1335,1,1,0,0,1,1,0,0,0,0,None,None
525,62,930.46,0,1,1,3615,0,0,32.2782,1,1,0,0,1,1,0,0,0,0,4307,0,1,20.246,1,1,0,0,1,1,0,0,0,0,None,None
526,62,261.738,0,1,1,4113,0,0,36.9116,1,1,0,0,1,1,0,0,0,0,4327,0,1,44.262,1,1,0,0,1,1,0,0,0,0,None,None
527,62,195.599,0,1,1,9217,0,0,18.7284,1,1,0,0,1,1,0,0,0,0,4476,0,1,27.36,1,1,0,0,1,1,0,0,0,0,None,None
528,62,703.194,0,1,1,1388,0,0,27.6479,1,1,0,0,1,1,0,0,0,0,4765,0,1,18.8839,1,1,0,0,1,1,0,0,0,0,None,None
529,62,860.6,0,1,1,2791,0,0,26.3137,1,1,0,0,1,1,0,0,0,0,5474,0,1,20.6947,1,1,0,0,1,1,0,0,0,0,None,None
530,62,88.5821,0,1,1,3099,0,0,51.6378,1,1,0,0,1,1,0,0,0,0,7277,0,1,20.0797,1,1,0,0,1,1,0,0,0,0,None,None
531,62,95.3938,0,1,1,5413,0,0,41.2075,1,1,0,0,1,1,0,0,0,0,7416,0,1,52.5614,1,1,0,0,1,1,0,0,0,0,None,None
532,62,617.863,0,1,1,9930,0,0,21.3983,1,1,0,0,1,1,0,0,0,0,8199,0,1,40.9563,1,1,0,0,1,1,0,0,0,0,None,None
533,62,164.111,0,1,1,27,0,0,19.8815,1,1,0,0,1,1,0,0,0,0,9827,0,1,32.1848,1,1,0,0,1,1,0,0,0,0,None,None
534,62,70.2776,0,1,1,204,0,0,51.1143,1,1,0,0,1,1,0,0,0,0,1069,0,1,48.2761,1,1,0,0,1,1,0,0,0,0,None,None
535,62,313.754,0,1,1,447,0,0,41.6495,1,1,0,0,1,1,0,0,0,0,2380,0,1,23.3907,1,1,0,0,1,1,0,0,0,0,None,None
536,62,477.892,0,1,1,1779,0,0,29.5799,1,1,0,0,1,1,0,0,0,0,2538,0,1,28.4929,1,1,0,0,1,1,0,0,0,0,None,None
537,62,223.821,0,1,1,3781,0,0,34.1361,1,1,0,0,1,1,0,0,0,0,3103,0,1,30.4873,1,1,0,0,1,1,0,0,0,0,None,None
538,62,499.744,0,1,1,5456,0,0,27.4042,1,1,0,0,1,1,0,0,0,0,4315,0,1,20.6575,1,1,0,0,1,1,0,0,0,0,None,None
539,62,500.777,0,1,1,7696,0,0,18.1844,1,1,0,0,1,1,0,0,0,0,5381,0,1,41.8814,1,1,0,0,1,1,0,0,0,0,None,None
540,62,508.806,0,1,1,314,0,0,26.458,1,1,0,0,1,1,0,0,0,0,7336,0,1,50.6801,1,1,0,0,1,1,0,0,0,0,None,None
541,62,98.1491,0,1,1,4289,0,0,26.9825,1,1,0,0,1,1,0,0,0,0,804,0,1,17.448,1,1,0,0,1,1,0,0,0,0,None,None
542,62,386.785,0,1,1,8366,0,0,51.6641,1,1,0,0,1,1,0,0,0,0,1811,0,1,46.5245,1,1,0,0,1,1,0,0,0,0,None,None
543,62,450.561,0,1,1,9696,0,0,50.2592,1,1,0,0,1,1,0,0,0,0,3418,0,1,38.679,1,1,0,0,1,1,0,0,0,0,None,None
544,62,78.3839,0,1,1,611,0,0,47.4464,1,1,0,0,1,1,0,0,0,0,6425,0,1,23.168,1,1,0,0,1,1,0,0,0,0,None,None
545,62,236.557,0,1,1,1738,0,0,54.7391,1,1,0,0,1,1,0,0,0,0,6713,0,1,46.8221,1,1,0,0,1,1,0,0,0,0,None,None
546,62,930.574,0,1,1,2515,0,0,24.161,1,1,0,0,1,1,0,0,0,0,7031,0,1,46.6126,1,1,0,0,1,1,0,0,0,0,None,None
547,62,242.641,0,1,1,3225,0,0,47.624,1,1,0,0,1,1,0,0,0,0,1157,0,1,16.4283,1,1,0,0,1,1,0,0,0,0,None,None
548,62,257.04,0,1,1,3490,0,0,44.325,1,1,0,0,1,1,0,0,0,0,4035,0,1,16.2419,1,1,0,0,1,1,0,0,0,0,None,None
549,62,186.472,0,1,1,4260,0,0,51.0787,1,1,0,0,1,1,0,0,0,0,4217,0,1,48.5232,1,1,0,0,1,1,0,0,0,0,None,None
550,62,499.366,0,1,1,4513,0,0,44.3075,1,1,0,0,1,1,0,0,0,0,6085,0,1,26.3435,1,1,0,0,1,1,0,0,0,0,None,None
551,62,120.012,0,1,1,5075,0,0,40.4504,1,1,0,0,1,1,0,0,0,0,7796,0,1,33.5395,1,1,0,0,1,1,0,0,0,0,None,None
552,62,512.015,0,1,1,5468,0,0,19.7218,1,1,0,0,1,1,0,0,0,0,8284,0,1,20.9918,1,1,0,0,1,1,0,0,0,0,None,None
553,69,699.951,0,1,1,6533,0,0,48.3032,1,1,0,0,1,1,0,0,0,0,161,0,1,19.9534,1,1,0,0,1,1,0,0,0,0,None,None
554,69,592.698,0,1,1,8674,0,0,53.5895,1,1,0,0,1,1,0,0,0,0,700,0,1,23.9035,1,1,0,0,1,1,0,0,0,0,None,None
555,69,366.892,0,1,1,663,0,0,28.9565,1,1,0,0,1,1,0,0,0,0,2543,0,1,15.3153,1,1,0,0,1,1,0,0,0,0,None,None
556,69,268.411,0,1,1,2301,0,0,22.308,1,1,0,0,1,1,0,0,0,0,2646,0,1,48.3137,1,1,0,0,1,1,0,0,0,0,None,None
557,69,964.362,0,1,1,2815,0,0,41.3965,1,1,0,0,1,1,0,0,0,0,4174,0,1,46.3554,1,1,0,0,1,1,0,0,0,0,None,None
558,69,478.557,0,1,1,3817,0,0,21.2235,1,1,0,0,1,1,0,0,0,0,4265,0,1,47.1054,1,1,0,0,1,1,0,0,0,0,None,None
559,69,188.76,0,1,1,5424,0,0,35.2266,1,1,0,0,1,1,0,0,0,0,6273,0,1,17.1452,1,1,0,0,1,1,0,0,0,0,None,None
560,69,557.765,0,1,1,7776,0,0,40.3095,1,1,0,0,1,1,0,0,0,0,6609,0,1,47.9233,1,1,0,0,1,1,0,0,0,0,None,None
561,69,312.085,0,1,1,7977,0,0,21.8449,1,1,0,0,1,1,0,0,0,0,6824,0,1,44.2015,1,1,0,0,1,1,0,0,0,0,None,None
562,69,944.124,0,1,1,8829,0,0,36.3538,1,1,0,0,1,1,0,0,0,0,8216,0,1,46.0544,1,1,0,0,1,1,0,0,0,0,None,None
563,69,448.621,0,1,1,9037,0,0,17.9173,1,1,0,0,1,1,0,0,0,0,382,0,1,40.9296,1,1,0,0,1,1,0,0,0,0,None,None
564,69,408.924,0,1,1,9076,0,0,17.6605,1,1,0,0,1,1,0,0,0,0,1052,0,1,28.8795,1,1,0,0,1,1,0,0,0,0,None,None
565,69,413.357,0,1,1,9797,0,0,27.9766,1,1,0,0,1,1,0,0,0,0,1357,0,1,39.9251,1,1,0,0,1,1,0,0,0,0,None,None
566,69,260.271,0,1,1,704,0,0,37.4492,1,1,0,0,1,1,0,0,0,0,1899,0,1,30.6796,1,1,0,0,1,1,0,0,0,0,None,None
567,69,1171.04,0,1,1,746,0,0,33.6733,1,1,0,0,1,1,0,0,0,0,2970,0,1,20.1406,1,1,0,0,1,1,0,0,0,0,None,None
568,69,185.713,0,1,1,1372,0,0,27.589,1,1,0,0,1,1,0,0,0,0,5570,0,1,20.9695,1,1,0,0,1,1,0,0,0,0,None,None
569,69,188.213,0,1,1,2675,0,0,31.9256,1,1,0,0,1,1,0,0,0,0,6642,0,1,41.0054,1,1,0,0,1,1,0,0,0,0,None,None
570,69,169.96,0,1,1,2910,0,0,50.0817,1,1,0,0,1,1,0,0,0,0,1657,0,1,29.6719,1,1,0,0,1,1,0,0,0,0,None,None
571,69,292.977,0,1,1,3162,0,0,51.3399,1,1,0,0,1,1,0,0,0,0,5461,0,1,29.6439,1,1,0,0,1,1,0,0,0,0,None,None
572,69,658.081,0,1,1,4007,0,0,44.2816,1,1,0,0,1,1,0,0,0,0,8981,0,1,30.9698,1,1,0,0,1,1,0,0,0,0,None,None
573,69,223.646,0,1,1,4719,0,0,35.4192,1,1,0,0,1,1,0,0,0,0,9768,0,1,53.1381,1,1,0,0,1,1,0,0,0,0,None,None
574,69,537.96,0,1,1,6577,0,0,43.1369,1,1,0,0,1,1,0,0,0,0,9879,0,1,49.3917,1,1,0,0,1,1,0,0,0,0,None,None
575,69,321.855,0,1,1,7241,0,0,50.6774,1,1,0,0,1,1,0,0,0,0,3063,0,1,25.8982,1,1,0,0,1,1,0,0,0,0,None,None
576,69,311.484,0,1,1,8497,0,0,30.0298,1,1,0,0,1,1,0,0,0,0,4908,0,1,35.6088,1,1,0,0,1,1,0,0,0,0,None,None
577,69,801.734,0,1,1,8806,0,0,18.6433,1,1,0,0,1,1,0,0,0,0,6947,0,1,19.7643,1,1,0,0,1,1,0,0,0,0,None,None
578,69,587.976,0,1,1,2807,0,0,42.5863,1,1,0,0,1,1,0,0,0,0,7322,0,1,39.6175,1,1,0,0,1,1,0,0,0,0,None,None
579,69,540.335,0,1,1,3197,0,0,32.2286,1,1,0,0,1,1,0,0,0,0,7638,0,1,26.5076,1,1,0,0,1,1,0,0,0,0,None,None
580,69,401.756,0,1,1,3952,0,0,31.8915,1,1,0,0,1,1,0,0,0,0,8236,0,1,30.3382,1,1,0,0,1,1,0,0,0,0,None,None
581,69,363.801,0,1,1,5347,0,0,53.0466,1,1,0,0,1,1,0,0,0,0,9399,0,1,51.8868,1,1,0,0,1,1,0,0,0,0,None,None
582,69,294.987,0,1,1,7167,0,0,44.135,1,1,0,0,1,1,0,0,0,0,9443,0,1,19.2301,1,1,0,0,1,1,0,0,0,0,None,None
583,69,186.894,0,1,1,7351,0,0,35.2935,1,1,0,0,1,1,0,0,0,0,83,0,1,29.1926,1,1,0,0,1,1,0,0,0,0,None,None
584,69,834.223,0,1,1,8117,0,0,41.2221,1,1,0,0,1,1,0,0,0,0,900,0,1,17.1805,1,1,0,0,1,1,0,0,0,0,None,None
585,69,151.555,0,1,1,545,0,0,52.8539,1,1,0,0,1,1,0,0,0,0,1480,0,1,38.5083,1,1,0,0,1,1,0,0,0,0,None,None
586,69,491.753,0,1,1,871,0,0,20.5929,1,1,0,0,1,1,0,0,0,0,1665,0,1,41.9214,1,1,0,0,1,1,0,0,0,0,None,None
587,69,486.148,0,1,1,1715,0,0,32.2138,1,1,0,0,1,1,0,0,0,0,2840,0,1,32.0888,1,1,0,0,1,1,0,0,0,0,None,None
588,69,527.529,0,1,1,3963,0,0,37.2257,1,1,0,0,2,2,0,0,0,0,3777,0,1,47.7144,1,1,0,0,1,1,0,0,0,0,None,None
589,69,760.538,0,1,1,5119,0,0,50.9204,1,1,0,0,1,1,0,0,0,0,5676,0,1,30.5565,1,1,0,0,1,1,0,0,0,0,None,None
590,69,813.414,0,1,1,7719,0,0,20.5632,1,1,0,0,1,1,0,0,0,0,8925,0,1,33.0343,1,1,0,0,1,1,0,0,0,0,None,None
591,69,216.392,0,1,1,8589,0,0,37.3192,1,1,0,0,1,1,0,0,0,0,9954,0,1,46.2165,1,1,0,0,1,1,0,0,0,0,None,None
592,69,432.652,0,1,1,2336,0,0,19.6664,1,1,0,0,1,1,0,0,0,0,2594,0,1,14.9661,1,1,0,0,1,1,0,0,0,0,None,None
593,69,667.042,0,1,1,3129,0,0,23.8046,1,1,0,0,1,1,0,0,0,0,5678,0,1,37.249,1,1,0,0,1,1,0,0,0,0,None,None
594,69,565.004,0,1,1,3561,0,0,25.438,1,1,0,0,1,1,0,0,0,0,7960,0,1,26.6818,1,1,0,0,1,1,0,0,0,0,None,None
595,69,368.063,0,1,1,3998,0,0,20.6433,1,1,0,0,1,1,0,0,0,0,8395,0,1,31.542,1,1,0,0,1,1,0,0,0,0,None,None
596,69,1105.62,0,1,1,4358,0,0,38.6082,1,1,0,0,1,1,0,0,0,0,8961,0,1,31.0645,1,1,0,0,1,1,0,0,0,0,None,None
597,69,242.382,0,1,1,4430,0,0,33.6985,1,1,0,0,1,1,0,0,0,0,3845,0,1,21.6548,1,1,0,0,1,1,0,0,0,0,None,None
598,69,1203.47,0,1,1,5932,0,0,46.857,1,1,0,0,1,1,0,0,0,0,6369,0,1,21.9521,1,1,0,0,1,1,0,0,0,0,None,None
599,69,293.689,0,1,1,7330,0,0,31.1662,1,1,0,0,1,1,0,0,0,0,7335,0,1,26.3012,1,1,0,0,1,1,0,0,0,0,None,None
600,69,309.946,0,1,1,7894,0,0,28.2622,1,1,0,0,1,1,0,0,0,0,9487,0,1,36.318,1,1,0,0,1,1,0,0,0,0,None,None
601,69,675.923,0,1,1,8141,0,0,19.8992,1,1,0,0,1,1,0,0,0,0,9691,0,1,39.7888,1,1,0,0,1,1,0,0,0,0,None,None
602,76,116.254,0,1,1,769,0,0,20.0449,1,1,0,0,1,1,0,0,0,0,357,0,1,23.3686,1,1,0,0,1,1,0,0,0,0,None,None
603,76,609.796,0,1,1,1125,0,0,19.9036,1,1,0,0,1,1,0,0,0,0,1956,0,1,18.0109,1,1,0,0,1,1,0,0,0,0,None,None
604,76,123.835,0,1,1,1941,0,0,19.8913,1,1,0,0,1,1,0,0,0,0,5113,0,1,19.8465,1,1,0,0,1,1,0,0,0,0,None,None
605,76,218.129,0,1,1,2855,0,0,32.8913,1,1,0,0,1,1,0,0,0,0,5437,0,1,23.2842,1,1,0,0,1,1,0,0,0,0,None,None
606,76,615.796,0,1,1,3335,0,0,50.4432,1,1,0,0,1,1,0,0,0,0,5960,0,1,16.7058,1,1,0,0,1,1,0,0,0,0,None,None
607,76,465.767,0,1,1,3799,0,0,52.6316,1,1,0,0,1,1,0,0,0,0,6456,0,1,47.0607,1,1,0,0,1,1,0,0,0,0,None,None
608,76,508.402,0,1,1,7213,0,0,48.8785,1,1,0,0,1,1,0,0,0,0,6931,0,1,33.8704,1,1,0,0,1,1,0,0,0,0,None,None
609,76,135.036,0,1,1,8143,0,0,32.7254,1,1,0,0,1,1,0,0,0,0,7790,0,1,55.19,1,1,0,0,1,1,0,0,0,0,None,None
610,76,395.998,0,1,1,8616,0,0,27.5436,1,1,0,0,1,1,0,0,0,0,8000,0,1,51.3867,1,1,0,0,1,1,0,0,0,0,None,None
611,76,905.443,0,1,1,9148,0,0,23.4614,1,1,0,0,1,1,0,0,0,0,8576,0,1,33.7313,1,1,0,0,1,1,0,0,0,0,None,None
612,76,416.39,0,1,1,636,0,0,29.0845,1,1,0,0,1,1,0,0,0,0,9869,0,1,54.3432,1,1,0,0,1,1,0,0,0,0,None,None
613,76,310.09,0,1,1,682,0,0,44.8943,1,1,0,0,1,1,0,0,0,0,814,0,1,29.1374,1,1,0,0,1,1,0,0,0,0,None,None
614,76,204.652,0,1,1,893,0,0,24.4137,1,1,0,0,1,1,0,0,0,0,1466,0,1,36.3408,1,1,0,0,1,1,0,0,0,0,None,None
615,76,155.347,0,1,1,3357,0,0,44.1893,1,1,0,0,1,1,0,0,0,0,3007,0,1,38.409,1,1,0,0,2,2,0,0,0,0,None,None
616,76,313.878,0,1,1,4400,0,0,46.4522,1,1,0,0,1,1,0,0,0,0,4490,0,1,43.7771,1,1,0,0,1,1,0,0,0,0,None,None
617,76,640.452,0,1,1,5036,0,0,22.325,1,1,0,0,1,1,0,0,0,0,4688,0,1,18.1963,1,1,0,0,1,1,0,0,0,0,None,None
618,76,588.921,0,1,1,5287,0,0,20.9831,1,1,0,0,2,2,0,0,0,0,5487,0,1,18.3246,1,1,0,0,1,1,0,0,0,0,None,None
619,76,132.699,0,1,1,5628,0,0,35.2672,1,1,0,0,1,1,0,0,0,0,5510,0,1,35.5856,1,1,0,0,1,1,0,0,0,0,None,None
620,76,118.998,0,1,1,5902,0,0,33.3948,1,1,0,0,1,1,0,0,0,0,7101,0,1,38.2006,1,1,0,0,1,1,0,0,0,0,None,None
621,76,389.201,0,1,1,7637,0,0,30.002,1,1,0,0,1,1,0,0,0,0,7355,0,1,18.2859,1,1,0,0,1,1,0,0,0,0,None,None
622,76,661.721,0,1,1,8224,0,0,47.8744,1,1,0,0,1,1,0,0,0,0,9207,0,1,31.2001,1,1,0,0,2,2,0,0,0,0,None,None
623,76,476.805,0,1,1,8521,0,0,39.4137,1,1,0,0,1,1,0,0,0,0,9245,0,1,28.2089,1,1,0,0,1,1,0,0,0,0,None,None
624,76,114.296,0,1,1,32,0,0,21.837,1,1,0,0,1,1,0,0,0,0,9261,0,1,53.8686,1,1,0,0,1,1,0,0,0,0,None,None
625,76,642.872,0,1,1,333,0,0,38.8697,1,1,0,0,1,1,0,0,0,0,9325,0,1,25.2576,1,1,0,0,1,1,0,0,0,0,None,None
626,76,297.349,0,1,1,1629,0,0,34.4015,1,1,0,0,1,1,0,0,0,0,758,0,1,41.9335,1,1,0,0,1,1,0,0,0,0,None,None
627,76,377.002,0,1,1,4952,0,0,34.5277,1,1,0,0,1,1,0,0,0,0,5528,0,1,45.0943,1,1,0,0,1,1,0,0,0,0,None,None
628,76,103.98,0,1,1,5309,0,0,17.4505,1,1,0,0,1,1,0,0,0,0,5749,0,1,54.1611,1,1,0,0,1,1,0,0,0,0,None,None
629,76,357.992,0,1,1,7573,0,0,29.9492,1,1,0,0,1,1,0,0,0,0,7318,0,1,42.5439,1,1,0,0,1,1,0,0,0,0,None,None
630,76,478.598,0,1,1,7574,0,0,49.7052,1,1,0,0,1,1,0,0,0,0,9311,0,1,47.1292,1,1,0,0,1,1,0,0,0,0,None,None
631,76,338.975,0,1,1,9060,0,0,22.3159,1,1,0,0,1,1,0,0,0,0,9563,0,1,33.1765,1,1,0,0,1,1,0,0,0,0,None,None
632,76,240.511,0,1,1,1177,0,0,42.307,1,1,0,0,1,1,0,0,0,0,9587,0,1,34.157,1,1,0,0,1,1,0,0,0,0,None,None
633,76,260.927,0,1,1,1281,0,0,33.0613,1,1,0,0,1,1,0,0,0,0,1579,0,1,46.025,1,1,0,0,1,1,0,0,0,0,None,None
634,76,132.378,0,1,1,2872,0,0,34.3791,1,1,0,0,1,1,0,0,0,0,1654,0,1,52.0224,1,1,0,0,1,1,0,0,0,0,None,None
635,76,106.332,0,1,1,3432,0,0,44.9286,1,1,0,0,1,1,0,0,0,0,1664,0,1,33.4197,1,1,0,0,1,1,0,0,0,0,None,None
636,76,168.431,0,1,1,5992,0,0,25.3503,1,1,0,0,1,1,0,0,0,0,3128,0,1,38.579,1,1,0,0,1,1,0,0,0,0,None,None
637,76,243.474,0,1,1,1051,0,0,30.752,1,1,0,0,1,1,0,0,0,0,6863,0,1,43.1483,1,1,0,0,1,1,0,0,0,0,None,None
638,76,368.998,0,1,1,1922,0,0,48.7126,1,1,0,0,1,1,0,0,0,0,8869,0,1,44.854,1,1,0,0,1,1,0,0,0,0,None,None
639,76,642.308,0,1,1,3923,0,0,38.802,1,1,0,0,1,1,0,0,0,0,480,0,1,30.7618,1,1,0,0,1,1,0,0,0,0,None,None
640,76,1318.64,0,1,1,4361,0,0,49.7128,1,1,0,0,1,1,0,0,0,0,1404,0,1,24.8011,1,1,0,0,1,1,0,0,0,0,None,None
641,76,402.412,0,1,1,6572,0,0,46.2019,1,1,0,0,1,1,0,0,0,0,3332,0,1,20.4438,1,1,0,0,1,1,0,0,0,0,None,None
642,76,494.393,0,1,1,7804,0,0,40.7049,1,1,0,0,1,1,0,0,0,0,4076,0,1,31.8715,1,1,0,0,1,1,0,0,0,0,None,None
643,76,219.965,0,1,1,8048,0,0,19.8965,1,1,0,0,1,1,0,0,0,0,4888,0,1,24.9675,1,1,0,0,1,1,0,0,0,0,None,None
644,76,190.31,0,1,1,8561,0,0,55.0572,1,1,0,0,1,1,0,0,0,0,4933,0,1,52.6118,1,1,0,0,1,1,0,0,0,0,None,None
645,76,209.448,0,1,1,9831,0,0,43.3991,1,1,0,0,1,1,0,0,0,0,5702,0,1,32.7528,1,1,0,0,1,1,0,0,0,0,None,None
646,76,447.569,0,1,1,1446,0,0,18.0147,1,1,0,0,1,1,0,0,0,0,9139,0,1,42.9902,1,1,0,0,1,1,0,0,0,0,None,None
647,76,739.609,0,1,1,1887,0,0,37.072,1,1,0,0,1,1,0,0,0,0,9510,0,1,44.0148,1,1,0,0,1,1,0,0,0,0,None,None
648,76,480.118,0,1,1,2283,0,0,35.553,1,1,0,0,1,1,0,0,0,0,2845,0,1,51.5711,1,1,0,0,1,1,0,0,0,0,None,None
649,76,259.712,0,1,1,6148,0,0,48.9445,1,1,0,0,1,1,0,0,0,0,3824,0,1,41.8161,1,1,0,0,1,1,0,0,0,0,None,None
650,76,450.467,0,1,1,7407,0,0,49.838,1,1,0,0,1,1,0,0,0,0,4316,0,1,26.5124,1,1,0,0,1,1,0,0,0,0,None,None
651,76,83.8406,0,1,1,7560,0,0,16.3302,1,1,0,0,1,1,0,0,0,0,4462,0,1,44.8221,1,1,0,0,1,1,0,0,0,0,None,None
652,76,97.1283,0,1,1,8415,0,0,37.233,1,1,0,0,1,1,0,0,0,0,5333,0,1,45.6113,1,1,0,0,1,1,0,0,0,0,None,None
653,76,471.943,0,1,1,2018,0,0,34.0289,1,1,0,0,1,1,0,0,0,0,5640,0,1,25.7427,1,1,0,0,1,1,0,0,0,0,None,None
654,76,333.734,0,1,1,2559,0,0,48.9762,1,1,0,0,1,1,0,0,0,0,6926,0,1,25.5979,1,1,0,0,1,1,0,0,0,0,None,None
655,76,106.309,0,1,1,2732,0,0,34.0584,1,1,0,0,1,1,0,0,0,0,7918,0,1,29.7733,1,1,0,0,1,1,0,0,0,0,None,None
656,76,967.051,0,1,1,6356,0,0,19.6875,1,1,0,0,1,1,0,0,0,0,8080,0,1,27.3519,1,1,0,0,1,1,0,0,0,0,None,None
657,76,163.086,0,1,1,9358,0,0,38.4529,1,1,0,0,1,1,0,0,0,0,9403,0,1,52.4881,1,1,0,0,1,1,0,0,0,0,None,None
658,76,863.54,0,1,1,229,0,0,37.0625,1,1,0,0,1,1,0,0,0,0,913,0,1,23.6092,1,1,0,0,1,1,0,0,0,0,None,None
659,76,212.692,0,1,1,364,0,0,34.7203,1,1,0,0,1,1,0,0,0,0,1179,0,1,27.7388,1,1,0,0,1,1,0,0,0,0,None,None
660,76,196.814,0,1,1,773,0,0,36.3608,1,1,0,0,1,1,0,0,0,0,2662,0,1,25.8729,1,1,0,0,1,1,0,0,0,0,None,None
661,76,682.702,0,1,1,2952,0,0,30.5899,1,1,0,0,1,1,0,0,0,0,3396,0,1,43.1213,1,1,0,0,1,1,0,0,0,0,None,None
662,76,486.754,0,1,1,4246,0,0,40.4432,1,1,0,0,1,1,0,0,0,0,3730,0,1,32.0915,1,1,0,0,1,1,0,0,0,0,None,None
663,76,326.144,0,1,1,4521,0,0,27.5567,1,1,0,0,1,1,0,0,0,0,5422,0,1,35.361,1,1,0,0,1,1,0,0,0,0,None,None
664,76,739.92,0,1,1,5750,0,0,47.2328,1,1,0,0,1,1,0,0,0,0,5521,0,1,29.1072,1,1,0,0,1,1,0,0,0,0,None,None
665,76,98.4679,0,1,1,7212,0,0,41.0594,1,1,0,0,1,1,0,0,0,0,5587,0,1,41.1129,1,1,0,0,1,1,0,0,0,0,None,None
666,76,381.508,0,1,1,7306,0,0,51.3701,1,1,0,0,1,1,0,0,0,0,6402,0,1,29.8177,1,1,0,0,1,1,0,0,0,0,None,None
667,76,221.319,0,1,1,7581,0,0,50.1351,1,1,0,0,1,1,0,0,0,0,6448,0,1,17.9841,1,1,0,0,1,1,0,0,0,0,None,None
668,76,137.36,0,1,1,7743,0,0,18.0582,1,1,0,0,1,1,0,0,0,0,7288,0,1,25.5866,1,1,0,0,1,1,0,0,0,0,None,None
669,76,349.523,0,1,1,9472,0,0,32.0264,1,1,0,0,1,1,0,0,0,0,7630,0,1,27.0037,1,1,0,0,1,1,0,0,0,0,None,None
670,76,380.811,0,1,1,9585,0,0,39.3447,1,1,0,0,1,1,0,0,0,0,8399,0,1,36.5877,1,1,0,0,1,1,0,0,0,0,None,None
671,83,156.963,0,1,1,9726,0,0,37.9823,1,1,0,0,1,1,0,0,0,0,153,0,1,52.0439,1,1,0,0,1,1,0,0,0,0,None,None
672,83,216.292,0,1,1,726,0,0,35.0357,1,1,0,0,1,1,0,0,0,0,271,0,1,28.9415,1,1,0,0,1,1,0,0,0,0,None,None
673,83,142.254,0,1,1,2218,0,0,29.3259,1,1,0,0,1,1,0,0,0,0,641,0,1,44.1759,1,1,0,0,1,1,0,0,0,0,None,None
674,83,117.085,0,1,1,3457,0,0,50.3809,1,1,0,0,1,1,0,0,0,0,1731,0,1,19.6195,1,1,0,0,1,1,0,0,0,0,None,None
675,83,218.366,0,1,1,3783,0,0,38.9104,1,1,0,0,1,1,0,0,0,0,3634,0,1,29.2575,1,1,0,0,1,1,0,0,0,0,None,None
676,83,397.063,0,1,1,5887,0,0,31.3083,1,1,0,0,1,1,0,0,0,0,3885,0,1,35.9881,1,1,0,0,1,1,0,0,0,0,None,None
677,83,94.9902,0,1,1,6696,0,0,48.6155,1,1,0,0,1,1,0,0,0,0,4900,0,1,30.6262,1,1,0,0,1,1,0,0,0,0,None,None
678,83,470.108,0,1,1,7463,0,0,34.9426,1,1,0,0,1,1,0,0,0,0,6037,0,1,35.8962,1,1,0,0,1,1,0,0,0,0,None,None
679,83,87.7668,0,1,1,8110,0,0,54.363,1,1,0,0,1,1,0,0,0,0,6692,0,1,27.19,1,1,0,0,1,1,0,0,0,0,None,None
680,83,637.845,0,1,1,576,0,0,42.8877,1,1,0,0,1,1,0,0,0,0,7381,0,1,31.3091,1,1,0,0,1,1,0,0,0,0,None,None
681,83,807.611,0,1,1,1254,0,0,45.6954,1,1,0,0,1,1,0,0,0,0,7453,0,1,28.8342,1,1,0,0,1,1,0,0,0,0,None,None
682,83,1017.27,0,1,1,1501,0,0,50.9037,1,1,0,0,1,1,0,0,0,0,8495,0,1,34.2312,1,1,0,0,1,1,0,0,0,0,None,None
683,83,465.359,0,1,1,2235,0,0,33.1711,1,1,0,0,1,1,0,0,0,0,1542,0,1,32.3731,1,1,0,0,1,1,0,0,0,0,None,None
684,83,605.753,0,1,1,4557,0,0,20.6234,1,1,0,0,1,1,0,0,0,0,2903,0,1,17.0674,1,1,0,0,1,1,0,0,0,0,None,None
685,83,118.956,0,1,1,4930,0,0,50.4081,1,1,0,0,1,1,0,0,0,0,3022,0,1,54.4962,1,1,0,0,1,1,0,0,0,0,None,None
686,83,230.57,0,1,1,7669,0,0,39.5447,1,1,0,0,1,1,0,0,0,0,4068,0,1,24.2625,1,1,0,0,1,1,0,0,0,0,None,None
687,83,1121.96,0,1,1,7872,0,0,43.4456,1,1,0,0,1,1,0,0,0,0,4737,0,1,17.5217,1,1,0,0,1,1,0,0,0,0,None,None
688,83,263.972,0,1,1,8479,0,0,35.5374,1,1,0,0,1,1,0,0,0,0,5785,0,1,22.2227,1,1,0,0,1,1,0,0,0,0,None,None
689,83,840.946,0,1,1,8871,0,0,20.3703,1,1,0,0,1,1,0,0,0,0,7216,0,1,47.2814,1,1,0,0,1,1,0,0,0,0,None,None
690,83,250.061,0,1,1,9395,0,0,46.0855,1,1,0,0,1,1,0,0,0,0,7850,0,1,49.5243,1,1,0,0,1,1,0,0,0,0,None,None
691,83,126.801,0,1,1,9820,0,0,51.6602,1,1,0,0,1,1,0,0,0,0,9406,0,1,23.4216,1,1,0,0,1,1,0,0,0,0,None,None
692,83,513.176,0,1,1,3170,0,0,27.724,1,1,0,0,1,1,0,0,0,0,1679,0,1,30.4547,1,1,0,0,1,1,0,0,0,0,None,None
693,83,578.621,0,1,1,4546,0,0,18.604,1,1,0,0,1,1,0,0,0,0,2046,0,1,15.067,1,1,0,0,1,1,0,0,0,0,None,None
694,83,477.894,0,1,1,4636,0,0,52.0462,1,1,0,0,1,1,0,0,0,0,2786,0,1,37.4774,1,1,0,0,1,1,0,0,0,0,None,None
695,83,207.499,0,1,1,5121,0,0,47.6752,1,1,0,0,1,1,0,0,0,0,3080,0,1,20.9971,1,1,0,0,1,1,0,0,0,0,None,None
696,83,179.806,0,1,1,7230,0,0,48.5138,1,1,0,0,1,1,0,0,0,0,3472,0,1,52.2698,1,1,0,0,1,1,0,0,0,0,None,None
697,83,127.572,0,1,1,7862,0,0,35.4478,1,1,0,0,1,1,0,0,0,0,3735,0,1,29.5095,1,1,0,0,1,1,0,0,0,0,None,None
698,83,263.015,0,1,1,8013,0,0,29.2319,1,1,0,0,1,1,0,0,0,0,4274,0,1,43.037,1,1,0,0,1,1,0,0,0,0,None,None
699,83,129.102,0,1,1,2796,0,0,19.0327,1,1,0,0,1,1,0,0,0,0,7727,0,1,18.8777,1,1,0,0,1,1,0,0,0,0,None,None
700,83,673.537,0,1,1,5004,0,0,21.661,1,1,0,0,1,1,0,0,0,0,347,0,1,39.4166,1,1,0,0,1,1,0,0,0,0,None,None
701,83,323.255,0,1,1,7164,0,0,22.7468,1,1,0,0,1,1,0,0,0,0,4863,0,1,18.5548,1,1,0,0,2,2,0,0,0,0,None,None
702,83,304.327,0,1,1,7332,0,0,33.4962,1,1,0,0,1,1,0,0,0,0,5513,0,1,55.0856,1,1,0,0,1,1,0,0,0,0,None,None
703,83,972.745,0,1,1,8590,0,0,51.9066,1,1,0,0,1,1,0,0,0,0,5942,0,1,39.1573,1,1,0,0,2,2,0,0,0,0,None,None
704,83,476.341,0,1,1,1959,0,0,33.893,1,1,0,0,1,1,0,0,0,0,6486,0,1,46.0273,1,1,0,0,1,1,0,0,0,0,None,None
705,83,561.413,0,1,1,4074,0,0,39.0948,1,1,0,0,1,1,0,0,0,0,7896,0,1,47.1561,1,1,0,0,1,1,0,0,0,0,None,None
706,83,455.491,0,1,1,4213,0,0,26.5536,1,1,0,0,1,1,0,0,0,0,8483,0,1,52.5395,1,1,0,0,1,1,0,0,0,0,None,None
707,83,767.351,0,1,1,5770,0,0,46.6185,1,1,0,0,1,1,0,0,0,0,9218,0,1,22.6364,1,1,0,0,1,1,0,0,0,0,None,None
708,83,366.54,0,1,1,7399,0,0,28.2918,1,1,0,0,1,1,0,0,0,0,9725,0,1,39.2113,1,1,0,0,1,1,0,0,0,0,None,None
709,83,639.514,0,1,1,7828,0,0,46.2217,1,1,0,0,1,1,0,0,0,0,1007,0,1,48.1649,1,1,0,0,1,1,0,0,0,0,None,None
710,83,283.484,0,1,1,105,0,0,46.0943,1,1,0,0,1,1,0,0,0,0,1368,0,1,41.2861,1,1,0,0,1,1,0,0,0,0,None,None
711,83,301.999,0,1,1,405,0,0,24.7357,1,1,0,0,1,1,0,0,0,0,3137,0,1,44.0717,1,1,0,0,1,1,0,0,0,0,None,None
712,83,183.936,0,1,1,444,0,0,26.4734,1,1,0,0,1,1,0,0,0,0,3157,0,1,35.4697,1,1,0,0,1,1,0,0,0,0,None,None
713,83,86.6644,0,1,1,877,0,0,36.8497,1,1,0,0,1,1,0,0,0,0,3244,0,1,17.8723,1,1,0,0,1,1,0,0,0,0,None,None
714,83,429.388,0,1,1,3876,0,0,38.1456,1,1,0,0,1,1,0,0,0,0,3745,0,1,19.3219,1,1,0,0,1,1,0,0,0,0,None,None
715,83,444.211,0,1,1,4015,0,0,43.3985,1,1,0,0,1,1,0,0,0,0,3749,0,1,39.2349,1,1,0,0,1,1,0,0,0,0,None,None
716,83,126.953,0,1,1,5148,0,0,37.4368,1,1,0,0,1,1,0,0,0,0,4244,0,1,42.5298,1,1,0,0,1,1,0,0,0,0,None,None
717,83,135.971,0,1,1,6778,0,0,25.8991,1,1,0,0,1,1,0,0,0,0,5300,0,1,15.4924,1,1,0,0,1,1,0,0,0,0,None,None
718,83,354.457,0,1,1,6858,0,0,40.0796,1,1,0,0,1,1,0,0,0,0,5610,0,1,39.9309,1,1,0,0,1,1,0,0,0,0,None,None
719,83,1001.09,0,1,1,7738,0,0,18.4327,1,1,0,0,1,1,0,0,0,0,7297,0,1,19.6444,1,1,0,0,1,1,0,0,0,0,None,None
720,83,193.584,0,1,1,233,0,0,21.606,1,1,0,0,1,1,0,0,0,0,7865,0,1,51.7147,1,1,0,0,1,1,0,0,0,0,None,None
721,83,427.328,0,1,1,774,0,0,34.4269,1,1,0,0,1,1,0,0,0,0,959,0,1,47.742,1,1,0,0,1,1,0,0,0,0,None,None
722,83,741.267,0,1,1,3114,0,0,36.9171,1,1,0,0,2,2,0,0,0,0,1658,0,1,27.34,1,1,0,0,1,1,0,0,0,0,None,None
723,83,304.797,0,1,1,3607,0,0,52.7875,1,1,0,0,1,1,0,0,0,0,1691,0,1,36.9695,1,1,0,0,1,1,0,0,0,0,None,None
724,83,983.556,0,1,1,3782,0,0,22.5416,1,1,0,0,1,1,0,0,0,0,2144,0,1,43.0887,1,1,0,0,1,1,0,0,0,0,None,None
725,83,464.812,0,1,1,4233,0,0,47.2239,1,1,0,0,1,1,0,0,0,0,3397,0,1,25.4313,1,1,0,0,1,1,0,0,0,0,None,None
726,83,172.552,0,1,1,5110,0,0,50.5627,1,1,0,0,1,1,0,0,0,0,4548,0,1,29.9752,1,1,0,0,1,1,0,0,0,0,None,None
727,83,503.245,0,1,1,6252,0,0,28.0085,1,1,0,0,1,1,0,0,0,0,5832,0,1,21.4436,1,1,0,0,1,1,0,0,0,0,None,None
728,83,165.133,0,1,1,6836,0,0,52.5062,1,1,0,0,1,1,0,0,0,0,6619,0,1,46.2568,1,1,0,0,1,1,0,0,0,0,None,None
729,83,659.464,0,1,1,2151,0,0,31.7029,1,1,0,0,1,1,0,0,0,0,8900,0,1,27.3642,1,1,0,0,1,1,0,0,0,0,None,None
730,83,394.2,0,1,1,3053,0,0,22.3738,1,1,0,0,1,1,0,0,0,0,771,0,1,24.4849,1,1,0,0,1,1,0,0,0,0,None,None
731,83,195.161,0,1,1,3178,0,0,36.2015,1,1,0,0,1,1,0,0,0,0,1108,0,1,39.6728,1,1,0,0,1,1,0,0,0,0,None,None
732,83,698.878,0,1,1,3632,0,0,48.5131,1,1,0,0,1,1,0,0,0,0,1320,0,1,40.3058,1,1,0,0,1,1,0,0,0,0,None,None
733,83,1261.66,0,1,1,7539,0,0,24.1355,1,1,0,0,1,1,0,0,0,0,2447,0,1,39.3602,1,1,0,0,1,1,0,0,0,0,None,None
734,83,401.01,0,1,1,8274,0,0,28.5105,1,1,0,0,1,1,0,0,0,0,3426,0,1,55.0371,1,1,0,0,1,1,0,0,0,0,None,None
735,83,920.671,0,1,1,9420,0,0,39.5879,1,1,0,0,1,1,0,0,0,0,4105,0,1,40.9096,1,1,0,0,1,1,0,0,0,0,None,None
736,83,355.964,0,1,1,9918,0,0,46.3609,1,1,0,0,1,1,0,0,0,0,4629,0,1,50.856,1,1,0,0,1,1,0,0,0,0,None,None
737,83,277.423,0,1,1,280,0,0,48.8782,1,1,0,0,1,1,0,0,0,0,7200,0,1,45.5599,1,1,0,0,1,1,0,0,0,0,None,None
738,83,171.149,0,1,1,454,0,0,33.7177,1,1,0,0,1,1,0,0,0,0,8896,0,1,53.0304,1,1,0,0,1,1,0,0,0,0,None,None
739,83,219.156,0,1,1,1155,0,0,32.2408,1,1,0,0,1,1,0,0,0,0,9040,0,1,35.4858,1,1,0,0,1,1,0,0,0,0,None,None
740,90,342.438,0,1,1,1803,0,0,53.4594,1,1,0,0,1,1,0,0,0,0,5179,0,1,25.0651,1,1,0,0,1,1,0,0,0,0,None,None
741,90,281.121,0,1,1,2704,0,0,38.9319,1,1,0,0,1,1,0,0,0,0,5542,0,1,50.4173,1,1,0,0,1,1,0,0,0,0,None,None
742,90,538.016,0,1,1,3120,0,0,28.4692,1,1,0,0,1,1,0,0,0,0,563,0,1,27.3509,1,1,0,0,1,1,0,0,0,0,None,None
743,90,247.786,0,1,1,3210,0,0,30.6871,1,1,0,0,1,1,0,0,0,0,630,0,1,48.3302,1,1,0,0,1,1,0,0,0,0,None,None
744,90,327.516,0,1,1,7132,0,0,45.1021,1,1,0,0,1,1,0,0,0,0,922,0,1,26.472,1,1,0,0,1,1,0,0,0,0,None,None
745,90,621.984,0,1,1,1149,0,0,41.5889,1,1,0,0,1,1,0,0,0,0,1538,0,1,48.5279,1,1,0,0,1,1,0,0,0,0,None,None
746,90,706.623,0,1,1,1644,0,0,26.207,1,1,0,0,1,1,0,0,0,0,3566,0,1,41.9482,1,1,0,0,1,1,0,0,0,0,None,None
747,90,306.507,0,1,1,1806,0,0,22.0052,1,1,0,0,1,1,0,0,0,0,3948,0,1,28.6031,1,1,0,0,1,1,0,0,0,0,None,None
748,90,417.592,0,1,1,2355,0,0,14.6424,1,1,0,0,1,1,0,0,0,0,5182,0,1,19.5836,1,1,0,0,1,1,0,0,0,0,None,None
749,90,270.682,0,1,1,2575,0,0,32.9496,1,1,0,0,1,1,0,0,0,0,5997,0,1,47.6406,1,1,0,0,1,1,0,0,0,0,None,None
750,90,239.544,0,1,1,2956,0,0,28.1261,1,1,0,0,1,1,0,0,0,0,6578,0,1,50.848,1,1,0,0,1,1,0,0,0,0,None,None
751,90,306.704,0,1,1,3173,0,0,54.5541,1,1,0,0,1,1,0,0,0,0,7171,0,1,30.9033,1,1,0,0,1,1,0,0,0,0,None,None
752,90,595.676,0,1,1,5187,0,0,51.6261,1,1,0,0,1,1,0,0,0,0,8583,0,1,45.9359,1,1,0,0,1,1,0,0,0,0,None,None
753,90,334.639,0,1,1,5221,0,0,36.7372,1,1,0,0,1,1,0,0,0,0,8866,0,1,18.9005,1,1,0,0,1,1,0,0,0,0,None,None
754,90,123.394,0,1,1,5621,0,0,34.3259,1,1,0,0,1,1,0,0,0,0,9316,0,1,31.5847,1,1,0,0,1,1,0,0,0,0,None,None
755,90,219.532,0,1,1,7170,0,0,25.06,1,1,0,0,1,1,0,0,0,0,9638,0,1,40.391,1,1,0,0,1,1,0,0,0,0,None,None
756,90,1294.36,0,1,1,7496,0,0,19.4121,1,1,0,0,1,1,0,0,0,0,9693,0,1,18.4812,1,1,0,0,1,1,0,0,0,0,None,None
757,90,332.698,0,1,1,8173,0,0,54.2446,1,1,0,0,1,1,0,0,0,0,174,0,1,47.1372,1,1,0,0,1,1,0,0,0,0,None,None
758,90,209.412,0,1,1,8555,0,0,28.0074,1,1,0,0,1,1,0,0,0,0,953,0,1,36.6331,1,1,0,0,1,1,0,0,0,0,None,None
759,90,343.005,0,1,1,8596,0,0,53.5867,1,1,0,0,2,2,0,0,0,0,1554,0,1,24.0796,1,1,0,0,1,1,0,0,0,0,None,None
760,90,361.627,0,1,1,2146,0,0,37.7621,1,1,0,0,1,1,0,0,0,0,2295,0,1,38.5779,1,1,0,0,1,1,0,0,0,0,None,None
761,90,207.539,0,1,1,9644,0,0,39.5165,1,1,0,0,1,1,0,0,0,0,4111,0,1,30.0835,1,1,0,0,1,1,0,0,0,0,None,None
762,90,353.702,0,1,1,139,0,0,28.4654,1,1,0,0,1,1,0,0,0,0,5598,0,1,16.7615,1,1,0,0,1,1,0,0,0,0,None,None
763,90,310.261,0,1,1,1888,0,0,18.3971,1,1,0,0,1,1,0,0,0,0,136,0,1,50.1126,1,1,0,0,1,1,0,0,0,0,None,None
764,90,212.97,0,1,1,6086,0,0,35.232,1,1,0,0,1,1,0,0,0,0,1897,0,1,27.838,1,1,0,0,1,1,0,0,0,0,None,None
765,90,165.308,0,1,1,6772,0,0,21.973,1,1,0,0,1,1,0,0,0,0,2950,0,1,50.4132,1,1,0,0,1,1,0,0,0,0,None,None
766,90,107.375,0,1,1,7770,0,0,38.2164,1,1,0,0,1,1,0,0,0,0,3093,0,1,34.7804,1,1,0,0,1,1,0,0,0,0,None,None
767,90,338.925,0,1,1,8591,0,0,52.4304,1,1,0,0,1,1,0,0,0,0,4181,0,1,49.3926,1,1,0,0,1,1,0,0,0,0,None,None
768,90,261.408,0,1,1,9315,0,0,50.5246,1,1,0,0,1,1,0,0,0,0,4929,0,1,22.8871,1,1,0,0,1,1,0,0,0,0,None,None
769,90,96.8024,0,1,1,9436,0,0,49.2801,1,1,0,0,1,1,0,0,0,0,5140,0,1,21.8335,1,1,0,0,1,1,0,0,0,0,None,None
770,90,526.503,0,1,1,9568,0,0,53.9707,1,1,0,0,1,1,0,0,0,0,5348,0,1,45.6401,1,1,0,0,1,1,0,0,0,0,None,None
771,90,419.284,0,1,1,9635,0,0,16.1228,1,1,0,0,1,1,0,0,0,0,5658,0,1,19.5079,1,1,0,0,1,1,0,0,0,0,None,None
772,90,392.182,0,1,1,9817,0,0,48.2095,1,1,0,0,1,1,0,0,0,0,6459,0,1,46.106,1,1,0,0,1,1,0,0,0,0,None,None
773,90,275.406,0,1,1,616,0,0,29.4459,1,1,0,0,1,1,0,0,0,0,9999,0,1,33.5798,1,1,0,0,1,1,0,0,0,0,None,None
774,90,263.333,0,1,1,1023,0,0,35.4171,1,1,0,0,1,1,0,0,0,0,1435,0,1,37.3216,1,1,0,0,1,1,0,0,0,0,None,None
775,90,201.8,0,1,1,1061,0,0,55.1829,1,1,0,0,1,1,0,0,0,0,1875,0,1,25.7722,1,1,0,0,1,1,0,0,0,0,None,None
776,90,119.743,0,1,1,2483,0,0,39.9765,1,1,0,0,1,1,0,0,0,0,4189,0,1,51.7767,1,1,0,0,1,1,0,0,0,0,None,None
777,90,217.717,0,1,1,3194,0,0,20.1319,1,1,0,0,1,1,0,0,0,0,4768,0,1,26.7493,1,1,0,0,1,1,0,0,0,0,None,None
778,90,734.152,0,1,1,3328,0,0,26.6012,1,1,0,0,1,1,0,0,0,0,5255,0,1,16.532,1,1,0,0,1,1,0,0,0,0,None,None
779,90,793.267,0,1,1,6574,0,0,46.9185,1,1,0,0,1,1,0,0,0,0,5712,0,1,31.1858,1,1,0,0,1,1,0,0,0,0,None,None
780,90,311.397,0,1,1,6735,0,0,37.3926,1,1,0,0,1,1,0,0,0,0,6757,0,1,48.0789,1,1,0,0,1,1,0,0,0,0,None,None
781,90,1032.8,0,1,1,6951,0,0,23.7844,1,1,0,0,1,1,0,0,0,0,8627,0,1,15.4517,1,1,0,0,1,1,0,0,0,0,None,None
782,90,205.323,0,1,1,7441,0,0,29.3924,1,1,0,0,1,1,0,0,0,0,8628,0,1,48.8839,1,1,0,0,1,1,0,0,0,0,None,None
783,90,1501.55,0,1,1,7905,0,0,18.8837,1,1,0,0,1,1,0,0,0,0,8745,0,1,25.7736,1,1,0,0,1,1,0,0,0,0,None,None
784,90,305.477,0,1,1,8260,0,0,38.2248,1,1,0,0,1,1,0,0,0,0,9419,0,1,32.1411,1,1,0,0,1,1,0,0,0,0,None,None
785,90,396.431,0,1,1,1015,0,0,17.6805,1,1,0,0,1,1,0,0,0,0,899,0,1,46.2833,1,1,0,0,1,1,0,0,0,0,None,None
786,90,470.564,0,1,1,1358,0,0,50.2807,1,1,0,0,1,1,0,0,0,0,1742,0,1,27.3052,1,1,0,0,1,1,0,0,0,0,None,None
787,90,352.198,0,1,1,1563,0,0,48.0305,1,1,0,0,1,1,0,0,0,0,2722,0,1,38.6306,1,1,0,0,1,1,0,0,0,0,None,None
788,90,190.546,0,1,1,2257,0,0,45.2285,1,1,0,0,1,1,0,0,0,0,3478,0,1,39.6172,1,1,0,0,1,1,0,0,0,0,None,None
789,90,800.482,0,1,1,2576,0,0,53.674,1,1,0,0,1,1,0,0,0,0,4500,0,1,41.439,1,1,0,0,1,1,0,0,0,0,None,None
790,90,124.85,0,1,1,4974,0,0,50.1455,1,1,0,0,1,1,0,0,0,0,7023,0,1,37.3208,1,1,0,0,1,1,0,0,0,0,None,None
791,90,307.724,0,1,1,5699,0,0,41.2165,1,1,0,0,1,1,0,0,0,0,8850,0,1,55.1899,1,1,0,0,1,1,0,0,0,0,None,None
792,90,152.419,0,1,1,9456,0,0,33.0538,1,1,0,0,1,1,0,0,0,0,2621,0,1,39.3791,1,1,0,0,1,1,0,0,0,0,None,None
793,90,1079.3,0,1,1,9853,0,0,17.9477,1,1,0,0,1,1,0,0,0,0,4139,0,1,37.1415,1,1,0,0,1,1,0,0,0,0,None,None
794,90,390.553,0,1,1,1065,0,0,51.2688,1,1,0,0,1,1,0,0,0,0,5141,0,1,35.7417,1,1,0,0,1,1,0,0,0,0,None,None
795,90,269.825,0,1,1,2371,0,0,54.945,1,1,0,0,1,1,0,0,0,0,5796,0,1,44.7857,1,1,0,0,1,1,0,0,0,0,None,None
796,90,313.435,0,1,1,2705,0,0,39.8362,1,1,0,0,1,1,0,0,0,0,8446,0,1,17.7256,1,1,0,0,1,1,0,0,0,0,None,None
797,90,352.912,0,1,1,3258,0,0,51.4089,1,1,0,0,1,1,0,0,0,0,8534,0,1,44.0054,1,1,0,0,1,1,0,0,0,0,None,None
798,97,408.384,0,1,1,4031,0,0,39.8895,1,1,0,0,1,1,0,0,0,0,1886,0,1,26.4438,1,1,0,0,1,1,0,0,0,0,None,None
799,97,437.252,0,1,1,4520,0,0,53.2606,1,1,0,0,1,1,0,0,0,0,2129,0,1,55.1748,1,1,0,0,1,1,0,0,0,0,None,None
800,97,369.814,0,1,1,5591,0,0,49.1466,1,1,0,0,1,1,0,0,0,0,3528,0,1,36.7318,1,1,0,0,1,1,0,0,0,0,None,None
801,97,402.345,0,1,1,6802,0,0,31.1019,1,1,0,0,1,1,0,0,0,0,5387,0,1,30.5568,1,1,0,0,1,1,0,0,0,0,None,None
802,97,420.501,0,1,1,7128,0,0,33.5753,1,1,0,0,1,1,0,0,0,0,6469,0,1,31.8153,1,1,0,0,1,1,0,0,0,0,None,None
803,97,517.281,0,1,1,7460,0,0,44.0071,1,1,0,0,1,1,0,0,0,0,6600,0,1,52.3437,1,1,0,0,1,1,0,0,0,0,None,None
804,97,630.729,0,1,1,1171,0,0,39.49,1,1,0,0,1,1,0,0,0,0,9106,0,1,19.7535,1,1,0,0,1,1,0,0,0,0,None,None
805,97,197.076,0,1,1,1399,0,0,35.9057,1,1,0,0,1,1,0,0,0,0,9127,0,1,52.4199,1,1,0,0,1,1,0,0,0,0,None,None
806,97,580.408,0,1,1,3051,0,0,51.0602,1,1,0,0,1,1,0,0,0,0,1415,0,1,42.1957,1,1,0,0,1,1,0,0,0,0,None,None
807,97,271.19,0,1,1,5660,0,0,25.7423,1,1,0,0,1,1,0,0,0,0,3370,0,1,29.1029,1,1,0,0,1,1,0,0,0,0,None,None
808,97,440.574,0,1,1,8049,0,0,44.9006,1,1,0,0,1,1,0,0,0,0,3512,0,1,43.6985,1,1,0,0,1,1,0,0,0,0,None,None
809,97,162.881,0,1,1,8803,0,0,54.9888,1,1,0,0,1,1,0,0,0,0,6236,0,1,43.4742,1,1,0,0,1,1,0,0,0,0,None,None
810,97,209.264,0,1,1,523,0,0,17.1875,1,1,0,0,1,1,0,0,0,0,7988,0,1,52.1511,1,1,0,0,1,1,0,0,0,0,None,None
811,97,341.632,0,1,1,629,0,0,33.5102,1,1,0,0,1,1,0,0,0,0,144,0,1,24.0334,1,1,0,0,1,1,0,0,0,0,None,None
812,97,959.735,0,1,1,1509,0,0,50.0951,1,1,0,0,1,1,0,0,0,0,1717,0,1,36.7685,1,1,0,0,1,1,0,0,0,0,None,None
813,97,576.622,0,1,1,2339,0,0,43.7681,1,1,0,0,1,1,0,0,0,0,3045,0,1,23.2562,1,1,0,0,1,1,0,0,0,0,None,None
814,97,550.477,0,1,1,2681,0,0,23.1371,1,1,0,0,1,1,0,0,0,0,3977,0,1,20.4239,1,1,0,0,1,1,0,0,0,0,None,None
815,97,254.051,0,1,1,4440,0,0,31.6619,1,1,0,0,1,1,0,0,0,0,4816,0,1,28.2103,1,1,0,0,1,1,0,0,0,0,None,None
816,97,205.626,0,1,1,5039,0,0,54.7323,1,1,0,0,1,1,0,0,0,0,6382,0,1,37.9571,1,1,0,0,1,1,0,0,0,0,None,None
817,97,245.238,0,1,1,5824,0,0,32.3679,1,1,0,0,1,1,0,0,0,0,6633,0,1,25.6197,1,1,0,0,1,1,0,0,0,0,None,None
818,97,185.63,0,1,1,6034,0,0,26.9898,1,1,0,0,1,1,0,0,0,0,6643,0,1,52.3235,1,1,0,0,1,1,0,0,0,0,None,None
819,97,334.657,0,1,1,6691,0,0,43.2786,1,1,0,0,1,1,0,0,0,0,6933,0,1,21.9292,1,1,0,0,1,1,0,0,0,0,None,None
820,97,413.078,0,1,1,8153,0,0,38.8253,1,1,0,0,1,1,0,0,0,0,7186,0,1,51.1644,1,1,0,0,1,1,0,0,0,0,None,None
821,97,200.208,0,1,1,9353,0,0,36.3157,1,1,0,0,1,1,0,0,0,0,7520,0,1,23.2424,1,1,0,0,1,1,0,0,0,0,None,None
822,97,320.296,0,1,1,698,0,0,27.7135,1,1,0,0,1,1,0,0,0,0,7924,0,1,52.9809,1,1,0,0,1,1,0,0,0,0,None,None
823,97,249.215,0,1,1,5564,0,0,38.7068,1,1,0,0,1,1,0,0,0,0,7980,0,1,18.669,1,1,0,0,1,1,0,0,0,0,None,None
824,97,143.784,0,1,1,6795,0,0,54.3428,1,1,0,0,1,1,0,0,0,0,9120,0,1,16.7065,1,1,0,0,1,1,0,0,0,0,None,None
825,97,198.332,0,1,1,1075,0,0,53.8374,1,1,0,0,1,1,0,0,0,0,9263,0,1,21.3437,1,1,0,0,1,1,0,0,0,0,None,None
826,97,647.716,0,1,1,1828,0,0,32.2942,1,1,0,0,1,1,0,0,0,0,740,0,1,41.0917,1,1,0,0,1,1,0,0,0,0,None,None
827,97,202.002,0,1,1,2302,0,0,21.2838,1,1,0,0,1,1,0,0,0,0,2810,0,1,47.9201,1,1,0,0,1,1,0,0,0,0,None,None
828,97,402.791,0,1,1,2553,0,0,52.8778,1,1,0,0,1,1,0,0,0,0,4228,0,1,16.2126,1,1,0,0,1,1,0,0,0,0,None,None
829,97,152.112,0,1,1,3034,0,0,18.7906,1,1,0,0,1,1,0,0,0,0,4813,0,1,37.2317,1,1,0,0,2,2,0,0,0,0,None,None
830,97,675.512,0,1,1,3582,0,0,16.4449,1,1,0,0,1,1,0,0,0,0,5314,0,1,21.3214,1,1,0,0,1,1,0,0,0,0,None,None
831,97,199.924,0,1,1,4256,0,0,21.7404,1,1,0,0,1,1,0,0,0,0,6046,0,1,33.7248,1,1,0,0,1,1,0,0,0,0,None,None
832,97,415.364,0,1,1,5010,0,0,37.1685,1,1,0,0,1,1,0,0,0,0,7190,0,1,48.0501,1,1,0,0,1,1,0,0,0,0,None,None
833,97,235.897,0,1,1,5677,0,0,25.3067,1,1,0,0,1,1,0,0,0,0,8095,0,1,53.7678,1,1,0,0,1,1,0,0,0,0,None,None
834,97,288.304,0,1,1,9108,0,0,21.5911,1,1,0,0,1,1,0,0,0,0,8411,0,1,37.9022,1,1,0,0,1,1,0,0,0,0,None,None
835,97,374.542,0,1,1,9828,0,0,20.0684,1,1,0,0,1,1,0,0,0,0,8562,0,1,16.7976,1,1,0,0,1,1,0,0,0,0,None,None
836,97,1163.16,0,1,1,3993,0,0,24.7548,1,1,0,0,1,1,0,0,0,0,9200,0,1,34.6202,1,1,0,0,1,1,0,0,0,0,None,None
837,97,173.228,0,1,1,4353,0,0,25.3251,1,1,0,0,1,1,0,0,0,0,1276,0,1,38.3598,1,1,0,0,1,1,0,0,0,0,None,None
838,97,1013.99,0,1,1,4516,0,0,38.9587,1,1,0,0,1,1,0,0,0,0,1508,0,1,38.698,1,1,0,0,1,1,0,0,0,0,None,None
839,97,265.902,0,1,1,5237,0,0,35.1103,1,1,0,0,1,1,0,0,0,0,4502,0,1,43.2837,1,1,0,0,1,1,0,0,0,0,None,None
840,97,137.076,0,1,1,7079,0,0,53.5444,1,1,0,0,1,1,0,0,0,0,6451,0,1,24.6537,1,1,0,0,1,1,0,0,0,0,None,None
841,97,523.064,0,1,1,7126,0,0,27.4161,1,1,0,0,1,1,0,0,0,0,7699,0,1,23.0911,1,1,0,0,1,1,0,0,0,0,None,None
842,97,487.079,0,1,1,9324,0,0,49.9233,1,1,0,0,1,1,0,0,0,0,8344,0,1,19.3399,1,1,0,0,1,1,0,0,0,0,None,None
843,97,111.177,0,1,1,9529,0,0,35.3559,1,1,0,0,1,1,0,0,0,0,9812,0,1,49.5619,1,1,0,0,1,1,0,0,0,0,None,None
844,97,928.029,0,1,1,507,0,0,42.7745,1,1,0,0,1,1,0,0,0,0,34,0,1,54.8803,1,1,0,0,1,1,0,0,0,0,None,None
845,97,1038.69,0,1,1,1089,0,0,25.3323,1,1,0,0,1,1,0,0,0,0,1118,0,1,20.5446,1,1,0,0,1,1,0,0,0,0,None,None
846,97,327.696,0,1,1,1370,0,0,33.3889,1,1,0,0,1,1,0,0,0,0,2204,0,1,31.465,1,1,0,0,1,1,0,0,0,0,None,None
847,97,612.448,0,1,1,1469,0,0,31.7275,1,1,0,0,1,1,0,0,0,0,2820,0,1,17.2678,1,1,0,0,1,1,0,0,0,0,None,None
848,97,175.298,0,1,1,1505,0,0,46.761,1,1,0,0,1,1,0,0,0,0,4006,0,1,42.9862,1,1,0,0,1,1,0,0,0,0,None,None
849,97,293.612,0,1,1,3146,0,0,39.662,1,1,0,0,1,1,0,0,0,0,8644,0,1,32.2779,1,1,0,0,1,1,0,0,0,0,None,None
850,97,325.601,0,1,1,4287,0,0,38.2209,1,1,0,0,1,1,0,0,0,0,1115,0,1,42.3554,1,1,0,0,1,1,0,0,0,0,None,None
851,97,530.672,0,1,1,6625,0,0,18.3217,1,1,0,0,1,1,0,0,0,0,4539,0,1,27.0652,1,1,0,0,1,1,0,0,0,0,None,None
852,97,191.295,0,1,1,6641,0,0,18.9946,1,1,0,0,1,1,0,0,0,0,5512,0,1,28.7211,1,1,0,0,1,1,0,0,0,0,None,None
853,97,512.347,0,1,1,1022,0,0,27.8021,1,1,0,0,1,1,0,0,0,0,6580,0,1,25.3703,1,1,0,0,1,1,0,0,0,0,None,None
854,97,475.158,0,1,1,1099,0,0,44.5728,1,1,0,0,1,1,0,0,0,0,7587,0,1,42.2475,1,1,0,0,1,1,0,0,0,0,None,None
855,97,454.741,0,1,1,1732,0,0,54.5313,1,1,0,0,1,1,0,0,0,0,7622,0,1,52.0162,1,1,0,0,1,1,0,0,0,0,None,None
856,97,260.983,0,1,1,1890,0,0,19.2157,1,1,0,0,1,1,0,0,0,0,7650,0,1,38.576,1,1,0,0,1,1,0,0,0,0,None,None
857,97,495.559,0,1,1,4157,0,0,51.7064,1,1,0,0,1,1,0,0,0,0,9034,0,1,52.8218,1,1,0,0,1,1,0,0,0,0,None,None
