Time,NodeID,NumIndividuals,NumInfected,AvgInfectiousness,AvgParasiteDensity,AvgGametocyteDensity,AvgVariantFractionPfEMP1Major,AvgNumInfections,AvgInfectionClearedDuration,NumInfectionsCleared,NumHasFever,NumHasClinicalSymptoms
0,2,100,0,0,0,0,0,0,0,0,0,0
0,1,100,0,0,0,0,0,0,0,0,0,0
1,2,100,100,0,0,0,0,1,0,0,0,0
1,1,100,100,0,0,0,0,1,0,0,0,0
2,2,100,100,0,0,0,0,1,0,0,0,0
2,1,100,100,0,0,0,0,1,0,0,0,0
3,2,100,100,0,0,0,0,1,0,0,0,0
3,1,100,100,0,0,0,0,1,0,0,0,0
4,2,100,100,0,0,0,0,1,0,0,0,0
4,1,100,100,0,0,0,0,1,0,0,0,0
5,2,100,100,0,0,0,0,1,0,0,0,0
5,1,100,100,0,0,0,0,1,0,0,0,0
6,2,100,100,0,0,0,0,1,0,0,0,0
6,1,100,100,0,0,0,0,1,0,0,0,0
7,2,100,100,0,0.0144656,0,0.005,1,0,0,0,0
7,1,100,100,0,0.0141419,0,0.005,1,0,0,0,0
8,2,100,100,0,0.0144656,0,0.005,1,0,0,0,0
8,1,100,100,0,0.0141419,0,0.005,1,0,0,0,0
9,2,100,100,0,0.22989,0,0.005,1,0,0,0,0
9,1,100,100,0,0.224746,0,0.005,1,0,0,0,0
10,2,100,100,0,0.22989,0,0.005,1,0,0,0,0
10,1,100,100,0,0.224746,0,0.005,1,0,0,0,0
11,2,100,100,0,3.58039,0,0.005,1,0,0,0,0
11,1,100,100,0,3.50027,0,0.005,1,0,0,0,0
12,2,100,100,0,3.58039,0,0.005,1,0,0,0,0
12,1,100,100,0,3.50027,0,0.005,1,0,0,0,0
13,2,100,100,0,55.7622,0,0.005,1,0,0,0,0
13,1,100,100,0,54.5145,0,0.005,1,0,0,0,0
14,2,100,100,0,55.7622,0,0.005,1,0,0,0,0
14,1,100,100,0,54.5145,0,0.005,1,0,0,0,0
15,2,100,100,0,868.461,0,0.005,1,0,0,25,25
15,1,100,100,0,849.029,0,0.005,1,0,0,25,25
16,2,100,100,0,834.217,0,0.005,1,0,0,71,71
16,1,100,100,0,816.964,0,0.005,1,0,0,63,63
17,2,100,100,0,11577.7,0,0.005,1,0,0,100,100
17,1,100,100,0,11437.9,0,0.005,1,0,0,100,100
18,2,100,100,0,7485.56,0,0.005,1,0,0,100,100
18,1,100,100,0,7430.96,0,0.005,1,0,0,100,100
19,2,100,100,0,59679.8,0,0.005,1,0,0,100,100
19,1,100,100,0,59336.7,0,0.005,1,0,0,100,100
20,2,100,100,0,26260.9,0,0.005,1,0,0,44,100
20,1,100,100,0,26145,0,0.005,1,0,0,45,100
21,2,100,100,0,155536,0,0.005,1,0,0,100,100
21,1,100,100,0,155182,0,0.005,1,0,0,100,100
22,2,100,100,5.89934e-05,44840,0.0730658,0.005,1,0,0,0,100
22,1,100,100,5.76679e-05,44801.5,0.0714308,0.005,1,0,0,0,100
23,2,100,100,0.000307197,179412,0.0553813,0.005,1,0,0,100,100
23,1,100,100,0.000300266,179431,0.0541386,0.005,1,0,0,100,100
24,2,100,100,0.000953356,39926.4,1.17999,0.005,1,0,0,0,100
24,1,100,100,0.000931876,39965.7,1.15357,0.005,1,0,0,0,100
25,2,100,100,0.0049472,130501,0.894473,0.005,1,0,0,100,100
25,1,100,100,0.0048366,130743,0.874481,0.005,1,0,0,100,100
26,2,100,100,0.0151473,23801.7,18.4017,0.005,1,0,0,0,100
26,1,100,100,0.0148051,23868.9,17.99,0.005,1,0,0,0,100
27,2,100,100,0.0741512,64530.4,13.9493,0.005,1,0,0,100,100
27,1,100,100,0.0726185,64761.1,13.6375,0.005,1,0,0,100,100
28,2,100,100,0.197439,10277.3,253.071,0.005,1,0,0,0,100
28,1,100,100,0.194917,10319.2,249.139,0.005,1,0,0,0,100
29,2,100,100,0.606565,25150.7,191.841,0.005,1,0,0,100,100
29,1,100,100,0.603569,25263.6,188.862,0.005,1,0,0,100,100
30,2,100,100,0.768192,3769.88,1476,0.005,1,0,0,0,100
30,1,100,100,0.766194,3787.42,1465.32,0.005,1,0,0,0,100
31,2,100,100,0.996808,8753.54,1118.89,0.005,1,0,0,100,100
31,1,100,100,0.996633,8796.2,1110.8,0.005,1,0,0,100,100
32,2,100,100,0.998362,1288.55,4475.82,0.005,1,0,0,0,100
32,1,100,100,0.998268,1295.02,4460.97,0.005,1,0,0,0,100
33,2,100,100,1,2913.1,3392.91,0.005,1,0,0,0,93
33,1,100,100,1,2928.07,3381.65,0.005,1,0,0,0,93
34,2,100,100,1,422.784,6936.5,0.005,1,0,0,0,72
34,1,100,100,1,424.991,6927.94,0.005,1,0,0,0,67
35,2,100,100,1,942.984,5258.24,0.005,1,0,0,0,0
35,1,100,100,1,947.963,5251.76,0.005,1,0,0,0,0
36,2,100,100,1,135.53,7240.27,0.005,1,0,0,0,0
36,1,100,100,1,136.25,7240.95,0.005,1,0,0,0,0
37,2,100,100,1,300.243,5488.52,0.005,1,0,0,0,0
37,1,100,100,1,301.845,5489.04,0.005,1,0,0,0,0
38,2,100,100,1,42.9378,5803.83,0.005,1,0,0,0,0
38,1,100,100,1,43.168,5809.97,0.005,1,0,0,0,0
39,2,100,100,1,94.7986,4399.62,0.005,1,0,0,0,0
39,1,100,100,1,95.3088,4404.28,0.005,1,0,0,0,0
40,2,100,100,1,13.5227,3982.64,0.005,1,0,0,0,0
40,1,100,100,1,13.5963,3989.05,0.005,1,0,0,0,0
41,2,100,100,1,29.8059,3019.06,0.005,1,0,0,0,0
41,1,100,100,1,29.9703,3023.91,0.005,1,0,0,0,0
42,2,100,100,1,4.24636,2515.23,0.005,1,0,0,0,0
42,1,100,100,1,4.26955,2520.01,0.005,1,0,0,0,0
43,2,100,100,1,9.35319,1906.68,0.005,1,0,0,0,0
43,1,100,100,1,9.40428,1910.31,0.005,1,0,0,0,0
44,2,100,100,1,1.33163,1521,0.005,1,0,0,0,0
44,1,100,100,1,1.33878,1524.14,0.005,1,0,0,0,0
45,2,100,100,1,2.93257,1153,0.005,1,0,0,0,0
45,1,100,100,1,2.94802,1155.38,0.005,1,0,0,0,0
46,2,100,100,0.999997,0.41739,898.559,0.005,1,0,0,0,0
46,1,100,100,0.999997,0.419588,900.489,0.005,1,0,0,0,0
47,2,100,100,0.999945,0.919022,681.157,0.005,1,0,0,0,0
47,1,100,100,0.999948,0.923686,682.62,0.005,1,0,0,0,0
48,2,100,100,0.999548,0.130789,524.166,0.005,1,0,0,0,0
48,1,100,100,0.999562,0.131411,525.319,0.005,1,0,0,0,0
49,2,100,100,0.997431,0.288033,397.347,0.005,1,0,0,0,0
49,1,100,100,0.99748,0.289261,398.22,0.005,1,0,0,0,0
50,2,100,100,0.990198,0.0409639,303.677,0.005,1,0,0,0,0
50,1,100,100,0.990322,0.0411812,304.353,0.005,1,0,0,0,0
51,2,100,100,0.971314,0.0902145,230.204,0.005,1,0,0,0,0
51,1,100,100,0.97156,0.0906601,230.716,0.005,1,0,0,0,0
52,2,100,100,0.934658,0.0128452,175.283,0.005,1,0,0,0,0
52,1,100,100,0.935064,0.0129062,175.676,0.005,1,0,0,0,0
53,2,100,100,0.875424,0.0282961,132.874,0.005,1,0,0,0,0
53,1,100,100,0.875995,0.0284174,133.172,0.005,1,0,0,0,0
54,2,100,100,0.796216,0.00403065,100.969,0.005,1,0,0,0,0
54,1,100,100,0.796927,0.00403939,101.197,0.005,1,0,0,0,0
55,2,100,100,0.70197,0.00886848,76.5405,0.005,1,0,0,0,0
55,1,100,100,0.70276,0.00886698,76.7129,0.005,1,0,0,0,0
56,2,100,100,0.602073,0.00126152,58.0984,0.005,1,0,0,0,0
56,1,100,100,0.602876,0.00125961,58.2292,0.005,1,0,0,0,0
57,2,100,100,0.503441,0.00278564,44.0417,0.005,1,0,0,0,0
57,1,100,100,0.504204,0.00276877,44.1406,0.005,1,0,0,0,0
58,2,100,100,0.412514,0.000397435,33.4096,0.005,1,0,0,0,0
58,1,100,100,0.413207,0.000392797,33.4852,0.005,1,0,0,0,0
59,2,100,100,0.33216,0.000866737,25.3263,0.005,1,0,0,0,0
59,1,100,100,0.332759,0.000868479,25.3836,0.005,1,0,0,0,0
60,2,100,100,0.263928,0.000122176,19.2062,0.005,1,0,0,0,0
60,1,100,100,0.264434,0.000123886,19.2497,0.005,1,0,0,0,0
61,2,100,100,0.207411,0.000269195,14.5594,0.005,1,0,0,0,0
61,1,100,100,0.207827,0.000276994,14.5925,0.005,1,0,0,0,0
62,2,100,100,0.161666,3.83872e-05,11.0391,0.005,1,0,0,0,0
62,1,100,100,0.162003,3.9139e-05,11.0643,0.005,1,0,0,0,0
63,2,100,100,0.125172,8.16159e-05,8.36825,0.005,1,0,0,0,0
63,1,100,100,0.125438,8.25407e-05,8.38735,0.005,1,0,0,0,0
64,2,100,100,0.0964413,1.16757e-05,6.34433,0.005,1,0,0,0,0
64,1,100,100,0.096651,1.15434e-05,6.35881,0.005,1,0,0,0,0
65,2,100,100,0.0740148,2.37821e-05,4.80944,0.005,1,0,0,0,0
65,1,100,100,0.0741782,2.46894e-05,4.82048,0.005,1,0,0,0,0
66,2,100,100,0.0566371,3.33234e-06,3.64596,0.005,1,0,0,0,0
66,1,100,100,0.0567656,3.37876e-06,3.65443,0.005,1,0,0,0,0
67,2,100,100,0.0432424,6.61098e-06,2.76393,0.005,1,0,0,0,0
67,1,100,100,0.0433404,7.18387e-06,2.77031,0.005,1,0,0,0,0
68,2,100,100,0.03296,9.28772e-07,2.09534,0.005,1,0,0,0,0
68,1,100,100,0.0330329,1.01008e-06,2.1,0.005,1,0,0,0,0
69,2,100,95,0.0241303,1.50819e-06,1.52792,0.005,1,69,5,0,0
69,1,100,97,0.0245814,2.08254e-06,1.5564,0.005,1,69,3,0,0
70,2,100,95,0.0183508,2.1049e-07,1.15832,0.005,1,0,0,0,0
70,1,100,97,0.0186925,2.90296e-07,1.17983,0.005,1,0,0,0,0
71,2,100,78,0.0119196,2.19689e-07,0.750789,0.005,1,71,17,0,0
71,1,100,73,0.0112828,5.98264e-07,0.710694,0.005,1,71,24,0,0
72,2,100,78,0.00905277,2.77619e-08,0.569145,0.005,1,0,0,0,0
72,1,100,73,0.00856909,8.74122e-08,0.53874,0.005,1,0,0,0,0
73,2,100,43,0.00390363,2.25652e-08,0.245101,0.005,1,73,35,0,0
73,1,100,46,0.00422242,1.70702e-07,0.265123,0.005,1,73,27,0,0
74,2,100,43,0.00296284,2.50724e-09,0.185811,0.005,1,0,0,0,0
74,1,100,45,0.00315108,1.2e-08,0.197628,0.005,1,74,1,0,0
75,2,100,6,0.000315627,3.00869e-08,0.0197822,0.005,1,75,37,0,0
75,1,100,14,0.0007426,2e-08,0.0465345,0.005,1,75,31,0,0
76,2,100,6,0.000239348,5.01448e-09,0.0149918,0.005,1,0,0,0,0
76,1,100,14,0.000563312,1e-08,0.035276,0.005,1,0,0,0,0
77,2,100,1,3.01076e-05,0,0.00188589,0.005,1,77,5,0,0
77,1,100,3,9.312e-05,2e-08,0.00582737,0.005,1,77,11,0,0
78,2,100,1,2.28193e-05,0,0.00142889,0.005,1,0,0,0,0
78,1,100,3,7.06286e-05,4e-09,0.00441801,0.005,1,0,0,0,0
79,2,100,0,0,0,0,0.005,0,79,1,0,0
79,1,100,0,0,0,0,0.005,0,79,3,0,0
80,2,100,0,0,0,0,0.005,0,0,0,0,0
80,1,100,0,0,0,0,0.005,0,0,0,0,0
81,2,100,0,0,0,0,0.005,0,0,0,0,0
81,1,100,0,0,0,0,0.005,0,0,0,0,0
82,2,100,0,0,0,0,0.005,0,0,0,0,0
82,1,100,0,0,0,0,0.005,0,0,0,0,0
83,2,100,0,0,0,0,0.005,0,0,0,0,0
83,1,100,0,0,0,0,0.005,0,0,0,0,0
84,2,100,0,0,0,0,0.005,0,0,0,0,0
84,1,100,0,0,0,0,0.005,0,0,0,0,0
85,2,100,0,0,0,0,0.005,0,0,0,0,0
85,1,100,0,0,0,0,0.005,0,0,0,0,0
86,2,100,0,0,0,0,0.005,0,0,0,0,0
86,1,100,0,0,0,0,0.005,0,0,0,0,0
87,2,100,0,0,0,0,0.005,0,0,0,0,0
87,1,100,0,0,0,0,0.005,0,0,0,0,0
88,2,100,0,0,0,0,0.005,0,0,0,0,0
88,1,100,0,0,0,0,0.005,0,0,0,0,0
89,2,100,0,0,0,0,0.005,0,0,0,0,0
89,1,100,0,0,0,0,0.005,0,0,0,0,0
90,2,100,0,0,0,0,0.005,0,0,0,0,0
90,1,100,0,0,0,0,0.005,0,0,0,0,0
91,2,100,0,0,0,0,0.005,0,0,0,0,0
91,1,100,0,0,0,0,0.005,0,0,0,0,0
92,2,100,0,0,0,0,0.005,0,0,0,0,0
92,1,100,0,0,0,0,0.005,0,0,0,0,0
93,2,100,0,0,0,0,0.005,0,0,0,0,0
93,1,100,0,0,0,0,0.005,0,0,0,0,0
94,2,100,0,0,0,0,0.005,0,0,0,0,0
94,1,100,0,0,0,0,0.005,0,0,0,0,0
95,2,100,0,0,0,0,0.005,0,0,0,0,0
95,1,100,0,0,0,0,0.005,0,0,0,0,0
96,2,100,0,0,0,0,0.005,0,0,0,0,0
96,1,100,0,0,0,0,0.005,0,0,0,0,0
97,2,100,0,0,0,0,0.005,0,0,0,0,0
97,1,100,0,0,0,0,0.005,0,0,0,0,0
98,2,100,0,0,0,0,0.005,0,0,0,0,0
98,1,100,0,0,0,0,0.005,0,0,0,0,0
99,2,100,0,0,0,0,0.005,0,0,0,0,0
99,1,100,0,0,0,0,0.005,0,0,0,0,0
100,2,100,0,0,0,0,0.005,0,0,0,0,0
100,1,100,0,0,0,0,0.005,0,0,0,0,0
101,2,100,0,0,0,0,0.005,0,0,0,0,0
101,1,100,0,0,0,0,0.005,0,0,0,0,0
102,2,100,0,0,0,0,0.005,0,0,0,0,0
102,1,100,0,0,0,0,0.005,0,0,0,0,0
103,2,100,0,0,0,0,0.005,0,0,0,0,0
103,1,100,0,0,0,0,0.005,0,0,0,0,0
104,2,100,0,0,0,0,0.005,0,0,0,0,0
104,1,100,0,0,0,0,0.005,0,0,0,0,0
105,2,100,0,0,0,0,0.005,0,0,0,0,0
105,1,100,0,0,0,0,0.005,0,0,0,0,0
106,2,100,0,0,0,0,0.005,0,0,0,0,0
106,1,100,0,0,0,0,0.005,0,0,0,0,0
107,2,100,0,0,0,0,0.005,0,0,0,0,0
107,1,100,0,0,0,0,0.005,0,0,0,0,0
108,2,100,0,0,0,0,0.005,0,0,0,0,0
108,1,100,0,0,0,0,0.005,0,0,0,0,0
109,2,100,0,0,0,0,0.005,0,0,0,0,0
109,1,100,0,0,0,0,0.005,0,0,0,0,0
110,2,100,0,0,0,0,0.005,0,0,0,0,0
110,1,100,0,0,0,0,0.005,0,0,0,0,0
111,2,100,0,0,0,0,0.005,0,0,0,0,0
111,1,100,0,0,0,0,0.005,0,0,0,0,0
112,2,100,0,0,0,0,0.005,0,0,0,0,0
112,1,100,0,0,0,0,0.005,0,0,0,0,0
113,2,100,0,0,0,0,0.005,0,0,0,0,0
113,1,100,0,0,0,0,0.005,0,0,0,0,0
114,2,100,0,0,0,0,0.005,0,0,0,0,0
114,1,100,0,0,0,0,0.005,0,0,0,0,0
115,2,100,0,0,0,0,0.005,0,0,0,0,0
115,1,100,0,0,0,0,0.005,0,0,0,0,0
116,2,100,0,0,0,0,0.005,0,0,0,0,0
116,1,100,0,0,0,0,0.005,0,0,0,0,0
117,2,100,0,0,0,0,0.005,0,0,0,0,0
117,1,100,0,0,0,0,0.005,0,0,0,0,0
118,2,100,0,0,0,0,0.005,0,0,0,0,0
118,1,100,0,0,0,0,0.005,0,0,0,0,0
119,2,100,0,0,0,0,0.005,0,0,0,0,0
119,1,100,0,0,0,0,0.005,0,0,0,0,0
120,2,100,0,0,0,0,0.005,0,0,0,0,0
120,1,100,0,0,0,0,0.005,0,0,0,0,0
121,2,100,0,0,0,0,0.005,0,0,0,0,0
121,1,100,0,0,0,0,0.005,0,0,0,0,0
122,2,100,0,0,0,0,0.005,0,0,0,0,0
122,1,100,0,0,0,0,0.005,0,0,0,0,0
123,2,100,0,0,0,0,0.005,0,0,0,0,0
123,1,100,0,0,0,0,0.005,0,0,0,0,0
124,2,100,0,0,0,0,0.005,0,0,0,0,0
124,1,100,0,0,0,0,0.005,0,0,0,0,0
125,2,100,0,0,0,0,0.005,0,0,0,0,0
125,1,100,0,0,0,0,0.005,0,0,0,0,0
126,2,100,0,0,0,0,0.005,0,0,0,0,0
126,1,100,0,0,0,0,0.005,0,0,0,0,0
127,2,100,0,0,0,0,0.005,0,0,0,0,0
127,1,100,0,0,0,0,0.005,0,0,0,0,0
128,2,100,0,0,0,0,0.005,0,0,0,0,0
128,1,100,0,0,0,0,0.005,0,0,0,0,0
129,2,100,0,0,0,0,0.005,0,0,0,0,0
129,1,100,0,0,0,0,0.005,0,0,0,0,0
130,2,100,0,0,0,0,0.005,0,0,0,0,0
130,1,100,0,0,0,0,0.005,0,0,0,0,0
131,2,100,0,0,0,0,0.005,0,0,0,0,0
131,1,100,0,0,0,0,0.005,0,0,0,0,0
132,2,100,0,0,0,0,0.005,0,0,0,0,0
132,1,100,0,0,0,0,0.005,0,0,0,0,0
133,2,100,0,0,0,0,0.005,0,0,0,0,0
133,1,100,0,0,0,0,0.005,0,0,0,0,0
134,2,100,0,0,0,0,0.005,0,0,0,0,0
134,1,100,0,0,0,0,0.005,0,0,0,0,0
135,2,100,0,0,0,0,0.005,0,0,0,0,0
135,1,100,0,0,0,0,0.005,0,0,0,0,0
136,2,100,0,0,0,0,0.005,0,0,0,0,0
136,1,100,0,0,0,0,0.005,0,0,0,0,0
137,2,100,0,0,0,0,0.005,0,0,0,0,0
137,1,100,0,0,0,0,0.005,0,0,0,0,0
138,2,100,0,0,0,0,0.005,0,0,0,0,0
138,1,100,0,0,0,0,0.005,0,0,0,0,0
139,2,100,0,0,0,0,0.005,0,0,0,0,0
139,1,100,0,0,0,0,0.005,0,0,0,0,0
140,2,100,0,0,0,0,0.005,0,0,0,0,0
140,1,100,0,0,0,0,0.005,0,0,0,0,0
141,2,100,0,0,0,0,0.005,0,0,0,0,0
141,1,100,0,0,0,0,0.005,0,0,0,0,0
142,2,100,0,0,0,0,0.005,0,0,0,0,0
142,1,100,0,0,0,0,0.005,0,0,0,0,0
143,2,100,0,0,0,0,0.005,0,0,0,0,0
143,1,100,0,0,0,0,0.005,0,0,0,0,0
144,2,100,0,0,0,0,0.005,0,0,0,0,0
144,1,100,0,0,0,0,0.005,0,0,0,0,0
145,2,100,0,0,0,0,0.005,0,0,0,0,0
145,1,100,0,0,0,0,0.005,0,0,0,0,0
146,2,100,0,0,0,0,0.005,0,0,0,0,0
146,1,100,0,0,0,0,0.005,0,0,0,0,0
147,2,100,0,0,0,0,0.005,0,0,0,0,0
147,1,100,0,0,0,0,0.005,0,0,0,0,0
148,2,100,0,0,0,0,0.005,0,0,0,0,0
148,1,100,0,0,0,0,0.005,0,0,0,0,0
149,2,100,0,0,0,0,0.005,0,0,0,0,0
149,1,100,0,0,0,0,0.005,0,0,0,0,0
150,2,100,0,0,0,0,0.005,0,0,0,0,0
150,1,100,0,0,0,0,0.005,0,0,0,0,0
151,2,100,100,0,0,0,0.005,1,0,0,0,0
151,1,100,100,0,0,0,0.005,1,0,0,0,0
152,2,100,100,0,0,0,0.005,1,0,0,0,0
152,1,100,100,0,0,0,0.005,1,0,0,0,0
153,2,100,100,0,0,0,0.005,1,0,0,0,0
153,1,100,100,0,0,0,0.005,1,0,0,0,0
154,2,100,100,0,0,0,0.005,1,0,0,0,0
154,1,100,100,0,0,0,0.005,1,0,0,0,0
155,2,100,100,0,0,0,0.005,1,0,0,0,0
155,1,100,100,0,0,0,0.005,1,0,0,0,0
156,2,100,100,0,0,0,0.005,1,0,0,0,0
156,1,100,100,0,0,0,0.005,1,0,0,0,0
157,2,100,100,0,0.014429,0,0.005,1,0,0,0,0
157,1,100,100,0,0.0141073,0,0.005,1,0,0,0,0
158,2,100,100,0,0.00553976,0,0.005,1,0,0,0,0
158,1,100,100,0,0.00542341,0,0.005,1,0,0,0,0
159,2,100,100,0,0.0234723,0,0.005,1,0,0,0,0
159,1,100,100,0,0.0231039,0,0.005,1,0,0,0,0
160,2,100,100,0,0.00524169,0,0.005,1,0,0,0,0
160,1,100,100,0,0.00516287,0,0.005,1,0,0,0,0
161,2,100,100,0,0.0160057,0,0.005,1,0,0,0,0
161,1,100,100,0,0.0158123,0,0.005,1,0,0,0,0
162,2,100,100,0,0.00286514,0,0.005,1,0,0,0,0
162,1,100,100,0,0.00282364,0,0.005,1,0,0,0,0
163,2,100,100,0,0.00747875,0,0.005,1,0,0,0,0
163,1,100,100,0,0.00739309,0,0.005,1,0,0,0,0
164,2,100,100,0,0.00119802,0,0.005,1,0,0,0,0
164,1,100,100,0,0.00118622,0,0.005,1,0,0,0,0
165,2,100,100,0,0.00288457,0,0.005,1,0,0,0,0
165,1,100,100,0,0.00286829,0,0.005,1,0,0,0,0
166,2,100,100,0,0.000435346,0,0.005,1,0,0,0,0
166,1,100,100,0,0.0004335,0,0.005,1,0,0,0,0
167,2,100,100,0,0.00101063,0,0.005,1,0,0,0,0
167,1,100,100,0,0.000988938,0,0.005,1,0,0,0,0
168,2,100,100,0,0.000146053,0,0.005,1,0,0,0,0
168,1,100,100,0,0.000146719,0,0.005,1,0,0,0,0
169,2,100,100,0,0.000329757,0,0.005,1,0,0,0,0
169,1,100,100,0,0.000325525,0,0.005,1,0,0,0,0
170,2,100,100,0,4.7612e-05,0,0.005,1,0,0,0,0
170,1,100,100,0,4.72459e-05,0,0.005,1,0,0,0,0
171,2,100,100,0,0.000106332,0,0.005,1,0,0,0,0
171,1,100,100,0,0.000105611,0,0.005,1,0,0,0,0
172,2,100,100,6.4177e-06,1.52221e-05,0.000400188,0.005,1,0,0,0,0
172,1,100,100,6.34245e-06,1.49016e-05,0.00039557,0.005,1,0,0,0,0
173,2,100,100,4.84654e-06,2.94687e-05,0.000301801,0.005,1,0,0,0,0
173,1,100,100,4.7903e-06,2.8996e-05,0.000298668,0.005,1,0,0,0,0
174,2,100,100,6.69662e-06,3.64944e-06,0.000417083,0.005,1,0,0,0,0
174,1,100,100,6.60579e-06,3.75854e-06,0.000411669,0.005,1,0,0,0,0
175,2,100,100,5.06635e-06,5.9233e-06,0.00031638,0.005,1,0,0,0,0
175,1,100,100,4.98284e-06,7.60698e-06,0.000311112,0.005,1,0,0,0,0
176,2,100,100,5.01109e-06,6.33773e-07,0.000311968,0.005,1,0,0,0,0
176,1,100,100,4.92591e-06,9.28893e-07,0.000306434,0.005,1,0,0,0,0
177,2,100,100,3.79105e-06,9.6858e-07,0.000235564,0.005,1,0,0,0,0
177,1,100,100,3.73393e-06,1.82786e-06,0.000232541,0.005,1,0,0,0,0
178,2,100,100,3.26604e-06,1.1247e-07,0.000201563,0.005,1,0,0,0,0
178,1,100,100,3.22961e-06,1.84101e-07,0.000199888,0.005,1,0,0,0,0
179,2,100,93,2.28126e-06,8.93202e-08,0.000140708,0.005,1,29,7,0,0
179,1,100,92,2.30013e-06,4.94873e-07,0.000142009,0.005,1,29,8,0,0
180,2,100,93,1.82871e-06,6.87078e-09,0.00011182,0.005,1,0,0,0,0
180,1,100,92,1.85653e-06,9.37952e-08,0.000113466,0.005,1,0,0,0,0
181,2,100,13,2.23544e-07,0,1.36934e-05,0.005,1,31,80,0,0
181,1,100,26,4.16451e-07,8.93954e-08,2.52329e-05,0.005,1,31,66,0,0
182,2,100,13,1.73117e-07,0,1.04396e-05,0.005,1,0,0,0,0
182,1,100,26,3.2825e-07,9.11628e-09,1.96541e-05,0.005,1,0,0,0,0
183,2,100,1,3.67181e-09,0,2.27975e-07,0.005,1,33,12,0,0
183,1,100,3,1.068e-08,2.6e-08,6.28e-07,0.005,1,32.962,23,0,0
184,2,100,1,2.46132e-09,0,1.55346e-07,0.005,1,0,0,0,0
184,1,100,3,8.6e-09,4e-09,4.96e-07,0.005,1,0,0,0,0
185,2,100,1,1.69468e-09,0,1.10961e-07,0.005,1,0,0,0,0
185,1,100,2,4.32e-09,0,2.54e-07,0.005,1,35,1,0,0
186,2,100,1,1.33153e-09,0,8.27166e-08,0.005,1,0,0,0,0
186,1,100,2,3.24e-09,0,1.9e-07,0.005,1,0,0,0,0
187,2,100,0,0,0,0,0.005,0,37,1,0,0
187,1,100,0,0,0,0,0.005,0,37,2,0,0
188,2,100,0,0,0,0,0.005,0,0,0,0,0
188,1,100,0,0,0,0,0.005,0,0,0,0,0
189,2,100,0,0,0,0,0.005,0,0,0,0,0
189,1,100,0,0,0,0,0.005,0,0,0,0,0
190,2,100,0,0,0,0,0.005,0,0,0,0,0
190,1,100,0,0,0,0,0.005,0,0,0,0,0
191,2,100,0,0,0,0,0.005,0,0,0,0,0
191,1,100,0,0,0,0,0.005,0,0,0,0,0
192,2,100,0,0,0,0,0.005,0,0,0,0,0
192,1,100,0,0,0,0,0.005,0,0,0,0,0
193,2,100,0,0,0,0,0.005,0,0,0,0,0
193,1,100,0,0,0,0,0.005,0,0,0,0,0
194,2,100,0,0,0,0,0.005,0,0,0,0,0
194,1,100,0,0,0,0,0.005,0,0,0,0,0
195,2,100,0,0,0,0,0.005,0,0,0,0,0
195,1,100,0,0,0,0,0.005,0,0,0,0,0
196,2,100,0,0,0,0,0.005,0,0,0,0,0
196,1,100,0,0,0,0,0.005,0,0,0,0,0
197,2,100,0,0,0,0,0.005,0,0,0,0,0
197,1,100,0,0,0,0,0.005,0,0,0,0,0
198,2,100,0,0,0,0,0.005,0,0,0,0,0
198,1,100,0,0,0,0,0.005,0,0,0,0,0
199,2,100,0,0,0,0,0.005,0,0,0,0,0
199,1,100,0,0,0,0,0.005,0,0,0,0,0
200,2,100,0,0,0,0,0.005,0,0,0,0,0
200,1,100,0,0,0,0,0.005,0,0,0,0,0
201,2,100,0,0,0,0,0.005,0,0,0,0,0
201,1,100,0,0,0,0,0.005,0,0,0,0,0
202,2,100,0,0,0,0,0.005,0,0,0,0,0
202,1,100,0,0,0,0,0.005,0,0,0,0,0
203,2,100,0,0,0,0,0.005,0,0,0,0,0
203,1,100,0,0,0,0,0.005,0,0,0,0,0
204,2,100,0,0,0,0,0.005,0,0,0,0,0
204,1,100,0,0,0,0,0.005,0,0,0,0,0
205,2,100,0,0,0,0,0.005,0,0,0,0,0
205,1,100,0,0,0,0,0.005,0,0,0,0,0
206,2,100,0,0,0,0,0.005,0,0,0,0,0
206,1,100,0,0,0,0,0.005,0,0,0,0,0
207,2,100,0,0,0,0,0.005,0,0,0,0,0
207,1,100,0,0,0,0,0.005,0,0,0,0,0
208,2,100,0,0,0,0,0.005,0,0,0,0,0
208,1,100,0,0,0,0,0.005,0,0,0,0,0
209,2,100,0,0,0,0,0.005,0,0,0,0,0
209,1,100,0,0,0,0,0.005,0,0,0,0,0
210,2,100,0,0,0,0,0.005,0,0,0,0,0
210,1,100,0,0,0,0,0.005,0,0,0,0,0
211,2,100,0,0,0,0,0.005,0,0,0,0,0
211,1,100,0,0,0,0,0.005,0,0,0,0,0
212,2,100,0,0,0,0,0.005,0,0,0,0,0
212,1,100,0,0,0,0,0.005,0,0,0,0,0
213,2,100,0,0,0,0,0.005,0,0,0,0,0
213,1,100,0,0,0,0,0.005,0,0,0,0,0
214,2,100,0,0,0,0,0.005,0,0,0,0,0
214,1,100,0,0,0,0,0.005,0,0,0,0,0
215,2,100,0,0,0,0,0.005,0,0,0,0,0
215,1,100,0,0,0,0,0.005,0,0,0,0,0
216,2,100,0,0,0,0,0.005,0,0,0,0,0
216,1,100,0,0,0,0,0.005,0,0,0,0,0
217,2,100,0,0,0,0,0.005,0,0,0,0,0
217,1,100,0,0,0,0,0.005,0,0,0,0,0
218,2,100,0,0,0,0,0.005,0,0,0,0,0
218,1,100,0,0,0,0,0.005,0,0,0,0,0
219,2,100,0,0,0,0,0.005,0,0,0,0,0
219,1,100,0,0,0,0,0.005,0,0,0,0,0
220,2,100,0,0,0,0,0.005,0,0,0,0,0
220,1,100,0,0,0,0,0.005,0,0,0,0,0
221,2,100,0,0,0,0,0.005,0,0,0,0,0
221,1,100,0,0,0,0,0.005,0,0,0,0,0
222,2,100,0,0,0,0,0.005,0,0,0,0,0
222,1,100,0,0,0,0,0.005,0,0,0,0,0
223,2,100,0,0,0,0,0.005,0,0,0,0,0
223,1,100,0,0,0,0,0.005,0,0,0,0,0
224,2,100,0,0,0,0,0.005,0,0,0,0,0
224,1,100,0,0,0,0,0.005,0,0,0,0,0
225,2,100,0,0,0,0,0.005,0,0,0,0,0
225,1,100,0,0,0,0,0.005,0,0,0,0,0
226,2,100,0,0,0,0,0.005,0,0,0,0,0
226,1,100,0,0,0,0,0.005,0,0,0,0,0
227,2,100,0,0,0,0,0.005,0,0,0,0,0
227,1,100,0,0,0,0,0.005,0,0,0,0,0
228,2,100,0,0,0,0,0.005,0,0,0,0,0
228,1,100,0,0,0,0,0.005,0,0,0,0,0
229,2,100,0,0,0,0,0.005,0,0,0,0,0
229,1,100,0,0,0,0,0.005,0,0,0,0,0
230,2,100,0,0,0,0,0.005,0,0,0,0,0
230,1,100,0,0,0,0,0.005,0,0,0,0,0
231,2,100,0,0,0,0,0.005,0,0,0,0,0
231,1,100,0,0,0,0,0.005,0,0,0,0,0
232,2,100,0,0,0,0,0.005,0,0,0,0,0
232,1,100,0,0,0,0,0.005,0,0,0,0,0
233,2,100,0,0,0,0,0.005,0,0,0,0,0
233,1,100,0,0,0,0,0.005,0,0,0,0,0
234,2,100,0,0,0,0,0.005,0,0,0,0,0
234,1,100,0,0,0,0,0.005,0,0,0,0,0
235,2,100,0,0,0,0,0.005,0,0,0,0,0
235,1,100,0,0,0,0,0.005,0,0,0,0,0
236,2,100,0,0,0,0,0.005,0,0,0,0,0
236,1,100,0,0,0,0,0.005,0,0,0,0,0
237,2,100,0,0,0,0,0.005,0,0,0,0,0
237,1,100,0,0,0,0,0.005,0,0,0,0,0
238,2,100,0,0,0,0,0.005,0,0,0,0,0
238,1,100,0,0,0,0,0.005,0,0,0,0,0
239,2,100,0,0,0,0,0.005,0,0,0,0,0
239,1,100,0,0,0,0,0.005,0,0,0,0,0
240,2,100,0,0,0,0,0.005,0,0,0,0,0
240,1,100,0,0,0,0,0.005,0,0,0,0,0
241,2,100,0,0,0,0,0.005,0,0,0,0,0
241,1,100,0,0,0,0,0.005,0,0,0,0,0
242,2,100,0,0,0,0,0.005,0,0,0,0,0
242,1,100,0,0,0,0,0.005,0,0,0,0,0
243,2,100,0,0,0,0,0.005,0,0,0,0,0
243,1,100,0,0,0,0,0.005,0,0,0,0,0
244,2,100,0,0,0,0,0.005,0,0,0,0,0
244,1,100,0,0,0,0,0.005,0,0,0,0,0
245,2,100,0,0,0,0,0.005,0,0,0,0,0
245,1,100,0,0,0,0,0.005,0,0,0,0,0
246,2,100,0,0,0,0,0.005,0,0,0,0,0
246,1,100,0,0,0,0,0.005,0,0,0,0,0
247,2,100,0,0,0,0,0.005,0,0,0,0,0
247,1,100,0,0,0,0,0.005,0,0,0,0,0
248,2,100,0,0,0,0,0.005,0,0,0,0,0
248,1,100,0,0,0,0,0.005,0,0,0,0,0
249,2,100,0,0,0,0,0.005,0,0,0,0,0
249,1,100,0,0,0,0,0.005,0,0,0,0,0
250,2,100,0,0,0,0,0.005,0,0,0,0,0
250,1,100,0,0,0,0,0.005,0,0,0,0,0
251,2,100,0,0,0,0,0.005,0,0,0,0,0
251,1,100,0,0,0,0,0.005,0,0,0,0,0
252,2,100,0,0,0,0,0.005,0,0,0,0,0
252,1,100,0,0,0,0,0.005,0,0,0,0,0
253,2,100,0,0,0,0,0.005,0,0,0,0,0
253,1,100,0,0,0,0,0.005,0,0,0,0,0
254,2,100,0,0,0,0,0.005,0,0,0,0,0
254,1,100,0,0,0,0,0.005,0,0,0,0,0
255,2,100,0,0,0,0,0.005,0,0,0,0,0
255,1,100,0,0,0,0,0.005,0,0,0,0,0
256,2,100,0,0,0,0,0.005,0,0,0,0,0
256,1,100,0,0,0,0,0.005,0,0,0,0,0
257,2,100,0,0,0,0,0.005,0,0,0,0,0
257,1,100,0,0,0,0,0.005,0,0,0,0,0
258,2,100,0,0,0,0,0.005,0,0,0,0,0
258,1,100,0,0,0,0,0.005,0,0,0,0,0
259,2,100,0,0,0,0,0.005,0,0,0,0,0
259,1,100,0,0,0,0,0.005,0,0,0,0,0
260,2,100,0,0,0,0,0.005,0,0,0,0,0
260,1,100,0,0,0,0,0.005,0,0,0,0,0
261,2,100,0,0,0,0,0.005,0,0,0,0,0
261,1,100,0,0,0,0,0.005,0,0,0,0,0
262,2,100,0,0,0,0,0.005,0,0,0,0,0
262,1,100,0,0,0,0,0.005,0,0,0,0,0
263,2,100,0,0,0,0,0.005,0,0,0,0,0
263,1,100,0,0,0,0,0.005,0,0,0,0,0
264,2,100,0,0,0,0,0.005,0,0,0,0,0
264,1,100,0,0,0,0,0.005,0,0,0,0,0
265,2,100,0,0,0,0,0.005,0,0,0,0,0
265,1,100,0,0,0,0,0.005,0,0,0,0,0
266,2,100,0,0,0,0,0.005,0,0,0,0,0
266,1,100,0,0,0,0,0.005,0,0,0,0,0
267,2,100,0,0,0,0,0.005,0,0,0,0,0
267,1,100,0,0,0,0,0.005,0,0,0,0,0
268,2,100,0,0,0,0,0.005,0,0,0,0,0
268,1,100,0,0,0,0,0.005,0,0,0,0,0
269,2,100,0,0,0,0,0.005,0,0,0,0,0
269,1,100,0,0,0,0,0.005,0,0,0,0,0
270,2,100,0,0,0,0,0.005,0,0,0,0,0
270,1,100,0,0,0,0,0.005,0,0,0,0,0
271,2,100,0,0,0,0,0.005,0,0,0,0,0
271,1,100,0,0,0,0,0.005,0,0,0,0,0
272,2,100,0,0,0,0,0.005,0,0,0,0,0
272,1,100,0,0,0,0,0.005,0,0,0,0,0
273,2,100,0,0,0,0,0.005,0,0,0,0,0
273,1,100,0,0,0,0,0.005,0,0,0,0,0
274,2,100,0,0,0,0,0.005,0,0,0,0,0
274,1,100,0,0,0,0,0.005,0,0,0,0,0
275,2,100,0,0,0,0,0.005,0,0,0,0,0
275,1,100,0,0,0,0,0.005,0,0,0,0,0
276,2,100,0,0,0,0,0.005,0,0,0,0,0
276,1,100,0,0,0,0,0.005,0,0,0,0,0
277,2,100,0,0,0,0,0.005,0,0,0,0,0
277,1,100,0,0,0,0,0.005,0,0,0,0,0
278,2,100,0,0,0,0,0.005,0,0,0,0,0
278,1,100,0,0,0,0,0.005,0,0,0,0,0
279,2,100,0,0,0,0,0.005,0,0,0,0,0
279,1,100,0,0,0,0,0.005,0,0,0,0,0
280,2,100,0,0,0,0,0.005,0,0,0,0,0
280,1,100,0,0,0,0,0.005,0,0,0,0,0
281,2,100,0,0,0,0,0.005,0,0,0,0,0
281,1,100,0,0,0,0,0.005,0,0,0,0,0
282,2,100,0,0,0,0,0.005,0,0,0,0,0
282,1,100,0,0,0,0,0.005,0,0,0,0,0
283,2,100,0,0,0,0,0.005,0,0,0,0,0
283,1,100,0,0,0,0,0.005,0,0,0,0,0
284,2,100,0,0,0,0,0.005,0,0,0,0,0
284,1,100,0,0,0,0,0.005,0,0,0,0,0
285,2,100,0,0,0,0,0.005,0,0,0,0,0
285,1,100,0,0,0,0,0.005,0,0,0,0,0
286,2,100,0,0,0,0,0.005,0,0,0,0,0
286,1,100,0,0,0,0,0.005,0,0,0,0,0
287,2,100,0,0,0,0,0.005,0,0,0,0,0
287,1,100,0,0,0,0,0.005,0,0,0,0,0
288,2,100,0,0,0,0,0.005,0,0,0,0,0
288,1,100,0,0,0,0,0.005,0,0,0,0,0
289,2,100,0,0,0,0,0.005,0,0,0,0,0
289,1,100,0,0,0,0,0.005,0,0,0,0,0
290,2,100,0,0,0,0,0.005,0,0,0,0,0
290,1,100,0,0,0,0,0.005,0,0,0,0,0
291,2,100,0,0,0,0,0.005,0,0,0,0,0
291,1,100,0,0,0,0,0.005,0,0,0,0,0
292,2,100,0,0,0,0,0.005,0,0,0,0,0
292,1,100,0,0,0,0,0.005,0,0,0,0,0
293,2,100,0,0,0,0,0.005,0,0,0,0,0
293,1,100,0,0,0,0,0.005,0,0,0,0,0
294,2,100,0,0,0,0,0.005,0,0,0,0,0
294,1,100,0,0,0,0,0.005,0,0,0,0,0
295,2,100,0,0,0,0,0.005,0,0,0,0,0
295,1,100,0,0,0,0,0.005,0,0,0,0,0
296,2,100,0,0,0,0,0.005,0,0,0,0,0
296,1,100,0,0,0,0,0.005,0,0,0,0,0
297,2,100,0,0,0,0,0.005,0,0,0,0,0
297,1,100,0,0,0,0,0.005,0,0,0,0,0
298,2,100,0,0,0,0,0.005,0,0,0,0,0
298,1,100,0,0,0,0,0.005,0,0,0,0,0
299,2,100,0,0,0,0,0.005,0,0,0,0,0
299,1,100,0,0,0,0,0.005,0,0,0,0,0
300,2,100,0,0,0,0,0.005,0,0,0,0,0
300,1,100,0,0,0,0,0.005,0,0,0,0,0
301,2,100,100,0,0,0,0.005,1,0,0,0,0
301,1,100,100,0,0,0,0.005,1,0,0,0,0
302,2,100,100,0,0,0,0.005,1,0,0,0,0
302,1,100,100,0,0,0,0.005,1,0,0,0,0
303,2,100,100,0,0,0,0.005,1,0,0,0,0
303,1,100,100,0,0,0,0.005,1,0,0,0,0
304,2,100,100,0,0,0,0.005,1,0,0,0,0
304,1,100,100,0,0,0,0.005,1,0,0,0,0
305,2,100,100,0,0,0,0.005,1,0,0,0,0
305,1,100,100,0,0,0,0.005,1,0,0,0,0
306,2,100,100,0,0,0,0.005,1,0,0,0,0
306,1,100,100,0,0,0,0.005,1,0,0,0,0
307,2,100,100,0,0.0144607,0,0.005,1,0,0,0,0
307,1,100,100,0,0.0141369,0,0.005,1,0,0,0,0
308,2,100,100,0,0.00765264,0,0.005,1,0,0,0,0
308,1,100,100,0,0.00748212,0,0.005,1,0,0,0,0
309,2,100,100,0,0.0587056,0,0.005,1,0,0,0,0
309,1,100,100,0,0.0573891,0,0.005,1,0,0,0,0
310,2,100,100,0,0.0282624,0,0.005,1,0,0,0,0
310,1,100,100,0,0.0276238,0,0.005,1,0,0,0,0
311,2,100,100,0,0.211445,0,0.005,1,0,0,0,0
311,1,100,100,0,0.206585,0,0.005,1,0,0,0,0
312,2,100,100,0,0.101369,0,0.005,1,0,0,0,0
312,1,100,100,0,0.0990093,0,0.005,1,0,0,0,0
313,2,100,100,0,0.754272,0,0.005,1,0,0,0,0
313,1,100,100,0,0.736727,0,0.005,1,0,0,0,0
314,2,100,100,0,0.359413,0,0.005,1,0,0,0,0
314,1,100,100,0,0.350997,0,0.005,1,0,0,0,0
315,2,100,100,0,2.65634,0,0.005,1,0,0,0,0
315,1,100,100,0,2.59397,0,0.005,1,0,0,0,0
316,2,100,100,0,1.25366,0,0.005,1,0,0,0,0
316,1,100,100,0,1.22396,0,0.005,1,0,0,0,0
317,2,100,100,0,9.10646,0,0.005,1,0,0,0,0
317,1,100,100,0,8.86717,0,0.005,1,0,0,0,0
318,2,100,100,0,4.05769,0,0.005,1,0,0,0,0
318,1,100,100,0,3.94256,0,0.005,1,0,0,0,0
319,2,100,100,0,25.1033,0,0.005,1,0,0,0,0
319,1,100,100,0,24.5272,0,0.005,1,0,0,0,0
320,2,100,100,0,8.83042,0,0.005,1,0,0,0,0
320,1,100,100,0,8.66959,0,0.005,1,0,0,0,0
321,2,100,100,0,40.9657,0,0.005,1,0,0,0,0
321,1,100,100,0,40.4451,0,0.005,1,0,0,0,0
322,2,100,100,7.07357e-05,10.4185,0.00472705,0.005,1,0,0,0,0
322,1,100,100,6.92221e-05,10.3259,0.00461873,0.005,1,0,0,0,0
323,2,100,100,5.68791e-05,35.7868,0.0035792,0.005,1,0,0,0,0
323,1,100,100,5.55717e-05,35.5835,0.00349643,0.005,1,0,0,0,0
324,2,100,100,0.000298032,7.02542,0.019588,0.005,1,0,0,0,0
324,1,100,100,0.000291297,7.00291,0.0191357,0.005,1,0,0,0,0
325,2,100,100,0.00023632,19.6636,0.014847,0.005,1,0,0,0,0
325,1,100,100,0.000230946,19.6347,0.0145085,0.005,1,0,0,0,0
326,2,100,100,0.00110203,3.31335,0.0707594,0.005,1,0,0,0,0
326,1,100,100,0.00107654,3.31262,0.0691057,0.005,1,0,0,0,0
327,2,100,100,0.00085543,8.28813,0.053648,0.005,1,0,0,0,0
327,1,100,100,0.000835287,8.29539,0.0523771,0.005,1,0,0,0,0
328,2,100,100,0.00387004,1.28693,0.245285,0.005,1,0,0,0,0
328,1,100,100,0.0037722,1.28892,0.239042,0.005,1,0,0,0,0
329,2,100,100,0.00296454,3.03501,0.185937,0.005,1,0,0,0,0
329,1,100,100,0.00288926,3.04135,0.181194,0.005,1,0,0,0,0
330,2,100,100,0.0113735,0.451653,0.719484,0.005,1,0,0,0,0
330,1,100,100,0.0111056,0.452713,0.702283,0.005,1,0,0,0,0
331,2,100,100,0.00867032,1.03301,0.545399,0.005,1,0,0,0,0
331,1,100,100,0.00846596,1.03595,0.532386,0.005,1,0,0,0,0
332,2,100,100,0.0220143,0.150352,1.395,0.005,1,0,0,0,0
332,1,100,100,0.0216584,0.150824,1.37207,0.005,1,0,0,0,0
333,2,100,100,0.0167624,0.338636,1.05755,0.005,1,0,0,0,0
333,1,100,100,0.0164913,0.339714,1.0402,0.005,1,0,0,0,0
334,2,100,100,0.0266536,0.0487617,1.69006,0.005,1,0,0,0,0
334,1,100,100,0.026368,0.0489203,1.67157,0.005,1,0,0,0,0
335,2,100,100,0.0202821,0.108896,1.28113,0.005,1,0,0,0,0
335,1,100,100,0.0200642,0.109303,1.26713,0.005,1,0,0,0,0
336,2,100,100,0.0232402,0.0155928,1.4704,0.005,1,0,0,0,0
336,1,100,100,0.0230624,0.0156446,1.45896,0.005,1,0,0,0,0
337,2,100,100,0.0176724,0.0346532,1.11468,0.005,1,0,0,0,0
337,1,100,100,0.0175359,0.0347938,1.10596,0.005,1,0,0,0,0
338,2,100,100,0.0167804,0.00494365,1.05803,0.005,1,0,0,0,0
338,1,100,100,0.0166788,0.00496889,1.05155,0.005,1,0,0,0,0
339,2,100,100,0.0127473,0.0109483,0.802011,0.005,1,0,0,0,0
339,1,100,100,0.0126702,0.0110575,0.797116,0.005,1,0,0,0,0
340,2,100,100,0.010921,0.00155959,0.686486,0.005,1,0,0,0,0
340,1,100,100,0.0108648,0.00157555,0.68292,0.005,1,0,0,0,0
341,2,100,100,0.00829072,0.0034558,0.520416,0.005,1,0,0,0,0
341,1,100,100,0.0082473,0.00349389,0.517688,0.005,1,0,0,0,0
342,2,100,100,0.00671698,0.000491372,0.421287,0.005,1,0,0,0,0
342,1,100,100,0.00668564,0.000496167,0.419319,0.005,1,0,0,0,0
343,2,100,100,0.00509587,0.00108811,0.319337,0.005,1,0,0,0,0
343,1,100,100,0.00507251,0.00109638,0.317874,0.005,1,0,0,0,0
344,2,100,100,0.00400573,0.000155082,0.250877,0.005,1,0,0,0,0
344,1,100,100,0.00398866,0.000155482,0.2498,0.005,1,0,0,0,0
345,2,100,100,0.00303835,0.000335548,0.190183,0.005,1,0,0,0,0
345,1,100,100,0.00302489,0.000339865,0.189344,0.005,1,0,0,0,0
346,2,100,100,0.00234971,4.81003e-05,0.147014,0.005,1,0,0,0,0
346,1,100,100,0.00233918,4.80946e-05,0.146369,0.005,1,0,0,0,0
347,2,100,100,0.00178176,0.000104768,0.111441,0.005,1,0,0,0,0
347,1,100,100,0.00177383,0.000105524,0.110962,0.005,1,0,0,0,0
348,2,100,100,0.00136501,1.46354e-05,0.0853553,0.005,1,0,0,0,0
348,1,100,100,0.00135962,1.47667e-05,0.085036,0.005,1,0,0,0,0
349,2,100,100,0.0010348,3.03881e-05,0.0647032,0.005,1,0,0,0,0
349,1,100,100,0.00103086,3.12828e-05,0.0644611,0.005,1,0,0,0,0
350,2,100,100,0.000789023,4.34971e-06,0.0493309,0.005,1,0,0,0,0
350,1,100,100,0.000786103,4.30448e-06,0.0491497,0.005,1,0,0,0,0
351,2,100,100,0.000598186,8.80873e-06,0.0373987,0.005,1,0,0,0,0
351,1,100,100,0.000595869,7.99524e-06,0.037248,0.005,1,0,0,0,0
352,2,100,100,0.000454971,1.17283e-06,0.0284378,0.005,1,0,0,0,0
352,1,100,100,0.000453274,1.10886e-06,0.0283265,0.005,1,0,0,0,0
353,2,100,93,0.00032712,2.15033e-06,0.0204495,0.005,1,53,7,0,0
353,1,100,94,0.000329055,2.23829e-06,0.0205643,0.005,1,53,6,0,0
354,2,100,93,0.000248334,2.9214e-07,0.0155183,0.005,1,0,0,0,0
354,1,100,94,0.000249966,3.28529e-07,0.0156207,0.005,1,0,0,0,0
355,2,100,77,0.000163281,3.96992e-07,0.0102064,0.005,1,55,16,0,0
355,1,100,75,0.000160083,6.47481e-07,0.010006,0.005,1,55,19,0,0
356,2,100,77,0.000123996,5.51297e-08,0.00774954,0.005,1,0,0,0,0
356,1,100,75,0.000121406,7.24357e-08,0.00758742,0.005,1,0,0,0,0
357,2,100,53,6.6643e-05,8.88597e-08,0.00416409,0.005,1,57,24,0,0
357,1,100,55,7.06359e-05,2e-08,0.00441629,0.005,1,57,20,0,0
358,2,100,53,5.05733e-05,1.044e-08,0.00316001,0.005,1,0,0,0,0
358,1,100,55,5.36249e-05,2e-09,0.00335169,0.005,1,0,0,0,0
359,2,100,11,8.49799e-06,0,0.000532453,0.005,1,59,42,0,0
359,1,100,15,1.12996e-05,0,0.000706203,0.005,1,59,40,0,0
360,2,100,11,6.43024e-06,0,0.000403039,0.005,1,0,0,0,0
360,1,100,15,8.57176e-06,0,0.000535075,0.005,1,0,0,0,0
361,2,100,3,1.34664e-06,0,8.45394e-05,0.005,1,61,8,0,0
361,1,100,2,8.28863e-07,0,5.1808e-05,0.005,1,61,13,0,0
362,2,100,3,1.02325e-06,0,6.43517e-05,0.005,1,0,0,0,0
362,1,100,2,6.2787e-07,0,3.932e-05,0.005,1,0,0,0,0
363,2,100,0,0,0,0,0.005,0,63,3,0,0
363,1,100,1,2.26877e-07,0,1.4222e-05,0.005,1,63,1,0,0
364,2,100,0,0,0,0,0.005,0,0,0,0,0
364,1,100,1,1.70279e-07,0,1.0666e-05,0.005,1,0,0,0,0
365,2,100,0,0,0,0,0.005,0,0,0,0,0
365,1,100,0,0,0,0,0.005,0,65,1,0,0
366,2,100,0,0,0,0,0.005,0,0,0,0,0
366,1,100,0,0,0,0,0.005,0,0,0,0,0
367,2,100,0,0,0,0,0.005,0,0,0,0,0
367,1,100,0,0,0,0,0.005,0,0,0,0,0
368,2,100,0,0,0,0,0.005,0,0,0,0,0
368,1,100,0,0,0,0,0.005,0,0,0,0,0
369,2,100,0,0,0,0,0.005,0,0,0,0,0
369,1,100,0,0,0,0,0.005,0,0,0,0,0
370,2,100,0,0,0,0,0.005,0,0,0,0,0
370,1,100,0,0,0,0,0.005,0,0,0,0,0
371,2,100,0,0,0,0,0.005,0,0,0,0,0
371,1,100,0,0,0,0,0.005,0,0,0,0,0
372,2,100,0,0,0,0,0.005,0,0,0,0,0
372,1,100,0,0,0,0,0.005,0,0,0,0,0
373,2,100,0,0,0,0,0.005,0,0,0,0,0
373,1,100,0,0,0,0,0.005,0,0,0,0,0
374,2,100,0,0,0,0,0.005,0,0,0,0,0
374,1,100,0,0,0,0,0.005,0,0,0,0,0
375,2,100,0,0,0,0,0.005,0,0,0,0,0
375,1,100,0,0,0,0,0.005,0,0,0,0,0
376,2,100,0,0,0,0,0.005,0,0,0,0,0
376,1,100,0,0,0,0,0.005,0,0,0,0,0
377,2,100,0,0,0,0,0.005,0,0,0,0,0
377,1,100,0,0,0,0,0.005,0,0,0,0,0
378,2,100,0,0,0,0,0.005,0,0,0,0,0
378,1,100,0,0,0,0,0.005,0,0,0,0,0
379,2,100,0,0,0,0,0.005,0,0,0,0,0
379,1,100,0,0,0,0,0.005,0,0,0,0,0
380,2,100,0,0,0,0,0.005,0,0,0,0,0
380,1,100,0,0,0,0,0.005,0,0,0,0,0
381,2,100,0,0,0,0,0.005,0,0,0,0,0
381,1,100,0,0,0,0,0.005,0,0,0,0,0
382,2,100,0,0,0,0,0.005,0,0,0,0,0
382,1,100,0,0,0,0,0.005,0,0,0,0,0
383,2,100,0,0,0,0,0.005,0,0,0,0,0
383,1,100,0,0,0,0,0.005,0,0,0,0,0
384,2,100,0,0,0,0,0.005,0,0,0,0,0
384,1,100,0,0,0,0,0.005,0,0,0,0,0
385,2,100,0,0,0,0,0.005,0,0,0,0,0
385,1,100,0,0,0,0,0.005,0,0,0,0,0
386,2,100,0,0,0,0,0.005,0,0,0,0,0
386,1,100,0,0,0,0,0.005,0,0,0,0,0
387,2,100,0,0,0,0,0.005,0,0,0,0,0
387,1,100,0,0,0,0,0.005,0,0,0,0,0
388,2,100,0,0,0,0,0.005,0,0,0,0,0
388,1,100,0,0,0,0,0.005,0,0,0,0,0
389,2,100,0,0,0,0,0.005,0,0,0,0,0
389,1,100,0,0,0,0,0.005,0,0,0,0,0
390,2,100,0,0,0,0,0.005,0,0,0,0,0
390,1,100,0,0,0,0,0.005,0,0,0,0,0
391,2,100,0,0,0,0,0.005,0,0,0,0,0
391,1,100,0,0,0,0,0.005,0,0,0,0,0
392,2,100,0,0,0,0,0.005,0,0,0,0,0
392,1,100,0,0,0,0,0.005,0,0,0,0,0
393,2,100,0,0,0,0,0.005,0,0,0,0,0
393,1,100,0,0,0,0,0.005,0,0,0,0,0
394,2,100,0,0,0,0,0.005,0,0,0,0,0
394,1,100,0,0,0,0,0.005,0,0,0,0,0
395,2,100,0,0,0,0,0.005,0,0,0,0,0
395,1,100,0,0,0,0,0.005,0,0,0,0,0
396,2,100,0,0,0,0,0.005,0,0,0,0,0
396,1,100,0,0,0,0,0.005,0,0,0,0,0
397,2,100,0,0,0,0,0.005,0,0,0,0,0
397,1,100,0,0,0,0,0.005,0,0,0,0,0
398,2,100,0,0,0,0,0.005,0,0,0,0,0
398,1,100,0,0,0,0,0.005,0,0,0,0,0
399,2,100,0,0,0,0,0.005,0,0,0,0,0
399,1,100,0,0,0,0,0.005,0,0,0,0,0
400,2,100,0,0,0,0,0.005,0,0,0,0,0
400,1,100,0,0,0,0,0.005,0,0,0,0,0
401,2,100,0,0,0,0,0.005,0,0,0,0,0
401,1,100,0,0,0,0,0.005,0,0,0,0,0
402,2,100,0,0,0,0,0.005,0,0,0,0,0
402,1,100,0,0,0,0,0.005,0,0,0,0,0
403,2,100,0,0,0,0,0.005,0,0,0,0,0
403,1,100,0,0,0,0,0.005,0,0,0,0,0
404,2,100,0,0,0,0,0.005,0,0,0,0,0
404,1,100,0,0,0,0,0.005,0,0,0,0,0
405,2,100,0,0,0,0,0.005,0,0,0,0,0
405,1,100,0,0,0,0,0.005,0,0,0,0,0
406,2,100,0,0,0,0,0.005,0,0,0,0,0
406,1,100,0,0,0,0,0.005,0,0,0,0,0
407,2,100,0,0,0,0,0.005,0,0,0,0,0
407,1,100,0,0,0,0,0.005,0,0,0,0,0
408,2,100,0,0,0,0,0.005,0,0,0,0,0
408,1,100,0,0,0,0,0.005,0,0,0,0,0
409,2,100,0,0,0,0,0.005,0,0,0,0,0
409,1,100,0,0,0,0,0.005,0,0,0,0,0
410,2,100,0,0,0,0,0.005,0,0,0,0,0
410,1,100,0,0,0,0,0.005,0,0,0,0,0
411,2,100,0,0,0,0,0.005,0,0,0,0,0
411,1,100,0,0,0,0,0.005,0,0,0,0,0
412,2,100,0,0,0,0,0.005,0,0,0,0,0
412,1,100,0,0,0,0,0.005,0,0,0,0,0
413,2,100,0,0,0,0,0.005,0,0,0,0,0
413,1,100,0,0,0,0,0.005,0,0,0,0,0
414,2,100,0,0,0,0,0.005,0,0,0,0,0
414,1,100,0,0,0,0,0.005,0,0,0,0,0
415,2,100,0,0,0,0,0.005,0,0,0,0,0
415,1,100,0,0,0,0,0.005,0,0,0,0,0
416,2,100,0,0,0,0,0.005,0,0,0,0,0
416,1,100,0,0,0,0,0.005,0,0,0,0,0
417,2,100,0,0,0,0,0.005,0,0,0,0,0
417,1,100,0,0,0,0,0.005,0,0,0,0,0
418,2,100,0,0,0,0,0.005,0,0,0,0,0
418,1,100,0,0,0,0,0.005,0,0,0,0,0
419,2,100,0,0,0,0,0.005,0,0,0,0,0
419,1,100,0,0,0,0,0.005,0,0,0,0,0
420,2,100,0,0,0,0,0.005,0,0,0,0,0
420,1,100,0,0,0,0,0.005,0,0,0,0,0
421,2,100,0,0,0,0,0.005,0,0,0,0,0
421,1,100,0,0,0,0,0.005,0,0,0,0,0
422,2,100,0,0,0,0,0.005,0,0,0,0,0
422,1,100,0,0,0,0,0.005,0,0,0,0,0
423,2,100,0,0,0,0,0.005,0,0,0,0,0
423,1,100,0,0,0,0,0.005,0,0,0,0,0
424,2,100,0,0,0,0,0.005,0,0,0,0,0
424,1,100,0,0,0,0,0.005,0,0,0,0,0
425,2,100,0,0,0,0,0.005,0,0,0,0,0
425,1,100,0,0,0,0,0.005,0,0,0,0,0
426,2,100,0,0,0,0,0.005,0,0,0,0,0
426,1,100,0,0,0,0,0.005,0,0,0,0,0
427,2,100,0,0,0,0,0.005,0,0,0,0,0
427,1,100,0,0,0,0,0.005,0,0,0,0,0
428,2,100,0,0,0,0,0.005,0,0,0,0,0
428,1,100,0,0,0,0,0.005,0,0,0,0,0
429,2,100,0,0,0,0,0.005,0,0,0,0,0
429,1,100,0,0,0,0,0.005,0,0,0,0,0
430,2,100,0,0,0,0,0.005,0,0,0,0,0
430,1,100,0,0,0,0,0.005,0,0,0,0,0
431,2,100,0,0,0,0,0.005,0,0,0,0,0
431,1,100,0,0,0,0,0.005,0,0,0,0,0
432,2,100,0,0,0,0,0.005,0,0,0,0,0
432,1,100,0,0,0,0,0.005,0,0,0,0,0
433,2,100,0,0,0,0,0.005,0,0,0,0,0
433,1,100,0,0,0,0,0.005,0,0,0,0,0
434,2,100,0,0,0,0,0.005,0,0,0,0,0
434,1,100,0,0,0,0,0.005,0,0,0,0,0
435,2,100,0,0,0,0,0.005,0,0,0,0,0
435,1,100,0,0,0,0,0.005,0,0,0,0,0
436,2,100,0,0,0,0,0.005,0,0,0,0,0
436,1,100,0,0,0,0,0.005,0,0,0,0,0
437,2,100,0,0,0,0,0.005,0,0,0,0,0
437,1,100,0,0,0,0,0.005,0,0,0,0,0
438,2,100,0,0,0,0,0.005,0,0,0,0,0
438,1,100,0,0,0,0,0.005,0,0,0,0,0
439,2,100,0,0,0,0,0.005,0,0,0,0,0
439,1,100,0,0,0,0,0.005,0,0,0,0,0
440,2,100,0,0,0,0,0.005,0,0,0,0,0
440,1,100,0,0,0,0,0.005,0,0,0,0,0
441,2,100,0,0,0,0,0.005,0,0,0,0,0
441,1,100,0,0,0,0,0.005,0,0,0,0,0
442,2,100,0,0,0,0,0.005,0,0,0,0,0
442,1,100,0,0,0,0,0.005,0,0,0,0,0
443,2,100,0,0,0,0,0.005,0,0,0,0,0
443,1,100,0,0,0,0,0.005,0,0,0,0,0
444,2,100,0,0,0,0,0.005,0,0,0,0,0
444,1,100,0,0,0,0,0.005,0,0,0,0,0
445,2,100,0,0,0,0,0.005,0,0,0,0,0
445,1,100,0,0,0,0,0.005,0,0,0,0,0
446,2,100,0,0,0,0,0.005,0,0,0,0,0
446,1,100,0,0,0,0,0.005,0,0,0,0,0
447,2,100,0,0,0,0,0.005,0,0,0,0,0
447,1,100,0,0,0,0,0.005,0,0,0,0,0
448,2,100,0,0,0,0,0.005,0,0,0,0,0
448,1,100,0,0,0,0,0.005,0,0,0,0,0
449,2,100,0,0,0,0,0.005,0,0,0,0,0
449,1,100,0,0,0,0,0.005,0,0,0,0,0
450,2,100,0,0,0,0,0.005,0,0,0,0,0
450,1,100,0,0,0,0,0.005,0,0,0,0,0
451,2,100,100,0,0,0,0.005,1,0,0,0,0
451,1,100,100,0,0,0,0.005,1,0,0,0,0
452,2,100,100,0,0,0,0.005,1,0,0,0,0
452,1,100,100,0,0,0,0.005,1,0,0,0,0
453,2,100,100,0,0,0,0.005,1,0,0,0,0
453,1,100,100,0,0,0,0.005,1,0,0,0,0
454,2,100,100,0,0,0,0.005,1,0,0,0,0
454,1,100,100,0,0,0,0.005,1,0,0,0,0
455,2,100,100,0,0,0,0.005,1,0,0,0,0
455,1,100,100,0,0,0,0.005,1,0,0,0,0
456,2,100,100,0,0,0,0.005,1,0,0,0,0
456,1,100,100,0,0,0,0.005,1,0,0,0,0
457,2,100,100,0,0.0144491,0,0.005,1,0,0,0,0
457,1,100,100,0,0.0141266,0,0.005,1,0,0,0,0
458,2,100,100,0,0.00595877,0,0.005,1,0,0,0,0
458,1,100,100,0,0.0058166,0,0.005,1,0,0,0,0
459,2,100,100,0,0.0268033,0,0.005,1,0,0,0,0
459,1,100,100,0,0.0262584,0,0.005,1,0,0,0,0
460,2,100,100,0,0.0062347,0,0.005,1,0,0,0,0
460,1,100,100,0,0.00613006,0,0.005,1,0,0,0,0
461,2,100,100,0,0.0196251,0,0.005,1,0,0,0,0
461,1,100,100,0,0.0192836,0,0.005,1,0,0,0,0
462,2,100,100,0,0.00359238,0,0.005,1,0,0,0,0
462,1,100,100,0,0.00353786,0,0.005,1,0,0,0,0
463,2,100,100,0,0.00951995,0,0.005,1,0,0,0,0
463,1,100,100,0,0.00935962,0,0.005,1,0,0,0,0
464,2,100,100,0,0.00153906,0,0.005,1,0,0,0,0
464,1,100,100,0,0.00151789,0,0.005,1,0,0,0,0
465,2,100,100,0,0.00373828,0,0.005,1,0,0,0,0
465,1,100,100,0,0.00369081,0,0.005,1,0,0,0,0
466,2,100,100,0,0.000569391,0,0.005,1,0,0,0,0
466,1,100,100,0,0.000557736,0,0.005,1,0,0,0,0
467,2,100,100,0,0.00133373,0,0.005,1,0,0,0,0
467,1,100,100,0,0.00128416,0,0.005,1,0,0,0,0
468,2,100,100,0,0.000193999,0,0.005,1,0,0,0,0
468,1,100,100,0,0.000187786,0,0.005,1,0,0,0,0
469,2,100,100,0,0.00043042,0,0.005,1,0,0,0,0
469,1,100,100,0,0.000427883,0,0.005,1,0,0,0,0
470,2,100,100,0,6.20416e-05,0,0.005,1,0,0,0,0
470,1,100,100,0,6.07491e-05,0,0.005,1,0,0,0,0
471,2,100,100,0,0.000134839,0,0.005,1,0,0,0,0
471,1,100,100,0,0.000136635,0,0.005,1,0,0,0,0
472,2,100,100,7.85387e-06,1.91761e-05,0.000489987,0.005,1,0,0,0,0
472,1,100,100,7.71473e-06,1.98116e-05,0.000481327,0.005,1,0,0,0,0
473,2,100,100,5.95783e-06,4.08859e-05,0.000370998,0.005,1,0,0,0,0
473,1,100,100,5.86453e-06,3.89889e-05,0.000365605,0.005,1,0,0,0,0
474,2,100,100,8.37993e-06,5.8635e-06,0.000521592,0.005,1,0,0,0,0
474,1,100,100,8.25013e-06,5.30178e-06,0.000514051,0.005,1,0,0,0,0
475,2,100,100,6.35251e-06,1.04999e-05,0.000395844,0.005,1,0,0,0,0
475,1,100,100,6.26151e-06,1.01935e-05,0.000390107,0.005,1,0,0,0,0
476,2,100,100,6.33637e-06,1.06722e-06,0.00039448,0.005,1,0,0,0,0
476,1,100,100,6.23306e-06,1.30856e-06,0.000387601,0.005,1,0,0,0,0
477,2,100,100,4.78369e-06,1.84106e-06,0.000297574,0.005,1,0,0,0,0
477,1,100,100,4.71339e-06,2.21299e-06,0.000293346,0.005,1,0,0,0,0
478,2,100,100,4.15128e-06,1.79345e-07,0.000257182,0.005,1,0,0,0,0
478,1,100,100,4.07613e-06,2.91043e-07,0.000252543,0.005,1,0,0,0,0
479,2,100,98,3.09033e-06,4.53482e-07,0.000191387,0.005,1,29,2,0,0
479,1,100,99,3.07576e-06,5.54494e-07,0.00019029,0.005,1,29,1,0,0
480,2,100,98,2.4907e-06,4.87388e-08,0.00015307,0.005,1,0,0,0,0
480,1,100,99,2.4723e-06,7.96135e-08,0.000152503,0.005,1,0,0,0,0
481,2,100,37,8.37401e-07,3e-08,5.13513e-05,0.005,1,31,61,0,0
481,1,100,43,7.08979e-07,2.41252e-07,4.35062e-05,0.005,1,31,56,0,0
482,2,100,37,6.54761e-07,4e-09,3.98348e-05,0.005,1,0,0,0,0
482,1,100,43,5.57858e-07,4.98993e-08,3.39868e-05,0.005,1,0,0,0,0
483,2,100,4,3.60538e-08,2.6e-08,2.14905e-06,0.005,1,33,33,0,0
483,1,100,5,4.08022e-08,4.7454e-08,2.41533e-06,0.005,1,32.9901,38,0,0
484,2,100,4,2.62426e-08,2e-09,1.5549e-06,0.005,1,0,0,0,0
484,1,100,5,2.99697e-08,0,1.76752e-06,0.005,1,0,0,0,0
485,2,100,2,4.32e-09,2.4e-08,2.62e-07,0.005,1,35,2,0,0
485,1,100,0,0,0,0,0.005,0,35,5,0,0
486,2,100,2,2.92e-09,4e-09,1.74e-07,0.005,1,0,0,0,0
486,1,100,0,0,0,0,0.005,0,0,0,0,0
487,2,100,0,0,0,0,0.005,0,36.6875,2,0,0
487,1,100,0,0,0,0,0.005,0,0,0,0,0
488,2,100,0,0,0,0,0.005,0,0,0,0,0
488,1,100,0,0,0,0,0.005,0,0,0,0,0
489,2,100,0,0,0,0,0.005,0,0,0,0,0
489,1,100,0,0,0,0,0.005,0,0,0,0,0
490,2,100,0,0,0,0,0.005,0,0,0,0,0
490,1,100,0,0,0,0,0.005,0,0,0,0,0
491,2,100,0,0,0,0,0.005,0,0,0,0,0
491,1,100,0,0,0,0,0.005,0,0,0,0,0
492,2,100,0,0,0,0,0.005,0,0,0,0,0
492,1,100,0,0,0,0,0.005,0,0,0,0,0
493,2,100,0,0,0,0,0.005,0,0,0,0,0
493,1,100,0,0,0,0,0.005,0,0,0,0,0
494,2,100,0,0,0,0,0.005,0,0,0,0,0
494,1,100,0,0,0,0,0.005,0,0,0,0,0
495,2,100,0,0,0,0,0.005,0,0,0,0,0
495,1,100,0,0,0,0,0.005,0,0,0,0,0
496,2,100,0,0,0,0,0.005,0,0,0,0,0
496,1,100,0,0,0,0,0.005,0,0,0,0,0
497,2,100,0,0,0,0,0.005,0,0,0,0,0
497,1,100,0,0,0,0,0.005,0,0,0,0,0
498,2,100,0,0,0,0,0.005,0,0,0,0,0
498,1,100,0,0,0,0,0.005,0,0,0,0,0
499,2,100,0,0,0,0,0.005,0,0,0,0,0
499,1,100,0,0,0,0,0.005,0,0,0,0,0
500,2,100,0,0,0,0,0.005,0,0,0,0,0
500,1,100,0,0,0,0,0.005,0,0,0,0,0
501,2,100,0,0,0,0,0.005,0,0,0,0,0
501,1,100,0,0,0,0,0.005,0,0,0,0,0
502,2,100,0,0,0,0,0.005,0,0,0,0,0
502,1,100,0,0,0,0,0.005,0,0,0,0,0
503,2,100,0,0,0,0,0.005,0,0,0,0,0
503,1,100,0,0,0,0,0.005,0,0,0,0,0
504,2,100,0,0,0,0,0.005,0,0,0,0,0
504,1,100,0,0,0,0,0.005,0,0,0,0,0
505,2,100,0,0,0,0,0.005,0,0,0,0,0
505,1,100,0,0,0,0,0.005,0,0,0,0,0
506,2,100,0,0,0,0,0.005,0,0,0,0,0
506,1,100,0,0,0,0,0.005,0,0,0,0,0
507,2,100,0,0,0,0,0.005,0,0,0,0,0
507,1,100,0,0,0,0,0.005,0,0,0,0,0
508,2,100,0,0,0,0,0.005,0,0,0,0,0
508,1,100,0,0,0,0,0.005,0,0,0,0,0
509,2,100,0,0,0,0,0.005,0,0,0,0,0
509,1,100,0,0,0,0,0.005,0,0,0,0,0
510,2,100,0,0,0,0,0.005,0,0,0,0,0
510,1,100,0,0,0,0,0.005,0,0,0,0,0
511,2,100,0,0,0,0,0.005,0,0,0,0,0
511,1,100,0,0,0,0,0.005,0,0,0,0,0
512,2,100,0,0,0,0,0.005,0,0,0,0,0
512,1,100,0,0,0,0,0.005,0,0,0,0,0
513,2,100,0,0,0,0,0.005,0,0,0,0,0
513,1,100,0,0,0,0,0.005,0,0,0,0,0
514,2,100,0,0,0,0,0.005,0,0,0,0,0
514,1,100,0,0,0,0,0.005,0,0,0,0,0
515,2,100,0,0,0,0,0.005,0,0,0,0,0
515,1,100,0,0,0,0,0.005,0,0,0,0,0
516,2,100,0,0,0,0,0.005,0,0,0,0,0
516,1,100,0,0,0,0,0.005,0,0,0,0,0
517,2,100,0,0,0,0,0.005,0,0,0,0,0
517,1,100,0,0,0,0,0.005,0,0,0,0,0
518,2,100,0,0,0,0,0.005,0,0,0,0,0
518,1,100,0,0,0,0,0.005,0,0,0,0,0
519,2,100,0,0,0,0,0.005,0,0,0,0,0
519,1,100,0,0,0,0,0.005,0,0,0,0,0
520,2,100,0,0,0,0,0.005,0,0,0,0,0
520,1,100,0,0,0,0,0.005,0,0,0,0,0
521,2,100,0,0,0,0,0.005,0,0,0,0,0
521,1,100,0,0,0,0,0.005,0,0,0,0,0
522,2,100,0,0,0,0,0.005,0,0,0,0,0
522,1,100,0,0,0,0,0.005,0,0,0,0,0
523,2,100,0,0,0,0,0.005,0,0,0,0,0
523,1,100,0,0,0,0,0.005,0,0,0,0,0
524,2,100,0,0,0,0,0.005,0,0,0,0,0
524,1,100,0,0,0,0,0.005,0,0,0,0,0
525,2,100,0,0,0,0,0.005,0,0,0,0,0
525,1,100,0,0,0,0,0.005,0,0,0,0,0
526,2,100,0,0,0,0,0.005,0,0,0,0,0
526,1,100,0,0,0,0,0.005,0,0,0,0,0
527,2,100,0,0,0,0,0.005,0,0,0,0,0
527,1,100,0,0,0,0,0.005,0,0,0,0,0
528,2,100,0,0,0,0,0.005,0,0,0,0,0
528,1,100,0,0,0,0,0.005,0,0,0,0,0
529,2,100,0,0,0,0,0.005,0,0,0,0,0
529,1,100,0,0,0,0,0.005,0,0,0,0,0
530,2,100,0,0,0,0,0.005,0,0,0,0,0
530,1,100,0,0,0,0,0.005,0,0,0,0,0
531,2,100,0,0,0,0,0.005,0,0,0,0,0
531,1,100,0,0,0,0,0.005,0,0,0,0,0
532,2,100,0,0,0,0,0.005,0,0,0,0,0
532,1,100,0,0,0,0,0.005,0,0,0,0,0
533,2,100,0,0,0,0,0.005,0,0,0,0,0
533,1,100,0,0,0,0,0.005,0,0,0,0,0
534,2,100,0,0,0,0,0.005,0,0,0,0,0
534,1,100,0,0,0,0,0.005,0,0,0,0,0
535,2,100,0,0,0,0,0.005,0,0,0,0,0
535,1,100,0,0,0,0,0.005,0,0,0,0,0
536,2,100,0,0,0,0,0.005,0,0,0,0,0
536,1,100,0,0,0,0,0.005,0,0,0,0,0
537,2,100,0,0,0,0,0.005,0,0,0,0,0
537,1,100,0,0,0,0,0.005,0,0,0,0,0
538,2,100,0,0,0,0,0.005,0,0,0,0,0
538,1,100,0,0,0,0,0.005,0,0,0,0,0
539,2,100,0,0,0,0,0.005,0,0,0,0,0
539,1,100,0,0,0,0,0.005,0,0,0,0,0
540,2,100,0,0,0,0,0.005,0,0,0,0,0
540,1,100,0,0,0,0,0.005,0,0,0,0,0
541,2,100,0,0,0,0,0.005,0,0,0,0,0
541,1,100,0,0,0,0,0.005,0,0,0,0,0
542,2,100,0,0,0,0,0.005,0,0,0,0,0
542,1,100,0,0,0,0,0.005,0,0,0,0,0
543,2,100,0,0,0,0,0.005,0,0,0,0,0
543,1,100,0,0,0,0,0.005,0,0,0,0,0
544,2,100,0,0,0,0,0.005,0,0,0,0,0
544,1,100,0,0,0,0,0.005,0,0,0,0,0
545,2,100,0,0,0,0,0.005,0,0,0,0,0
545,1,100,0,0,0,0,0.005,0,0,0,0,0
546,2,100,0,0,0,0,0.005,0,0,0,0,0
546,1,100,0,0,0,0,0.005,0,0,0,0,0
547,2,100,0,0,0,0,0.005,0,0,0,0,0
547,1,100,0,0,0,0,0.005,0,0,0,0,0
548,2,100,0,0,0,0,0.005,0,0,0,0,0
548,1,100,0,0,0,0,0.005,0,0,0,0,0
549,2,100,0,0,0,0,0.005,0,0,0,0,0
549,1,100,0,0,0,0,0.005,0,0,0,0,0
550,2,100,0,0,0,0,0.005,0,0,0,0,0
550,1,100,0,0,0,0,0.005,0,0,0,0,0
551,2,100,0,0,0,0,0.005,0,0,0,0,0
551,1,100,0,0,0,0,0.005,0,0,0,0,0
552,2,100,0,0,0,0,0.005,0,0,0,0,0
552,1,100,0,0,0,0,0.005,0,0,0,0,0
553,2,100,0,0,0,0,0.005,0,0,0,0,0
553,1,100,0,0,0,0,0.005,0,0,0,0,0
554,2,100,0,0,0,0,0.005,0,0,0,0,0
554,1,100,0,0,0,0,0.005,0,0,0,0,0
555,2,100,0,0,0,0,0.005,0,0,0,0,0
555,1,100,0,0,0,0,0.005,0,0,0,0,0
556,2,100,0,0,0,0,0.005,0,0,0,0,0
556,1,100,0,0,0,0,0.005,0,0,0,0,0
557,2,100,0,0,0,0,0.005,0,0,0,0,0
557,1,100,0,0,0,0,0.005,0,0,0,0,0
558,2,100,0,0,0,0,0.005,0,0,0,0,0
558,1,100,0,0,0,0,0.005,0,0,0,0,0
559,2,100,0,0,0,0,0.005,0,0,0,0,0
559,1,100,0,0,0,0,0.005,0,0,0,0,0
560,2,100,0,0,0,0,0.005,0,0,0,0,0
560,1,100,0,0,0,0,0.005,0,0,0,0,0
561,2,100,0,0,0,0,0.005,0,0,0,0,0
561,1,100,0,0,0,0,0.005,0,0,0,0,0
562,2,100,0,0,0,0,0.005,0,0,0,0,0
562,1,100,0,0,0,0,0.005,0,0,0,0,0
563,2,100,0,0,0,0,0.005,0,0,0,0,0
563,1,100,0,0,0,0,0.005,0,0,0,0,0
564,2,100,0,0,0,0,0.005,0,0,0,0,0
564,1,100,0,0,0,0,0.005,0,0,0,0,0
565,2,100,0,0,0,0,0.005,0,0,0,0,0
565,1,100,0,0,0,0,0.005,0,0,0,0,0
566,2,100,0,0,0,0,0.005,0,0,0,0,0
566,1,100,0,0,0,0,0.005,0,0,0,0,0
567,2,100,0,0,0,0,0.005,0,0,0,0,0
567,1,100,0,0,0,0,0.005,0,0,0,0,0
568,2,100,0,0,0,0,0.005,0,0,0,0,0
568,1,100,0,0,0,0,0.005,0,0,0,0,0
569,2,100,0,0,0,0,0.005,0,0,0,0,0
569,1,100,0,0,0,0,0.005,0,0,0,0,0
570,2,100,0,0,0,0,0.005,0,0,0,0,0
570,1,100,0,0,0,0,0.005,0,0,0,0,0
571,2,100,0,0,0,0,0.005,0,0,0,0,0
571,1,100,0,0,0,0,0.005,0,0,0,0,0
572,2,100,0,0,0,0,0.005,0,0,0,0,0
572,1,100,0,0,0,0,0.005,0,0,0,0,0
573,2,100,0,0,0,0,0.005,0,0,0,0,0
573,1,100,0,0,0,0,0.005,0,0,0,0,0
574,2,100,0,0,0,0,0.005,0,0,0,0,0
574,1,100,0,0,0,0,0.005,0,0,0,0,0
575,2,100,0,0,0,0,0.005,0,0,0,0,0
575,1,100,0,0,0,0,0.005,0,0,0,0,0
576,2,100,0,0,0,0,0.005,0,0,0,0,0
576,1,100,0,0,0,0,0.005,0,0,0,0,0
577,2,100,0,0,0,0,0.005,0,0,0,0,0
577,1,100,0,0,0,0,0.005,0,0,0,0,0
578,2,100,0,0,0,0,0.005,0,0,0,0,0
578,1,100,0,0,0,0,0.005,0,0,0,0,0
579,2,100,0,0,0,0,0.005,0,0,0,0,0
579,1,100,0,0,0,0,0.005,0,0,0,0,0
580,2,100,0,0,0,0,0.005,0,0,0,0,0
580,1,100,0,0,0,0,0.005,0,0,0,0,0
581,2,100,0,0,0,0,0.005,0,0,0,0,0
581,1,100,0,0,0,0,0.005,0,0,0,0,0
582,2,100,0,0,0,0,0.005,0,0,0,0,0
582,1,100,0,0,0,0,0.005,0,0,0,0,0
583,2,100,0,0,0,0,0.005,0,0,0,0,0
583,1,100,0,0,0,0,0.005,0,0,0,0,0
584,2,100,0,0,0,0,0.005,0,0,0,0,0
584,1,100,0,0,0,0,0.005,0,0,0,0,0
585,2,100,0,0,0,0,0.005,0,0,0,0,0
585,1,100,0,0,0,0,0.005,0,0,0,0,0
586,2,100,0,0,0,0,0.005,0,0,0,0,0
586,1,100,0,0,0,0,0.005,0,0,0,0,0
587,2,100,0,0,0,0,0.005,0,0,0,0,0
587,1,100,0,0,0,0,0.005,0,0,0,0,0
588,2,100,0,0,0,0,0.005,0,0,0,0,0
588,1,100,0,0,0,0,0.005,0,0,0,0,0
589,2,100,0,0,0,0,0.005,0,0,0,0,0
589,1,100,0,0,0,0,0.005,0,0,0,0,0
590,2,100,0,0,0,0,0.005,0,0,0,0,0
590,1,100,0,0,0,0,0.005,0,0,0,0,0
591,2,100,0,0,0,0,0.005,0,0,0,0,0
591,1,100,0,0,0,0,0.005,0,0,0,0,0
592,2,100,0,0,0,0,0.005,0,0,0,0,0
592,1,100,0,0,0,0,0.005,0,0,0,0,0
593,2,100,0,0,0,0,0.005,0,0,0,0,0
593,1,100,0,0,0,0,0.005,0,0,0,0,0
594,2,100,0,0,0,0,0.005,0,0,0,0,0
594,1,100,0,0,0,0,0.005,0,0,0,0,0
595,2,100,0,0,0,0,0.005,0,0,0,0,0
595,1,100,0,0,0,0,0.005,0,0,0,0,0
596,2,100,0,0,0,0,0.005,0,0,0,0,0
596,1,100,0,0,0,0,0.005,0,0,0,0,0
597,2,100,0,0,0,0,0.005,0,0,0,0,0
597,1,100,0,0,0,0,0.005,0,0,0,0,0
598,2,100,0,0,0,0,0.005,0,0,0,0,0
598,1,100,0,0,0,0,0.005,0,0,0,0,0
599,2,100,0,0,0,0,0.005,0,0,0,0,0
599,1,100,0,0,0,0,0.005,0,0,0,0,0
600,2,100,0,0,0,0,0.005,0,0,0,0,0
600,1,100,0,0,0,0,0.005,0,0,0,0,0
601,2,100,100,0,0,0,0.005,1,0,0,0,0
601,1,100,100,0,0,0,0.005,1,0,0,0,0
602,2,100,100,0,0,0,0.005,1,0,0,0,0
602,1,100,100,0,0,0,0.005,1,0,0,0,0
603,2,100,100,0,0,0,0.005,1,0,0,0,0
603,1,100,100,0,0,0,0.005,1,0,0,0,0
604,2,100,100,0,0,0,0.005,1,0,0,0,0
604,1,100,100,0,0,0,0.005,1,0,0,0,0
605,2,100,100,0,0,0,0.005,1,0,0,0,0
605,1,100,100,0,0,0,0.005,1,0,0,0,0
606,2,100,100,0,0,0,0.005,1,0,0,0,0
606,1,100,100,0,0,0,0.005,1,0,0,0,0
607,2,100,100,0,0.0144606,0,0.005,1,0,0,0,0
607,1,100,100,0,0.0141372,0,0.005,1,0,0,0,0
608,2,100,100,0,0.00763608,0,0.005,1,0,0,0,0
608,1,100,100,0,0.00747598,0,0.005,1,0,0,0,0
609,2,100,100,0,0.0584946,0,0.005,1,0,0,0,0
609,1,100,100,0,0.0572008,0,0.005,1,0,0,0,0
610,2,100,100,0,0.0280808,0,0.005,1,0,0,0,0
610,1,100,100,0,0.027464,0,0.005,1,0,0,0,0
611,2,100,100,0,0.209513,0,0.005,1,0,0,0,0
611,1,100,100,0,0.204801,0,0.005,1,0,0,0,0
612,2,100,100,0,0.100216,0,0.005,1,0,0,0,0
612,1,100,100,0,0.097996,0,0.005,1,0,0,0,0
613,2,100,100,0,0.744551,0,0.005,1,0,0,0,0
613,1,100,100,0,0.728704,0,0.005,1,0,0,0,0
614,2,100,100,0,0.353988,0,0.005,1,0,0,0,0
614,1,100,100,0,0.34638,0,0.005,1,0,0,0,0
615,2,100,100,0,2.61246,0,0.005,1,0,0,0,0
615,1,100,100,0,2.55424,0,0.005,1,0,0,0,0
616,2,100,100,0,1.23042,0,0.005,1,0,0,0,0
616,1,100,100,0,1.20168,0,0.005,1,0,0,0,0
617,2,100,100,0,8.91437,0,0.005,1,0,0,0,0
617,1,100,100,0,8.69864,0,0.005,1,0,0,0,0
618,2,100,100,0,3.9224,0,0.005,1,0,0,0,0
618,1,100,100,0,3.84532,0,0.005,1,0,0,0,0
619,2,100,100,0,23.9205,0,0.005,1,0,0,0,0
619,1,100,100,0,23.6573,0,0.005,1,0,0,0,0
620,2,100,100,0,8.31053,0,0.005,1,0,0,0,0
620,1,100,100,0,8.22002,0,0.005,1,0,0,0,0
621,2,100,100,0,38.1793,0,0.005,1,0,0,0,0
621,1,100,100,0,37.6427,0,0.005,1,0,0,0,0
622,2,100,100,7.05158e-05,9.64716,0.00468588,0.005,1,0,0,0,0
622,1,100,100,6.89448e-05,9.46615,0.00458031,0.005,1,0,0,0,0
623,2,100,100,5.64123e-05,32.9955,0.00354741,0.005,1,0,0,0,0
623,1,100,100,5.52767e-05,32.252,0.00347413,0.005,1,0,0,0,0
624,2,100,100,0.000295922,6.45523,0.0193575,0.005,1,0,0,0,0
624,1,100,100,0.00028968,6.29265,0.0189425,0.005,1,0,0,0,0
625,2,100,100,0.000233675,18.0299,0.0146735,0.005,1,0,0,0,0
625,1,100,100,0.000228628,17.5434,0.014357,0.005,1,0,0,0,0
626,2,100,100,0.00108778,3.03239,0.0696686,0.005,1,0,0,0,0
626,1,100,100,0.00106406,2.94675,0.0681281,0.005,1,0,0,0,0
627,2,100,100,0.00084243,7.57971,0.0528168,0.005,1,0,0,0,0
627,1,100,100,0.000823813,7.35808,0.0516405,0.005,1,0,0,0,0
628,2,100,100,0.00379936,1.17578,0.240529,0.005,1,0,0,0,0
628,1,100,100,0.00370893,1.14064,0.234747,0.005,1,0,0,0,0
629,2,100,100,0.00290768,2.77206,0.182338,0.005,1,0,0,0,0
629,1,100,100,0.00283816,2.6883,0.177944,0.005,1,0,0,0,0
630,2,100,100,0.010924,0.412337,0.690456,0.005,1,0,0,0,0
630,1,100,100,0.0107728,0.399754,0.680777,0.005,1,0,0,0,0
631,2,100,100,0.00832368,0.943005,0.523387,0.005,1,0,0,0,0
631,1,100,100,0.00820763,0.914538,0.51605,0.005,1,0,0,0,0
632,2,100,100,0.0207334,0.137231,1.31254,0.005,1,0,0,0,0
632,1,100,100,0.0204533,0.13307,1.29463,0.005,1,0,0,0,0
633,2,100,100,0.0157801,0.309176,0.994903,0.005,1,0,0,0,0
633,1,100,100,0.015567,0.299608,0.981421,0.005,1,0,0,0,0
634,2,100,100,0.0248461,0.0444862,1.57377,0.005,1,0,0,0,0
634,1,100,100,0.0244031,0.0431189,1.54538,0.005,1,0,0,0,0
635,2,100,100,0.018901,0.099447,1.19295,0.005,1,0,0,0,0
635,1,100,100,0.0185644,0.0963154,1.17151,0.005,1,0,0,0,0
636,2,100,100,0.0215499,0.0142406,1.36221,0.005,1,0,0,0,0
636,1,100,100,0.0211051,0.0137817,1.33373,0.005,1,0,0,0,0
637,2,100,100,0.0163822,0.0317135,1.03259,0.005,1,0,0,0,0
637,1,100,100,0.0160438,0.0306725,1.01108,0.005,1,0,0,0,0
638,2,100,100,0.0155155,0.00452187,0.977643,0.005,1,0,0,0,0
638,1,100,100,0.015169,0.00438395,0.955616,0.005,1,0,0,0,0
639,2,100,100,0.0117856,0.0100642,0.741141,0.005,1,0,0,0,0
639,1,100,100,0.0115212,0.00972341,0.724419,0.005,1,0,0,0,0
640,2,100,100,0.0100833,0.00143073,0.633533,0.005,1,0,0,0,0
640,1,100,100,0.00984817,0.00138746,0.618718,0.005,1,0,0,0,0
641,2,100,100,0.00765327,0.00317445,0.480262,0.005,1,0,0,0,0
641,1,100,100,0.0074745,0.00306184,0.468994,0.005,1,0,0,0,0
642,2,100,100,0.00619609,0.000451665,0.388522,0.005,1,0,0,0,0
642,1,100,100,0.0060478,0.000436156,0.379195,0.005,1,0,0,0,0
643,2,100,100,0.00470025,0.000995053,0.294502,0.005,1,0,0,0,0
643,1,100,100,0.00458794,0.000959759,0.287445,0.005,1,0,0,0,0
644,2,100,100,0.00369276,0.000141872,0.231268,0.005,1,0,0,0,0
644,1,100,100,0.00360421,0.000136193,0.225687,0.005,1,0,0,0,0
645,2,100,100,0.00280053,0.000312864,0.1753,0.005,1,0,0,0,0
645,1,100,100,0.00273333,0.000295409,0.171078,0.005,1,0,0,0,0
646,2,100,100,0.002165,4.43268e-05,0.135482,0.005,1,0,0,0,0
646,1,100,100,0.00211237,4.20622e-05,0.132177,0.005,1,0,0,0,0
647,2,100,100,0.00164194,9.46677e-05,0.102716,0.005,1,0,0,0,0
647,1,100,100,0.00160156,9.05408e-05,0.10019,0.005,1,0,0,0,0
648,2,100,100,0.0012582,1.36153e-05,0.0786907,0.005,1,0,0,0,0
648,1,100,100,0.00122696,1.26846e-05,0.0767396,0.005,1,0,0,0,0
649,2,100,100,0.0009541,2.80229e-05,0.059658,0.005,1,0,0,0,0
649,1,100,100,0.00093023,2.51168e-05,0.0581749,0.005,1,0,0,0,0
650,2,100,100,0.000727575,3.75749e-06,0.0454875,0.005,1,0,0,0,0
650,1,100,100,0.000709335,3.35614e-06,0.0443577,0.005,1,0,0,0,0
651,2,100,100,0.000551708,6.42406e-06,0.0344885,0.005,1,0,0,0,0
651,1,100,100,0.000537649,6.8984e-06,0.0336196,0.005,1,0,0,0,0
652,2,100,100,0.000419333,7.87938e-07,0.026212,0.005,1,0,0,0,0
652,1,100,100,0.000408848,8.85638e-07,0.0255603,0.005,1,0,0,0,0
653,2,100,96,0.000309492,1.41172e-06,0.0193417,0.005,1,53,4,0,0
653,1,100,92,0.000290871,1.44954e-06,0.0181831,0.005,1,53,8,0,0
654,2,100,96,0.00023505,1.83099e-07,0.0146873,0.005,1,0,0,0,0
654,1,100,92,0.000220783,2.08928e-07,0.0138019,0.005,1,0,0,0,0
655,2,100,78,0.000153562,2.77262e-07,0.00959452,0.005,1,54.9583,18,0,0
655,1,100,79,0.000150416,3.12271e-07,0.00940217,0.005,1,55,13,0,0
656,2,100,78,0.000116468,3.97277e-08,0.00727543,0.005,1,0,0,0,0
656,1,100,79,0.000114124,4.29694e-08,0.00713102,0.005,1,0,0,0,0
657,2,100,47,5.61786e-05,2.66398e-08,0.00350812,0.005,1,57,31,0,0
657,1,100,48,5.45566e-05,2.4e-08,0.00340934,0.005,1,56.9879,31,0,0
658,2,100,47,4.26599e-05,0,0.00266288,0.005,1,0,0,0,0
658,1,100,48,4.13764e-05,2e-09,0.00258604,0.005,1,0,0,0,0
659,2,100,9,6.69276e-06,0,0.000417601,0.005,1,59,38,0,0
659,1,100,9,6.66455e-06,0,0.00041674,0.005,1,59,39,0,0
660,2,100,9,5.07162e-06,0,0.000316335,0.005,1,0,0,0,0
660,1,100,9,5.05754e-06,0,0.000316306,0.005,1,0,0,0,0
661,2,100,0,0,0,0,0.005,0,61,9,0,0
661,1,100,1,4.08112e-07,0,2.576e-05,0.005,1,61,8,0,0
662,2,100,0,0,0,0,0.005,0,0,0,0,0
662,1,100,1,3.09355e-07,0,1.9448e-05,0.005,1,0,0,0,0
663,2,100,0,0,0,0,0.005,0,0,0,0,0
663,1,100,0,0,0,0,0.005,0,63,1,0,0
664,2,100,0,0,0,0,0.005,0,0,0,0,0
664,1,100,0,0,0,0,0.005,0,0,0,0,0
665,2,100,0,0,0,0,0.005,0,0,0,0,0
665,1,100,0,0,0,0,0.005,0,0,0,0,0
666,2,100,0,0,0,0,0.005,0,0,0,0,0
666,1,100,0,0,0,0,0.005,0,0,0,0,0
667,2,100,0,0,0,0,0.005,0,0,0,0,0
667,1,100,0,0,0,0,0.005,0,0,0,0,0
668,2,100,0,0,0,0,0.005,0,0,0,0,0
668,1,100,0,0,0,0,0.005,0,0,0,0,0
669,2,100,0,0,0,0,0.005,0,0,0,0,0
669,1,100,0,0,0,0,0.005,0,0,0,0,0
670,2,100,0,0,0,0,0.005,0,0,0,0,0
670,1,100,0,0,0,0,0.005,0,0,0,0,0
671,2,100,0,0,0,0,0.005,0,0,0,0,0
671,1,100,0,0,0,0,0.005,0,0,0,0,0
672,2,100,0,0,0,0,0.005,0,0,0,0,0
672,1,100,0,0,0,0,0.005,0,0,0,0,0
673,2,100,0,0,0,0,0.005,0,0,0,0,0
673,1,100,0,0,0,0,0.005,0,0,0,0,0
674,2,100,0,0,0,0,0.005,0,0,0,0,0
674,1,100,0,0,0,0,0.005,0,0,0,0,0
675,2,100,0,0,0,0,0.005,0,0,0,0,0
675,1,100,0,0,0,0,0.005,0,0,0,0,0
676,2,100,0,0,0,0,0.005,0,0,0,0,0
676,1,100,0,0,0,0,0.005,0,0,0,0,0
677,2,100,0,0,0,0,0.005,0,0,0,0,0
677,1,100,0,0,0,0,0.005,0,0,0,0,0
678,2,100,0,0,0,0,0.005,0,0,0,0,0
678,1,100,0,0,0,0,0.005,0,0,0,0,0
679,2,100,0,0,0,0,0.005,0,0,0,0,0
679,1,100,0,0,0,0,0.005,0,0,0,0,0
680,2,100,0,0,0,0,0.005,0,0,0,0,0
680,1,100,0,0,0,0,0.005,0,0,0,0,0
681,2,100,0,0,0,0,0.005,0,0,0,0,0
681,1,100,0,0,0,0,0.005,0,0,0,0,0
682,2,100,0,0,0,0,0.005,0,0,0,0,0
682,1,100,0,0,0,0,0.005,0,0,0,0,0
683,2,100,0,0,0,0,0.005,0,0,0,0,0
683,1,100,0,0,0,0,0.005,0,0,0,0,0
684,2,100,0,0,0,0,0.005,0,0,0,0,0
684,1,100,0,0,0,0,0.005,0,0,0,0,0
685,2,100,0,0,0,0,0.005,0,0,0,0,0
685,1,100,0,0,0,0,0.005,0,0,0,0,0
686,2,100,0,0,0,0,0.005,0,0,0,0,0
686,1,100,0,0,0,0,0.005,0,0,0,0,0
687,2,100,0,0,0,0,0.005,0,0,0,0,0
687,1,100,0,0,0,0,0.005,0,0,0,0,0
688,2,100,0,0,0,0,0.005,0,0,0,0,0
688,1,100,0,0,0,0,0.005,0,0,0,0,0
689,2,100,0,0,0,0,0.005,0,0,0,0,0
689,1,100,0,0,0,0,0.005,0,0,0,0,0
690,2,100,0,0,0,0,0.005,0,0,0,0,0
690,1,100,0,0,0,0,0.005,0,0,0,0,0
691,2,100,0,0,0,0,0.005,0,0,0,0,0
691,1,100,0,0,0,0,0.005,0,0,0,0,0
692,2,100,0,0,0,0,0.005,0,0,0,0,0
692,1,100,0,0,0,0,0.005,0,0,0,0,0
693,2,100,0,0,0,0,0.005,0,0,0,0,0
693,1,100,0,0,0,0,0.005,0,0,0,0,0
694,2,100,0,0,0,0,0.005,0,0,0,0,0
694,1,100,0,0,0,0,0.005,0,0,0,0,0
695,2,100,0,0,0,0,0.005,0,0,0,0,0
695,1,100,0,0,0,0,0.005,0,0,0,0,0
696,2,100,0,0,0,0,0.005,0,0,0,0,0
696,1,100,0,0,0,0,0.005,0,0,0,0,0
697,2,100,0,0,0,0,0.005,0,0,0,0,0
697,1,100,0,0,0,0,0.005,0,0,0,0,0
698,2,100,0,0,0,0,0.005,0,0,0,0,0
698,1,100,0,0,0,0,0.005,0,0,0,0,0
699,2,100,0,0,0,0,0.005,0,0,0,0,0
699,1,100,0,0,0,0,0.005,0,0,0,0,0
700,2,100,0,0,0,0,0.005,0,0,0,0,0
700,1,100,0,0,0,0,0.005,0,0,0,0,0
701,2,100,0,0,0,0,0.005,0,0,0,0,0
701,1,100,0,0,0,0,0.005,0,0,0,0,0
702,2,100,0,0,0,0,0.005,0,0,0,0,0
702,1,100,0,0,0,0,0.005,0,0,0,0,0
703,2,100,0,0,0,0,0.005,0,0,0,0,0
703,1,100,0,0,0,0,0.005,0,0,0,0,0
704,2,100,0,0,0,0,0.005,0,0,0,0,0
704,1,100,0,0,0,0,0.005,0,0,0,0,0
705,2,100,0,0,0,0,0.005,0,0,0,0,0
705,1,100,0,0,0,0,0.005,0,0,0,0,0
706,2,100,0,0,0,0,0.005,0,0,0,0,0
706,1,100,0,0,0,0,0.005,0,0,0,0,0
707,2,100,0,0,0,0,0.005,0,0,0,0,0
707,1,100,0,0,0,0,0.005,0,0,0,0,0
708,2,100,0,0,0,0,0.005,0,0,0,0,0
708,1,100,0,0,0,0,0.005,0,0,0,0,0
709,2,100,0,0,0,0,0.005,0,0,0,0,0
709,1,100,0,0,0,0,0.005,0,0,0,0,0
710,2,100,0,0,0,0,0.005,0,0,0,0,0
710,1,100,0,0,0,0,0.005,0,0,0,0,0
711,2,100,0,0,0,0,0.005,0,0,0,0,0
711,1,100,0,0,0,0,0.005,0,0,0,0,0
712,2,100,0,0,0,0,0.005,0,0,0,0,0
712,1,100,0,0,0,0,0.005,0,0,0,0,0
713,2,100,0,0,0,0,0.005,0,0,0,0,0
713,1,100,0,0,0,0,0.005,0,0,0,0,0
714,2,100,0,0,0,0,0.005,0,0,0,0,0
714,1,100,0,0,0,0,0.005,0,0,0,0,0
715,2,100,0,0,0,0,0.005,0,0,0,0,0
715,1,100,0,0,0,0,0.005,0,0,0,0,0
716,2,100,0,0,0,0,0.005,0,0,0,0,0
716,1,100,0,0,0,0,0.005,0,0,0,0,0
717,2,100,0,0,0,0,0.005,0,0,0,0,0
717,1,100,0,0,0,0,0.005,0,0,0,0,0
718,2,100,0,0,0,0,0.005,0,0,0,0,0
718,1,100,0,0,0,0,0.005,0,0,0,0,0
719,2,100,0,0,0,0,0.005,0,0,0,0,0
719,1,100,0,0,0,0,0.005,0,0,0,0,0
720,2,100,0,0,0,0,0.005,0,0,0,0,0
720,1,100,0,0,0,0,0.005,0,0,0,0,0
721,2,100,0,0,0,0,0.005,0,0,0,0,0
721,1,100,0,0,0,0,0.005,0,0,0,0,0
722,2,100,0,0,0,0,0.005,0,0,0,0,0
722,1,100,0,0,0,0,0.005,0,0,0,0,0
723,2,100,0,0,0,0,0.005,0,0,0,0,0
723,1,100,0,0,0,0,0.005,0,0,0,0,0
724,2,100,0,0,0,0,0.005,0,0,0,0,0
724,1,100,0,0,0,0,0.005,0,0,0,0,0
725,2,100,0,0,0,0,0.005,0,0,0,0,0
725,1,100,0,0,0,0,0.005,0,0,0,0,0
726,2,100,0,0,0,0,0.005,0,0,0,0,0
726,1,100,0,0,0,0,0.005,0,0,0,0,0
727,2,100,0,0,0,0,0.005,0,0,0,0,0
727,1,100,0,0,0,0,0.005,0,0,0,0,0
728,2,100,0,0,0,0,0.005,0,0,0,0,0
728,1,100,0,0,0,0,0.005,0,0,0,0,0
729,2,100,0,0,0,0,0.005,0,0,0,0,0
729,1,100,0,0,0,0,0.005,0,0,0,0,0
730,2,100,0,0,0,0,0.005,0,0,0,0,0
730,1,100,0,0,0,0,0.005,0,0,0,0,0
731,2,100,0,0,0,0,0.005,0,0,0,0,0
731,1,100,0,0,0,0,0.005,0,0,0,0,0
732,2,100,0,0,0,0,0.005,0,0,0,0,0
732,1,100,0,0,0,0,0.005,0,0,0,0,0
733,2,100,0,0,0,0,0.005,0,0,0,0,0
733,1,100,0,0,0,0,0.005,0,0,0,0,0
734,2,100,0,0,0,0,0.005,0,0,0,0,0
734,1,100,0,0,0,0,0.005,0,0,0,0,0
735,2,100,0,0,0,0,0.005,0,0,0,0,0
735,1,100,0,0,0,0,0.005,0,0,0,0,0
736,2,100,0,0,0,0,0.005,0,0,0,0,0
736,1,100,0,0,0,0,0.005,0,0,0,0,0
737,2,100,0,0,0,0,0.005,0,0,0,0,0
737,1,100,0,0,0,0,0.005,0,0,0,0,0
738,2,100,0,0,0,0,0.005,0,0,0,0,0
738,1,100,0,0,0,0,0.005,0,0,0,0,0
739,2,100,0,0,0,0,0.005,0,0,0,0,0
739,1,100,0,0,0,0,0.005,0,0,0,0,0
740,2,100,0,0,0,0,0.005,0,0,0,0,0
740,1,100,0,0,0,0,0.005,0,0,0,0,0
741,2,100,0,0,0,0,0.005,0,0,0,0,0
741,1,100,0,0,0,0,0.005,0,0,0,0,0
742,2,100,0,0,0,0,0.005,0,0,0,0,0
742,1,100,0,0,0,0,0.005,0,0,0,0,0
743,2,100,0,0,0,0,0.005,0,0,0,0,0
743,1,100,0,0,0,0,0.005,0,0,0,0,0
744,2,100,0,0,0,0,0.005,0,0,0,0,0
744,1,100,0,0,0,0,0.005,0,0,0,0,0
745,2,100,0,0,0,0,0.005,0,0,0,0,0
745,1,100,0,0,0,0,0.005,0,0,0,0,0
746,2,100,0,0,0,0,0.005,0,0,0,0,0
746,1,100,0,0,0,0,0.005,0,0,0,0,0
747,2,100,0,0,0,0,0.005,0,0,0,0,0
747,1,100,0,0,0,0,0.005,0,0,0,0,0
748,2,100,0,0,0,0,0.005,0,0,0,0,0
748,1,100,0,0,0,0,0.005,0,0,0,0,0
749,2,100,0,0,0,0,0.005,0,0,0,0,0
749,1,100,0,0,0,0,0.005,0,0,0,0,0
750,2,100,0,0,0,0,0.005,0,0,0,0,0
750,1,100,0,0,0,0,0.005,0,0,0,0,0
751,2,100,100,0,0,0,0.005,1,0,0,0,0
751,1,100,100,0,0,0,0.005,1,0,0,0,0
752,2,100,100,0,0,0,0.005,1,0,0,0,0
752,1,100,100,0,0,0,0.005,1,0,0,0,0
753,2,100,100,0,0,0,0.005,1,0,0,0,0
753,1,100,100,0,0,0,0.005,1,0,0,0,0
754,2,100,100,0,0,0,0.005,1,0,0,0,0
754,1,100,100,0,0,0,0.005,1,0,0,0,0
755,2,100,100,0,0,0,0.005,1,0,0,0,0
755,1,100,100,0,0,0,0.005,1,0,0,0,0
756,2,100,100,0,0,0,0.005,1,0,0,0,0
756,1,100,100,0,0,0,0.005,1,0,0,0,0
757,2,100,100,0,0.0144503,0,0.005,1,0,0,0,0
757,1,100,100,0,0.0141264,0,0.005,1,0,0,0,0
758,2,100,100,0,0.00595983,0,0.005,1,0,0,0,0
758,1,100,100,0,0.00583152,0,0.005,1,0,0,0,0
759,2,100,100,0,0.0269701,0,0.005,1,0,0,0,0
759,1,100,100,0,0.0263112,0,0.005,1,0,0,0,0
760,2,100,100,0,0.0062933,0,0.005,1,0,0,0,0
760,1,100,100,0,0.00612545,0,0.005,1,0,0,0,0
761,2,100,100,0,0.0199617,0,0.005,1,0,0,0,0
761,1,100,100,0,0.0193324,0,0.005,1,0,0,0,0
762,2,100,100,0,0.00369577,0,0.005,1,0,0,0,0
762,1,100,100,0,0.00352602,0,0.005,1,0,0,0,0
763,2,100,100,0,0.0101442,0,0.005,1,0,0,0,0
763,1,100,100,0,0.0093834,0,0.005,1,0,0,0,0
764,2,100,100,0,0.00180328,0,0.005,1,0,0,0,0
764,1,100,100,0,0.00151853,0,0.005,1,0,0,0,0
765,2,100,100,0,0.00558264,0,0.005,1,0,0,0,0
765,1,100,100,0,0.0036778,0,0.005,1,0,0,0,0
766,2,100,100,0,0.00143448,0,0.005,1,0,0,0,0
766,1,100,100,0,0.000558618,0,0.005,1,0,0,0,0
767,2,100,100,0,0.00758955,0,0.005,1,0,0,0,0
767,1,100,100,0,0.00129157,0,0.005,1,0,0,0,0
768,2,100,100,0,0.00309633,0,0.005,1,0,0,0,0
768,1,100,100,0,0.000192106,0,0.005,1,0,0,0,0
769,2,100,100,0,0.0198179,0,0.005,1,0,0,0,0
769,1,100,100,0,0.000435681,0,0.005,1,0,0,0,0
770,2,100,100,0,0.00671116,0,0.005,1,0,0,0,0
770,1,100,100,0,6.20444e-05,0,0.005,1,0,0,0,0
771,2,100,100,0,0.0299194,0,0.005,1,0,0,0,0
771,1,100,100,0,0.000132547,0,0.005,1,0,0,0,0
772,2,100,100,7.97599e-06,0.00747102,0.00049768,0.005,1,0,0,0,0
772,1,100,100,7.73658e-06,1.86578e-05,0.000482596,0.005,1,0,0,0,0
773,2,100,100,6.02809e-06,0.0249119,0.000376082,0.005,1,0,0,0,0
773,1,100,100,5.8696e-06,3.43709e-05,0.000366007,0.005,1,0,0,0,0
774,2,100,100,8.64972e-06,0.00474906,0.000539306,0.005,1,0,0,0,0
774,1,100,100,8.26405e-06,5.09854e-06,0.000514571,0.005,1,0,0,0,0
775,2,100,100,6.53547e-06,0.012965,0.000407208,0.005,1,0,0,0,0
775,1,100,100,6.2703e-06,9.44776e-06,0.00038942,0.005,1,0,0,0,0
776,2,100,100,7.13937e-06,0.00214112,0.000443777,0.005,1,0,0,0,0
776,1,100,100,6.24344e-06,1.21866e-06,0.000387381,0.005,1,0,0,0,0
777,2,100,100,5.41442e-06,0.00527835,0.000336423,0.005,1,0,0,0,0
777,1,100,100,4.72161e-06,1.69826e-06,0.000292404,0.005,1,0,0,0,0
778,2,100,100,6.88617e-06,0.000810049,0.000427845,0.005,1,0,0,0,0
778,1,100,100,4.10254e-06,2.5229e-07,0.000253207,0.005,1,0,0,0,0
779,2,100,99,5.14471e-06,0.00188929,0.000319305,0.005,1,29,1,0,0
779,1,100,97,3.05951e-06,5.43946e-07,0.000188282,0.005,1,29,3,0,0
780,2,100,99,1.11676e-05,0.000279458,0.000695242,0.005,1,0,0,0,0
780,1,100,97,2.47994e-06,7.2328e-08,0.000151702,0.005,1,0,0,0,0
781,2,100,36,7.42176e-06,0.000640038,0.000463452,0.005,1,31,63,0,0
781,1,100,33,5.77429e-07,2.20471e-07,3.53123e-05,0.005,1,31,64,0,0
782,2,100,36,1.70917e-05,9.23704e-05,0.00106828,0.005,1,0,0,0,0
782,1,100,33,4.4412e-07,3.67452e-08,2.69612e-05,0.005,1,0,0,0,0
783,2,100,3,1.24779e-05,0.000208334,0.00078058,0.005,1,33,33,0,0
783,1,100,5,2.91317e-08,0,1.78205e-06,0.005,1,32.9777,28,0,0
784,2,100,3,1.93626e-05,3.0108e-05,0.00121143,0.005,1,0,0,0,0
784,1,100,5,2.281e-08,0,1.39165e-06,0.005,1,0,0,0,0
785,2,100,1,1.46808e-05,6.7672e-05,0.00091834,0.005,1,35,2,0,0
785,1,100,0,0,0,0,0.005,0,35,5,0,0
786,2,100,1,1.64043e-05,9.9e-06,0.00102618,0.005,1,0,0,0,0
786,1,100,0,0,0,0,0.005,0,0,0,0,0
787,2,100,1,1.24249e-05,2.2126e-05,0.00077661,0.005,1,0,0,0,0
787,1,100,0,0,0,0,0.005,0,0,0,0,0
788,2,100,1,1.1596e-05,3.154e-06,0.000724612,0.005,1,0,0,0,0
788,1,100,0,0,0,0,0.005,0,0,0,0,0
789,2,100,1,8.80991e-06,6.67e-06,0.000550586,0.005,1,0,0,0,0
789,1,100,0,0,0,0,0.005,0,0,0,0,0
790,2,100,1,7.46041e-06,9.68e-07,0.000466324,0.005,1,0,0,0,0
790,1,100,0,0,0,0,0.005,0,0,0,0,0
791,2,100,1,5.63925e-06,2.144e-06,0.000352342,0.005,1,0,0,0,0
791,1,100,0,0,0,0,0.005,0,0,0,0,0
792,2,100,1,4.5514e-06,2.72e-07,0.000284274,0.005,1,0,0,0,0
792,1,100,0,0,0,0,0.005,0,0,0,0,0
793,2,100,1,3.4508e-06,6.5e-07,0.000215646,0.005,1,0,0,0,0
793,1,100,0,0,0,0,0.005,0,0,0,0,0
794,2,100,1,2.69892e-06,9.4e-08,0.000168704,0.005,1,0,0,0,0
794,1,100,0,0,0,0,0.005,0,0,0,0,0
795,2,100,1,2.05107e-06,2.04e-07,0.000128088,0.005,1,0,0,0,0
795,1,100,0,0,0,0,0.005,0,0,0,0,0
796,2,100,1,1.58939e-06,2.4e-08,9.914e-05,0.005,1,0,0,0,0
796,1,100,0,0,0,0,0.005,0,0,0,0,0
797,2,100,1,1.20717e-06,4.8e-08,7.5394e-05,0.005,1,0,0,0,0
797,1,100,0,0,0,0,0.005,0,0,0,0,0
798,2,100,1,9.26677e-07,4e-09,5.7944e-05,0.005,1,0,0,0,0
798,1,100,0,0,0,0,0.005,0,0,0,0,0
799,2,100,1,7.04455e-07,5.4e-08,4.409e-05,0.005,1,0,0,0,0
799,1,100,0,0,0,0,0.005,0,0,0,0,0
800,2,100,1,5.40425e-07,4e-09,3.3852e-05,0.005,1,0,0,0,0
800,1,100,0,0,0,0,0.005,0,0,0,0,0
801,2,100,1,4.10872e-07,0,2.5698e-05,0.005,1,0,0,0,0
801,1,100,0,0,0,0,0.005,0,0,0,0,0
802,2,100,1,3.12115e-07,0,1.9518e-05,0.005,1,0,0,0,0
802,1,100,0,0,0,0,0.005,0,0,0,0,0
803,2,100,1,2.37477e-07,0,1.487e-05,0.005,1,0,0,0,0
803,1,100,0,0,0,0,0.005,0,0,0,0,0
804,2,100,1,1.80238e-07,0,1.1266e-05,0.005,1,0,0,0,0
804,1,100,0,0,0,0,0.005,0,0,0,0,0
805,2,100,0,0,0,0,0.005,0,55,1,0,0
805,1,100,0,0,0,0,0.005,0,0,0,0,0
806,2,100,0,0,0,0,0.005,0,0,0,0,0
806,1,100,0,0,0,0,0.005,0,0,0,0,0
807,2,100,0,0,0,0,0.005,0,0,0,0,0
807,1,100,0,0,0,0,0.005,0,0,0,0,0
808,2,100,0,0,0,0,0.005,0,0,0,0,0
808,1,100,0,0,0,0,0.005,0,0,0,0,0
809,2,100,0,0,0,0,0.005,0,0,0,0,0
809,1,100,0,0,0,0,0.005,0,0,0,0,0
810,2,100,0,0,0,0,0.005,0,0,0,0,0
810,1,100,0,0,0,0,0.005,0,0,0,0,0
811,2,100,0,0,0,0,0.005,0,0,0,0,0
811,1,100,0,0,0,0,0.005,0,0,0,0,0
812,2,100,0,0,0,0,0.005,0,0,0,0,0
812,1,100,0,0,0,0,0.005,0,0,0,0,0
813,2,100,0,0,0,0,0.005,0,0,0,0,0
813,1,100,0,0,0,0,0.005,0,0,0,0,0
814,2,100,0,0,0,0,0.005,0,0,0,0,0
814,1,100,0,0,0,0,0.005,0,0,0,0,0
815,2,100,0,0,0,0,0.005,0,0,0,0,0
815,1,100,0,0,0,0,0.005,0,0,0,0,0
816,2,100,0,0,0,0,0.005,0,0,0,0,0
816,1,100,0,0,0,0,0.005,0,0,0,0,0
817,2,100,0,0,0,0,0.005,0,0,0,0,0
817,1,100,0,0,0,0,0.005,0,0,0,0,0
818,2,100,0,0,0,0,0.005,0,0,0,0,0
818,1,100,0,0,0,0,0.005,0,0,0,0,0
819,2,100,0,0,0,0,0.005,0,0,0,0,0
819,1,100,0,0,0,0,0.005,0,0,0,0,0
820,2,100,0,0,0,0,0.005,0,0,0,0,0
820,1,100,0,0,0,0,0.005,0,0,0,0,0
821,2,100,0,0,0,0,0.005,0,0,0,0,0
821,1,100,0,0,0,0,0.005,0,0,0,0,0
822,2,100,0,0,0,0,0.005,0,0,0,0,0
822,1,100,0,0,0,0,0.005,0,0,0,0,0
823,2,100,0,0,0,0,0.005,0,0,0,0,0
823,1,100,0,0,0,0,0.005,0,0,0,0,0
824,2,100,0,0,0,0,0.005,0,0,0,0,0
824,1,100,0,0,0,0,0.005,0,0,0,0,0
825,2,100,0,0,0,0,0.005,0,0,0,0,0
825,1,100,0,0,0,0,0.005,0,0,0,0,0
826,2,100,0,0,0,0,0.005,0,0,0,0,0
826,1,100,0,0,0,0,0.005,0,0,0,0,0
827,2,100,0,0,0,0,0.005,0,0,0,0,0
827,1,100,0,0,0,0,0.005,0,0,0,0,0
828,2,100,0,0,0,0,0.005,0,0,0,0,0
828,1,100,0,0,0,0,0.005,0,0,0,0,0
829,2,100,0,0,0,0,0.005,0,0,0,0,0
829,1,100,0,0,0,0,0.005,0,0,0,0,0
830,2,100,0,0,0,0,0.005,0,0,0,0,0
830,1,100,0,0,0,0,0.005,0,0,0,0,0
831,2,100,0,0,0,0,0.005,0,0,0,0,0
831,1,100,0,0,0,0,0.005,0,0,0,0,0
832,2,100,0,0,0,0,0.005,0,0,0,0,0
832,1,100,0,0,0,0,0.005,0,0,0,0,0
833,2,100,0,0,0,0,0.005,0,0,0,0,0
833,1,100,0,0,0,0,0.005,0,0,0,0,0
834,2,100,0,0,0,0,0.005,0,0,0,0,0
834,1,100,0,0,0,0,0.005,0,0,0,0,0
835,2,100,0,0,0,0,0.005,0,0,0,0,0
835,1,100,0,0,0,0,0.005,0,0,0,0,0
836,2,100,0,0,0,0,0.005,0,0,0,0,0
836,1,100,0,0,0,0,0.005,0,0,0,0,0
837,2,100,0,0,0,0,0.005,0,0,0,0,0
837,1,100,0,0,0,0,0.005,0,0,0,0,0
838,2,100,0,0,0,0,0.005,0,0,0,0,0
838,1,100,0,0,0,0,0.005,0,0,0,0,0
839,2,100,0,0,0,0,0.005,0,0,0,0,0
839,1,100,0,0,0,0,0.005,0,0,0,0,0
840,2,100,0,0,0,0,0.005,0,0,0,0,0
840,1,100,0,0,0,0,0.005,0,0,0,0,0
841,2,100,0,0,0,0,0.005,0,0,0,0,0
841,1,100,0,0,0,0,0.005,0,0,0,0,0
842,2,100,0,0,0,0,0.005,0,0,0,0,0
842,1,100,0,0,0,0,0.005,0,0,0,0,0
843,2,100,0,0,0,0,0.005,0,0,0,0,0
843,1,100,0,0,0,0,0.005,0,0,0,0,0
844,2,100,0,0,0,0,0.005,0,0,0,0,0
844,1,100,0,0,0,0,0.005,0,0,0,0,0
845,2,100,0,0,0,0,0.005,0,0,0,0,0
845,1,100,0,0,0,0,0.005,0,0,0,0,0
846,2,100,0,0,0,0,0.005,0,0,0,0,0
846,1,100,0,0,0,0,0.005,0,0,0,0,0
847,2,100,0,0,0,0,0.005,0,0,0,0,0
847,1,100,0,0,0,0,0.005,0,0,0,0,0
848,2,100,0,0,0,0,0.005,0,0,0,0,0
848,1,100,0,0,0,0,0.005,0,0,0,0,0
849,2,100,0,0,0,0,0.005,0,0,0,0,0
849,1,100,0,0,0,0,0.005,0,0,0,0,0
850,2,100,0,0,0,0,0.005,0,0,0,0,0
850,1,100,0,0,0,0,0.005,0,0,0,0,0
851,2,100,0,0,0,0,0.005,0,0,0,0,0
851,1,100,0,0,0,0,0.005,0,0,0,0,0
852,2,100,0,0,0,0,0.005,0,0,0,0,0
852,1,100,0,0,0,0,0.005,0,0,0,0,0
853,2,100,0,0,0,0,0.005,0,0,0,0,0
853,1,100,0,0,0,0,0.005,0,0,0,0,0
854,2,100,0,0,0,0,0.005,0,0,0,0,0
854,1,100,0,0,0,0,0.005,0,0,0,0,0
855,2,100,0,0,0,0,0.005,0,0,0,0,0
855,1,100,0,0,0,0,0.005,0,0,0,0,0
856,2,100,0,0,0,0,0.005,0,0,0,0,0
856,1,100,0,0,0,0,0.005,0,0,0,0,0
857,2,100,0,0,0,0,0.005,0,0,0,0,0
857,1,100,0,0,0,0,0.005,0,0,0,0,0
858,2,100,0,0,0,0,0.005,0,0,0,0,0
858,1,100,0,0,0,0,0.005,0,0,0,0,0
859,2,100,0,0,0,0,0.005,0,0,0,0,0
859,1,100,0,0,0,0,0.005,0,0,0,0,0
860,2,100,0,0,0,0,0.005,0,0,0,0,0
860,1,100,0,0,0,0,0.005,0,0,0,0,0
861,2,100,0,0,0,0,0.005,0,0,0,0,0
861,1,100,0,0,0,0,0.005,0,0,0,0,0
862,2,100,0,0,0,0,0.005,0,0,0,0,0
862,1,100,0,0,0,0,0.005,0,0,0,0,0
863,2,100,0,0,0,0,0.005,0,0,0,0,0
863,1,100,0,0,0,0,0.005,0,0,0,0,0
864,2,100,0,0,0,0,0.005,0,0,0,0,0
864,1,100,0,0,0,0,0.005,0,0,0,0,0
865,2,100,0,0,0,0,0.005,0,0,0,0,0
865,1,100,0,0,0,0,0.005,0,0,0,0,0
866,2,100,0,0,0,0,0.005,0,0,0,0,0
866,1,100,0,0,0,0,0.005,0,0,0,0,0
867,2,100,0,0,0,0,0.005,0,0,0,0,0
867,1,100,0,0,0,0,0.005,0,0,0,0,0
868,2,100,0,0,0,0,0.005,0,0,0,0,0
868,1,100,0,0,0,0,0.005,0,0,0,0,0
869,2,100,0,0,0,0,0.005,0,0,0,0,0
869,1,100,0,0,0,0,0.005,0,0,0,0,0
870,2,100,0,0,0,0,0.005,0,0,0,0,0
870,1,100,0,0,0,0,0.005,0,0,0,0,0
871,2,100,0,0,0,0,0.005,0,0,0,0,0
871,1,100,0,0,0,0,0.005,0,0,0,0,0
872,2,100,0,0,0,0,0.005,0,0,0,0,0
872,1,100,0,0,0,0,0.005,0,0,0,0,0
873,2,100,0,0,0,0,0.005,0,0,0,0,0
873,1,100,0,0,0,0,0.005,0,0,0,0,0
874,2,100,0,0,0,0,0.005,0,0,0,0,0
874,1,100,0,0,0,0,0.005,0,0,0,0,0
875,2,100,0,0,0,0,0.005,0,0,0,0,0
875,1,100,0,0,0,0,0.005,0,0,0,0,0
876,2,100,0,0,0,0,0.005,0,0,0,0,0
876,1,100,0,0,0,0,0.005,0,0,0,0,0
877,2,100,0,0,0,0,0.005,0,0,0,0,0
877,1,100,0,0,0,0,0.005,0,0,0,0,0
878,2,100,0,0,0,0,0.005,0,0,0,0,0
878,1,100,0,0,0,0,0.005,0,0,0,0,0
879,2,100,0,0,0,0,0.005,0,0,0,0,0
879,1,100,0,0,0,0,0.005,0,0,0,0,0
880,2,100,0,0,0,0,0.005,0,0,0,0,0
880,1,100,0,0,0,0,0.005,0,0,0,0,0
881,2,100,0,0,0,0,0.005,0,0,0,0,0
881,1,100,0,0,0,0,0.005,0,0,0,0,0
882,2,100,0,0,0,0,0.005,0,0,0,0,0
882,1,100,0,0,0,0,0.005,0,0,0,0,0
883,2,100,0,0,0,0,0.005,0,0,0,0,0
883,1,100,0,0,0,0,0.005,0,0,0,0,0
884,2,100,0,0,0,0,0.005,0,0,0,0,0
884,1,100,0,0,0,0,0.005,0,0,0,0,0
885,2,100,0,0,0,0,0.005,0,0,0,0,0
885,1,100,0,0,0,0,0.005,0,0,0,0,0
886,2,100,0,0,0,0,0.005,0,0,0,0,0
886,1,100,0,0,0,0,0.005,0,0,0,0,0
887,2,100,0,0,0,0,0.005,0,0,0,0,0
887,1,100,0,0,0,0,0.005,0,0,0,0,0
888,2,100,0,0,0,0,0.005,0,0,0,0,0
888,1,100,0,0,0,0,0.005,0,0,0,0,0
889,2,100,0,0,0,0,0.005,0,0,0,0,0
889,1,100,0,0,0,0,0.005,0,0,0,0,0
890,2,100,0,0,0,0,0.005,0,0,0,0,0
890,1,100,0,0,0,0,0.005,0,0,0,0,0
891,2,100,0,0,0,0,0.005,0,0,0,0,0
891,1,100,0,0,0,0,0.005,0,0,0,0,0
892,2,100,0,0,0,0,0.005,0,0,0,0,0
892,1,100,0,0,0,0,0.005,0,0,0,0,0
893,2,100,0,0,0,0,0.005,0,0,0,0,0
893,1,100,0,0,0,0,0.005,0,0,0,0,0
894,2,100,0,0,0,0,0.005,0,0,0,0,0
894,1,100,0,0,0,0,0.005,0,0,0,0,0
895,2,100,0,0,0,0,0.005,0,0,0,0,0
895,1,100,0,0,0,0,0.005,0,0,0,0,0
896,2,100,0,0,0,0,0.005,0,0,0,0,0
896,1,100,0,0,0,0,0.005,0,0,0,0,0
897,2,100,0,0,0,0,0.005,0,0,0,0,0
897,1,100,0,0,0,0,0.005,0,0,0,0,0
898,2,100,0,0,0,0,0.005,0,0,0,0,0
898,1,100,0,0,0,0,0.005,0,0,0,0,0
899,2,100,0,0,0,0,0.005,0,0,0,0,0
899,1,100,0,0,0,0,0.005,0,0,0,0,0
900,2,100,0,0,0,0,0.005,0,0,0,0,0
900,1,100,0,0,0,0,0.005,0,0,0,0,0
901,2,100,100,0,0,0,0.005,1,0,0,0,0
901,1,100,100,0,0,0,0.005,1,0,0,0,0
902,2,100,100,0,0,0,0.005,1,0,0,0,0
902,1,100,100,0,0,0,0.005,1,0,0,0,0
903,2,100,100,0,0,0,0.005,1,0,0,0,0
903,1,100,100,0,0,0,0.005,1,0,0,0,0
904,2,100,100,0,0,0,0.005,1,0,0,0,0
904,1,100,100,0,0,0,0.005,1,0,0,0,0
905,2,100,100,0,0,0,0.005,1,0,0,0,0
905,1,100,100,0,0,0,0.005,1,0,0,0,0
906,2,100,100,0,0,0,0.005,1,0,0,0,0
906,1,100,100,0,0,0,0.005,1,0,0,0,0
907,2,100,100,0,0.014461,0,0.005,1,0,0,0,0
907,1,100,100,0,0.014137,0,0.005,1,0,0,0,0
908,2,100,100,0,0.007637,0,0.005,1,0,0,0,0
908,1,100,100,0,0.00747585,0,0.005,1,0,0,0,0
909,2,100,100,0,0.0586096,0,0.005,1,0,0,0,0
909,1,100,100,0,0.0572458,0,0.005,1,0,0,0,0
910,2,100,100,0,0.0281883,0,0.005,1,0,0,0,0
910,1,100,100,0,0.0275169,0,0.005,1,0,0,0,0
911,2,100,100,0,0.210647,0,0.005,1,0,0,0,0
911,1,100,100,0,0.205897,0,0.005,1,0,0,0,0
912,2,100,100,0,0.100786,0,0.005,1,0,0,0,0
912,1,100,100,0,0.0985155,0,0.005,1,0,0,0,0
913,2,100,100,0,0.749227,0,0.005,1,0,0,0,0
913,1,100,100,0,0.732206,0,0.005,1,0,0,0,0
914,2,100,100,0,0.356562,0,0.005,1,0,0,0,0
914,1,100,100,0,0.348288,0,0.005,1,0,0,0,0
915,2,100,100,0,2.63244,0,0.005,1,0,0,0,0
915,1,100,100,0,2.56824,0,0.005,1,0,0,0,0
916,2,100,100,0,1.2406,0,0.005,1,0,0,0,0
916,1,100,100,0,1.20732,0,0.005,1,0,0,0,0
917,2,100,100,0,9.00223,0,0.005,1,0,0,0,0
917,1,100,100,0,8.72567,0,0.005,1,0,0,0,0
918,2,100,100,0,3.97549,0,0.005,1,0,0,0,0
918,1,100,100,0,3.87481,0,0.005,1,0,0,0,0
919,2,100,100,0,24.3458,0,0.005,1,0,0,0,0
919,1,100,100,0,23.9594,0,0.005,1,0,0,0,0
920,2,100,100,0,8.45495,0,0.005,1,0,0,0,0
920,1,100,100,0,8.38173,0,0.005,1,0,0,0,0
921,2,100,100,0,38.8086,0,0.005,1,0,0,0,0
921,1,100,100,0,38.6196,0,0.005,1,0,0,0,0
922,2,100,100,7.07407e-05,9.79232,0.00471049,0.005,1,0,0,0,0
922,1,100,100,6.92541e-05,9.75808,0.00460454,0.005,1,0,0,0,0
923,2,100,100,5.67947e-05,33.4472,0.00357323,0.005,1,0,0,0,0
923,1,100,100,5.55438e-05,33.3538,0.00349338,0.005,1,0,0,0,0
924,2,100,100,0.000297348,6.53752,0.0194776,0.005,1,0,0,0,0
924,1,100,100,0.00029074,6.52146,0.0190366,0.005,1,0,0,0,0
925,2,100,100,0.000235048,18.248,0.0147651,0.005,1,0,0,0,0
925,1,100,100,0.000229631,18.2077,0.0144266,0.005,1,0,0,0,0
926,2,100,100,0.00109519,3.06779,0.0701789,0.005,1,0,0,0,0
926,1,100,100,0.00106903,3.06126,0.0684964,0.005,1,0,0,0,0
927,2,100,100,0.000848029,7.66441,0.0531764,0.005,1,0,0,0,0
927,1,100,100,0.000828191,7.65017,0.0519245,0.005,1,0,0,0,0
928,2,100,100,0.00383249,1.18872,0.242684,0.005,1,0,0,0,0
928,1,100,100,0.00372077,1.18653,0.235574,0.005,1,0,0,0,0
929,2,100,100,0.00293358,2.80186,0.183979,0.005,1,0,0,0,0
929,1,100,100,0.00284778,2.79696,0.17857,0.005,1,0,0,0,0
930,2,100,100,0.0110941,0.416649,0.701384,0.005,1,0,0,0,0
930,1,100,100,0.0108825,0.415891,0.687792,0.005,1,0,0,0,0
931,2,100,100,0.00845595,0.952918,0.531757,0.005,1,0,0,0,0
931,1,100,100,0.00829268,0.951096,0.521394,0.005,1,0,0,0,0
932,2,100,100,0.0210689,0.138698,1.33409,0.005,1,0,0,0,0
932,1,100,100,0.0208725,0.13847,1.32143,0.005,1,0,0,0,0
933,2,100,100,0.0160378,0.312425,1.01139,0.005,1,0,0,0,0
933,1,100,100,0.0158875,0.312146,1.00174,0.005,1,0,0,0,0
934,2,100,100,0.0252186,0.0449712,1.59767,0.005,1,0,0,0,0
934,1,100,100,0.0250667,0.0449245,1.5879,0.005,1,0,0,0,0
935,2,100,100,0.0191876,0.100406,1.21122,0.005,1,0,0,0,0
935,1,100,100,0.0190709,0.100313,1.20376,0.005,1,0,0,0,0
936,2,100,100,0.0218553,0.0143751,1.38168,0.005,1,0,0,0,0
936,1,100,100,0.0217506,0.0143581,1.37498,0.005,1,0,0,0,0
937,2,100,100,0.0166149,0.0319427,1.04736,0.005,1,0,0,0,0
937,1,100,100,0.0165363,0.0319894,1.04233,0.005,1,0,0,0,0
938,2,100,100,0.015727,0.00456083,0.991018,0.005,1,0,0,0,0
938,1,100,100,0.0156596,0.00456394,0.986726,0.005,1,0,0,0,0
939,2,100,100,0.0119454,0.0100895,0.75121,0.005,1,0,0,0,0
939,1,100,100,0.0118946,0.0101672,0.747966,0.005,1,0,0,0,0
940,2,100,100,0.0102168,0.00143773,0.641962,0.005,1,0,0,0,0
940,1,100,100,0.010176,0.00144835,0.639378,0.005,1,0,0,0,0
941,2,100,100,0.00775481,0.00317357,0.486621,0.005,1,0,0,0,0
941,1,100,100,0.00772391,0.00321128,0.484678,0.005,1,0,0,0,0
942,2,100,100,0.00627686,0.000451571,0.393584,0.005,1,0,0,0,0
942,1,100,100,0.00625322,0.000458405,0.3921,0.005,1,0,0,0,0
943,2,100,100,0.00476194,0.00100744,0.29836,0.005,1,0,0,0,0
943,1,100,100,0.00474416,0.00101843,0.297245,0.005,1,0,0,0,0
944,2,100,100,0.00374137,0.00014385,0.234287,0.005,1,0,0,0,0
944,1,100,100,0.00372769,0.000146398,0.23344,0.005,1,0,0,0,0
945,2,100,100,0.00283691,0.000321112,0.177568,0.005,1,0,0,0,0
945,1,100,100,0.00282746,0.000322305,0.176977,0.005,1,0,0,0,0
946,2,100,100,0.00219296,4.55872e-05,0.13722,0.005,1,0,0,0,0
946,1,100,100,0.00218578,4.62511e-05,0.136758,0.005,1,0,0,0,0
947,2,100,100,0.00166305,0.000100191,0.104036,0.005,1,0,0,0,0
947,1,100,100,0.00165747,9.96872e-05,0.103667,0.005,1,0,0,0,0
948,2,100,100,0.00127432,1.42157e-05,0.0797044,0.005,1,0,0,0,0
948,1,100,100,0.00127001,1.39266e-05,0.079416,0.005,1,0,0,0,0
949,2,100,100,0.000966173,3.07681e-05,0.0604213,0.005,1,0,0,0,0
949,1,100,100,0.000962782,2.68385e-05,0.0601969,0.005,1,0,0,0,0
950,2,100,100,0.000736477,4.22215e-06,0.0460526,0.005,1,0,0,0,0
950,1,100,100,0.000734113,3.68975e-06,0.0458878,0.005,1,0,0,0,0
951,2,100,99,0.000555189,7.33617e-06,0.034712,0.005,1,51,1,0,0
951,1,100,99,0.000553348,7.1107e-06,0.0345916,0.005,1,51,1,0,0
952,2,100,99,0.000422115,9.90072e-07,0.0263904,0.005,1,0,0,0,0
952,1,100,99,0.000420773,8.55826e-07,0.0263077,0.005,1,0,0,0,0
953,2,100,95,0.00031051,1.97583e-06,0.0194099,0.005,1,53,4,0,0
953,1,100,94,0.000307115,1.26256e-06,0.0191992,0.005,1,53,5,0,0
954,2,100,95,0.000235715,3.03334e-07,0.0147343,0.005,1,0,0,0,0
954,1,100,94,0.000233246,1.58549e-07,0.0145798,0.005,1,0,0,0,0
955,2,100,77,0.000152632,4.6495e-07,0.00954093,0.005,1,55,18,0,0
955,1,100,79,0.00015569,2.62326e-07,0.00973056,0.005,1,55,15,0,0
956,2,100,77,0.000115753,4.31944e-08,0.00723419,0.005,1,0,0,0,0
956,1,100,79,0.000118041,3.2e-08,0.00737667,0.005,1,0,0,0,0
957,2,100,61,7.16921e-05,1.38356e-07,0.00447913,0.005,1,57,16,0,0
957,1,100,46,5.53595e-05,5.2e-08,0.00345902,0.005,1,57,33,0,0
958,2,100,61,5.43572e-05,2.32006e-08,0.00339636,0.005,1,0,0,0,0
958,1,100,46,4.19806e-05,8e-09,0.00262361,0.005,1,0,0,0,0
959,2,100,11,7.42977e-06,2.66398e-08,0.000463949,0.005,1,59,50,0,0
959,1,100,9,6.75288e-06,2.4e-08,0.00042215,0.005,1,59,37,0,0
960,2,100,11,5.62888e-06,4.43996e-09,0.000351708,0.005,1,0,0,0,0
960,1,100,9,5.11631e-06,2e-09,0.000320059,0.005,1,0,0,0,0
961,2,100,2,7.82155e-07,0,4.8849e-05,0.005,1,60.9167,9,0,0
961,1,100,1,3.47994e-07,0,2.1802e-05,0.005,1,61,8,0,0
962,2,100,2,5.89272e-07,0,3.69308e-05,0.005,1,0,0,0,0
962,1,100,1,2.62557e-07,0,1.6456e-05,0.005,1,0,0,0,0
963,2,100,0,0,0,0,0.005,0,63,2,0,0
963,1,100,0,0,0,0,0.005,0,63,1,0,0
964,2,100,0,0,0,0,0.005,0,0,0,0,0
964,1,100,0,0,0,0,0.005,0,0,0,0,0
965,2,100,0,0,0,0,0.005,0,0,0,0,0
965,1,100,0,0,0,0,0.005,0,0,0,0,0
966,2,100,0,0,0,0,0.005,0,0,0,0,0
966,1,100,0,0,0,0,0.005,0,0,0,0,0
967,2,100,0,0,0,0,0.005,0,0,0,0,0
967,1,100,0,0,0,0,0.005,0,0,0,0,0
968,2,100,0,0,0,0,0.005,0,0,0,0,0
968,1,100,0,0,0,0,0.005,0,0,0,0,0
969,2,100,0,0,0,0,0.005,0,0,0,0,0
969,1,100,0,0,0,0,0.005,0,0,0,0,0
970,2,100,0,0,0,0,0.005,0,0,0,0,0
970,1,100,0,0,0,0,0.005,0,0,0,0,0
971,2,100,0,0,0,0,0.005,0,0,0,0,0
971,1,100,0,0,0,0,0.005,0,0,0,0,0
972,2,100,0,0,0,0,0.005,0,0,0,0,0
972,1,100,0,0,0,0,0.005,0,0,0,0,0
973,2,100,0,0,0,0,0.005,0,0,0,0,0
973,1,100,0,0,0,0,0.005,0,0,0,0,0
974,2,100,0,0,0,0,0.005,0,0,0,0,0
974,1,100,0,0,0,0,0.005,0,0,0,0,0
975,2,100,0,0,0,0,0.005,0,0,0,0,0
975,1,100,0,0,0,0,0.005,0,0,0,0,0
976,2,100,0,0,0,0,0.005,0,0,0,0,0
976,1,100,0,0,0,0,0.005,0,0,0,0,0
977,2,100,0,0,0,0,0.005,0,0,0,0,0
977,1,100,0,0,0,0,0.005,0,0,0,0,0
978,2,100,0,0,0,0,0.005,0,0,0,0,0
978,1,100,0,0,0,0,0.005,0,0,0,0,0
979,2,100,0,0,0,0,0.005,0,0,0,0,0
979,1,100,0,0,0,0,0.005,0,0,0,0,0
980,2,100,0,0,0,0,0.005,0,0,0,0,0
980,1,100,0,0,0,0,0.005,0,0,0,0,0
981,2,100,0,0,0,0,0.005,0,0,0,0,0
981,1,100,0,0,0,0,0.005,0,0,0,0,0
982,2,100,0,0,0,0,0.005,0,0,0,0,0
982,1,100,0,0,0,0,0.005,0,0,0,0,0
983,2,100,0,0,0,0,0.005,0,0,0,0,0
983,1,100,0,0,0,0,0.005,0,0,0,0,0
984,2,100,0,0,0,0,0.005,0,0,0,0,0
984,1,100,0,0,0,0,0.005,0,0,0,0,0
985,2,100,0,0,0,0,0.005,0,0,0,0,0
985,1,100,0,0,0,0,0.005,0,0,0,0,0
986,2,100,0,0,0,0,0.005,0,0,0,0,0
986,1,100,0,0,0,0,0.005,0,0,0,0,0
987,2,100,0,0,0,0,0.005,0,0,0,0,0
987,1,100,0,0,0,0,0.005,0,0,0,0,0
988,2,100,0,0,0,0,0.005,0,0,0,0,0
988,1,100,0,0,0,0,0.005,0,0,0,0,0
989,2,100,0,0,0,0,0.005,0,0,0,0,0
989,1,100,0,0,0,0,0.005,0,0,0,0,0
990,2,100,0,0,0,0,0.005,0,0,0,0,0
990,1,100,0,0,0,0,0.005,0,0,0,0,0
991,2,100,0,0,0,0,0.005,0,0,0,0,0
991,1,100,0,0,0,0,0.005,0,0,0,0,0
992,2,100,0,0,0,0,0.005,0,0,0,0,0
992,1,100,0,0,0,0,0.005,0,0,0,0,0
993,2,100,0,0,0,0,0.005,0,0,0,0,0
993,1,100,0,0,0,0,0.005,0,0,0,0,0
994,2,100,0,0,0,0,0.005,0,0,0,0,0
994,1,100,0,0,0,0,0.005,0,0,0,0,0
995,2,100,0,0,0,0,0.005,0,0,0,0,0
995,1,100,0,0,0,0,0.005,0,0,0,0,0
996,2,100,0,0,0,0,0.005,0,0,0,0,0
996,1,100,0,0,0,0,0.005,0,0,0,0,0
997,2,100,0,0,0,0,0.005,0,0,0,0,0
997,1,100,0,0,0,0,0.005,0,0,0,0,0
998,2,100,0,0,0,0,0.005,0,0,0,0,0
998,1,100,0,0,0,0,0.005,0,0,0,0,0
999,2,100,0,0,0,0,0.005,0,0,0,0,0
999,1,100,0,0,0,0,0.005,0,0,0,0,0
