Time,NodeID,NumIndividuals,NumInfected,AvgInfectiousness,AvgParasiteDensity,AvgGametocyteDensity,AvgVariantFractionPfEMP1Major,AvgNumInfections,AvgInfectionClearedDuration,NumInfectionsCleared,NumHasFever,NumHasClinicalSymptoms
0,2,100,0,0,0,0,0,0,0,0,0,0
0,1,100,0,0,0,0,0,0,0,0,0,0
1,2,100,100,0,0,0,0,1,0,0,0,0
1,1,100,100,0,0,0,0,1,0,0,0,0
2,2,100,100,0,0,0,0,1,0,0,0,0
2,1,100,100,0,0,0,0,1,0,0,0,0
3,2,100,100,0,0,0,0,1,0,0,0,0
3,1,100,100,0,0,0,0,1,0,0,0,0
4,2,100,100,0,0,0,0,1,0,0,0,0
4,1,100,100,0,0,0,0,1,0,0,0,0
5,2,100,100,0,0,0,0,1,0,0,0,0
5,1,100,100,0,0,0,0,1,0,0,0,0
6,2,100,100,0,0,0,0,1,0,0,0,0
6,1,100,100,0,0,0,0,1,0,0,0,0
7,2,100,100,0,0.0144103,0,0.005,1,0,0,0,0
7,1,100,100,0,0.0140902,0,0.005,1,0,0,0,0
8,2,100,100,0,0.0144034,0,0.005,1,0,0,0,0
8,1,100,100,0,0.0140838,0,0.005,1,0,0,0,0
9,2,100,100,0,0.22875,0,0.005,1,0,0,0,0
9,1,100,100,0,0.223679,0,0.005,1,0,0,0,0
10,2,100,100,0,0.228641,0,0.005,1,0,0,0,0
10,1,100,100,0,0.223578,0,0.005,1,0,0,0,0
11,2,100,100,0,3.55846,0,0.005,1,0,0,0,0
11,1,100,100,0,3.47976,0,0.005,1,0,0,0,0
12,2,100,100,0,3.55677,0,0.005,1,0,0,0,0
12,1,100,100,0,3.47818,0,0.005,1,0,0,0,0
13,2,100,100,0,55.3539,0,0.005,1,0,0,0,0
13,1,100,100,0,54.1325,0,0.005,1,0,0,0,0
14,2,100,100,0,55.3277,0,0.005,1,0,0,0,0
14,1,100,100,0,54.108,0,0.005,1,0,0,0,0
15,2,100,100,0,861.033,0,0.005,1,0,0,25,25
15,1,100,100,0,842.08,0,0.005,1,0,0,25,25
16,2,100,100,0,827.284,0,0.005,1,0,0,71,71
16,1,100,100,0,810.479,0,0.005,1,0,0,63,63
17,2,100,100,0,11501.4,0,0.005,1,0,0,100,100
17,1,100,100,0,11352.9,0,0.005,1,0,0,100,100
18,2,100,100,0,7455.99,0,0.005,1,0,0,100,100
18,1,100,100,0,7389.01,0,0.005,1,0,0,100,100
19,2,100,100,0,59442.6,0,0.005,1,0,0,100,100
19,1,100,100,0,58995.9,0,0.005,1,0,0,100,100
20,2,100,100,0,26179.8,0,0.005,1,0,0,44,100
20,1,100,100,0,26020.3,0,0.005,1,0,0,45,100
21,2,100,100,0,155135,0,0.005,1,0,0,100,100
21,1,100,100,0,154638,0,0.005,1,0,0,100,100
22,2,100,100,5.83749e-05,44739,0.0722426,0.005,1,0,0,0,100
22,1,100,100,5.70943e-05,44677.3,0.0706605,0.005,1,0,0,0,100
23,2,100,100,0.000303756,178972,0.0547313,0.005,1,0,0,100,100
23,1,100,100,0.000297219,178939,0.0535492,0.005,1,0,0,100,100
24,2,100,100,0.000942276,39834.1,1.1653,0.005,1,0,0,0,100
24,1,100,100,0.000921608,39867,1.13984,0.005,1,0,0,0,100
25,2,100,100,0.00488724,130174,0.882925,0.005,1,0,0,100,100
25,1,100,100,0.00478087,130406,0.863688,0.005,1,0,0,100,100
26,2,100,100,0.0149598,23743.9,18.1503,0.005,1,0,0,0,100
26,1,100,100,0.0146312,23810.1,17.7549,0.005,1,0,0,0,100
27,2,100,100,0.0732778,64348.3,13.7525,0.005,1,0,0,100,100
27,1,100,100,0.0718043,64580.5,13.4533,0.005,1,0,0,100,100
28,2,100,100,0.195845,10247.8,249.954,0.005,1,0,0,0,100
28,1,100,100,0.193366,10290.3,246.098,0.005,1,0,0,0,100
29,2,100,100,0.604722,25066.1,189.398,0.005,1,0,0,100,100
29,1,100,100,0.601762,25181.8,186.48,0.005,1,0,0,100,100
30,2,100,100,0.767335,3756.92,1463.7,0.005,1,0,0,0,100
30,1,100,100,0.765078,3774.94,1451.14,0.005,1,0,0,0,100
31,2,100,100,0.99679,8718.57,1109.17,0.005,1,0,0,100,100
31,1,100,100,0.996618,8762.85,1099.67,0.005,1,0,0,100,100
32,2,100,100,0.998356,1283.24,4446.9,0.005,1,0,0,0,100
32,1,100,100,0.998262,1289.93,4428.21,0.005,1,0,0,0,100
33,2,100,100,1,2899.36,3369.99,0.005,1,0,0,0,92
33,1,100,100,1,2915.01,3355.88,0.005,1,0,0,0,93
34,2,100,100,1,420.72,6895.74,0.005,1,0,0,0,72
34,1,100,100,1,423.032,6884.48,0.005,1,0,0,0,68
35,2,100,100,1,937.794,5225.97,0.005,1,0,0,0,0
35,1,100,100,1,943.07,5217.51,0.005,1,0,0,0,0
36,2,100,100,1,134.76,7198.57,0.005,1,0,0,0,0
36,1,100,100,1,135.525,7198.09,0.005,1,0,0,0,0
37,2,100,100,1,298.345,5455.58,0.005,1,0,0,0,0
37,1,100,100,1,300.063,5455.3,0.005,1,0,0,0,0
38,2,100,100,1,42.6587,5769.49,0.005,1,0,0,0,0
38,1,100,100,1,42.9064,5775.4,0.005,1,0,0,0,0
39,2,100,100,1,94.1208,4372.57,0.005,1,0,0,0,0
39,1,100,100,1,94.6758,4377.12,0.005,1,0,0,0,0
40,2,100,100,1,13.4237,3957.78,0.005,1,0,0,0,0
40,1,100,100,1,13.5035,3964.34,0.005,1,0,0,0,0
41,2,100,100,1,29.568,2999.53,0.005,1,0,0,0,0
41,1,100,100,1,29.7468,3004.55,0.005,1,0,0,0,0
42,2,100,100,1,4.21171,2498.53,0.005,1,0,0,0,0
42,1,100,100,1,4.23708,2503.55,0.005,1,0,0,0,0
43,2,100,100,1,9.27129,1893.6,0.005,1,0,0,0,0
43,1,100,100,1,9.32724,1897.44,0.005,1,0,0,0,0
44,2,100,100,1,1.31975,1510.25,0.005,1,0,0,0,0
44,1,100,100,1,1.32764,1513.6,0.005,1,0,0,0,0
45,2,100,100,1,2.90467,1144.6,0.005,1,0,0,0,0
45,1,100,100,1,2.9215,1147.15,0.005,1,0,0,0,0
46,2,100,100,0.999995,0.413296,891.81,0.005,1,0,0,0,0
46,1,100,100,0.999996,0.415761,893.901,0.005,1,0,0,0,0
47,2,100,100,0.999932,0.909415,675.893,0.005,1,0,0,0,0
47,1,100,100,0.999935,0.914778,677.489,0.005,1,0,0,0,0
48,2,100,100,0.999476,0.129384,519.998,0.005,1,0,0,0,0
48,1,100,100,0.999491,0.130117,521.263,0.005,1,0,0,0,0
49,2,100,100,0.997162,0.284663,394.102,0.005,1,0,0,0,0
49,1,100,100,0.997211,0.286223,395.065,0.005,1,0,0,0,0
50,2,100,100,0.989501,0.0404898,301.131,0.005,1,0,0,0,0
50,1,100,100,0.989625,0.0407326,301.879,0.005,1,0,0,0,0
51,2,100,100,0.969916,0.0891263,228.223,0.005,1,0,0,0,0
51,1,100,100,0.970169,0.0896938,228.795,0.005,1,0,0,0,0
52,2,100,100,0.932411,0.0126886,173.736,0.005,1,0,0,0,0
52,1,100,100,0.932837,0.0127666,174.177,0.005,1,0,0,0,0
53,2,100,100,0.872354,0.0279032,131.672,0.005,1,0,0,0,0
53,1,100,100,0.872971,0.0280499,132.009,0.005,1,0,0,0,0
54,2,100,100,0.792547,0.00396986,100.033,0.005,1,0,0,0,0
54,1,100,100,0.793326,0.00398564,100.292,0.005,1,0,0,0,0
55,2,100,100,0.698005,0.0087258,75.8141,0.005,1,0,0,0,0
55,1,100,100,0.698885,0.00876947,76.0116,0.005,1,0,0,0,0
56,2,100,100,0.598115,0.00124026,57.5345,0.005,1,0,0,0,0
56,1,100,100,0.599023,0.00124746,57.6853,0.005,1,0,0,0,0
57,2,100,100,0.499723,0.00273937,43.6048,0.005,1,0,0,0,0
57,1,100,100,0.500597,0.00275265,43.7197,0.005,1,0,0,0,0
58,2,100,100,0.409181,0.000391718,33.0711,0.005,1,0,0,0,0
58,1,100,100,0.409981,0.000391471,33.1592,0.005,1,0,0,0,0
59,2,100,100,0.329272,0.000851333,25.0644,0.005,1,0,0,0,0
59,1,100,100,0.32997,0.000871067,25.1315,0.005,1,0,0,0,0
60,2,100,100,0.261499,0.000121109,19.0036,0.005,1,0,0,0,0
60,1,100,100,0.262085,0.000124257,19.0546,0.005,1,0,0,0,0
61,2,100,100,0.205406,0.000264222,14.4027,0.005,1,0,0,0,0
61,1,100,100,0.20589,0.000274977,14.4416,0.005,1,0,0,0,0
62,2,100,100,0.160038,3.80717e-05,10.918,0.005,1,0,0,0,0
62,1,100,100,0.160432,3.90417e-05,10.9478,0.005,1,0,0,0,0
63,2,100,100,0.123866,7.99326e-05,8.27467,0.005,1,0,0,0,0
63,1,100,100,0.124179,8.18319e-05,8.29729,0.005,1,0,0,0,0
64,2,100,100,0.0954048,1.14053e-05,6.27211,0.005,1,0,0,0,0
64,1,100,100,0.0956512,1.12795e-05,6.2893,0.005,1,0,0,0,0
65,2,100,100,0.0731951,2.31766e-05,4.75362,0.005,1,0,0,0,0
65,1,100,100,0.0733869,2.4016e-05,4.76669,0.005,1,0,0,0,0
66,2,100,100,0.0559953,3.32004e-06,3.60295,0.005,1,0,0,0,0
66,1,100,100,0.0561434,3.40787e-06,3.61286,0.005,1,0,0,0,0
67,2,100,100,0.0427384,6.73125e-06,2.73058,0.005,1,0,0,0,0
67,1,100,100,0.0428543,6.52923e-06,2.73825,0.005,1,0,0,0,0
68,2,100,100,0.0325668,9.38343e-07,2.06956,0.005,1,0,0,0,0
68,1,100,100,0.0326552,8.99031e-07,2.07536,0.005,1,0,0,0,0
69,2,100,93,0.0234744,1.31463e-06,1.48602,0.005,1,69,7,0,0
69,1,100,96,0.0241512,2.10503e-06,1.52886,0.005,1,69,4,0,0
70,2,100,93,0.0178482,1.80065e-07,1.12633,0.005,1,0,0,0,0
70,1,100,96,0.0183616,2.99654e-07,1.15873,0.005,1,0,0,0,0
71,2,100,75,0.011512,1.69349e-07,0.725032,0.005,1,71,18,0,0
71,1,100,79,0.0119558,2.47375e-07,0.752904,0.005,1,71,17,0,0
72,2,100,75,0.00874229,2.54378e-08,0.549563,0.005,1,0,0,0,0
72,1,100,79,0.00907857,3.8065e-08,0.570653,0.005,1,0,0,0,0
73,2,100,47,0.00433193,4.231e-08,0.271988,0.005,1,73,28,0,0
73,1,100,37,0.0033625,1.75773e-07,0.21111,0.005,1,73,42,0,0
74,2,100,47,0.00328755,4.47851e-09,0.206179,0.005,1,0,0,0,0
74,1,100,37,0.00255163,9.02937e-09,0.160028,0.005,1,0,0,0,0
75,2,100,5,0.000267361,0,0.016755,0.005,1,74.9881,42,0,0
75,1,100,8,0.000433725,0,0.0271832,0.005,1,75,29,0,0
76,2,100,5,0.00020285,0,0.0127026,0.005,1,0,0,0,0
76,1,100,8,0.000328971,0,0.0206049,0.005,1,0,0,0,0
77,2,100,0,0,0,0,0.005,0,77,5,0,0
77,1,100,1,3.12632e-05,0,0.00195535,0.005,1,77,7,0,0
78,2,100,0,0,0,0,0.005,0,0,0,0,0
78,1,100,1,2.37079e-05,0,0.00148164,0.005,1,0,0,0,0
79,2,100,0,0,0,0,0.005,0,0,0,0,0
79,1,100,0,0,0,0,0.005,0,79,1,0,0
80,2,100,0,0,0,0,0.005,0,0,0,0,0
80,1,100,0,0,0,0,0.005,0,0,0,0,0
81,2,100,0,0,0,0,0.005,0,0,0,0,0
81,1,100,0,0,0,0,0.005,0,0,0,0,0
82,2,100,0,0,0,0,0.005,0,0,0,0,0
82,1,100,0,0,0,0,0.005,0,0,0,0,0
83,2,100,0,0,0,0,0.005,0,0,0,0,0
83,1,100,0,0,0,0,0.005,0,0,0,0,0
84,2,100,0,0,0,0,0.005,0,0,0,0,0
84,1,100,0,0,0,0,0.005,0,0,0,0,0
85,2,100,0,0,0,0,0.005,0,0,0,0,0
85,1,100,0,0,0,0,0.005,0,0,0,0,0
86,2,100,0,0,0,0,0.005,0,0,0,0,0
86,1,100,0,0,0,0,0.005,0,0,0,0,0
87,2,100,0,0,0,0,0.005,0,0,0,0,0
87,1,100,0,0,0,0,0.005,0,0,0,0,0
88,2,100,0,0,0,0,0.005,0,0,0,0,0
88,1,100,0,0,0,0,0.005,0,0,0,0,0
89,2,100,0,0,0,0,0.005,0,0,0,0,0
89,1,100,0,0,0,0,0.005,0,0,0,0,0
90,2,100,0,0,0,0,0.005,0,0,0,0,0
90,1,100,0,0,0,0,0.005,0,0,0,0,0
91,2,100,0,0,0,0,0.005,0,0,0,0,0
91,1,100,0,0,0,0,0.005,0,0,0,0,0
92,2,100,0,0,0,0,0.005,0,0,0,0,0
92,1,100,0,0,0,0,0.005,0,0,0,0,0
93,2,100,0,0,0,0,0.005,0,0,0,0,0
93,1,100,0,0,0,0,0.005,0,0,0,0,0
94,2,100,0,0,0,0,0.005,0,0,0,0,0
94,1,100,0,0,0,0,0.005,0,0,0,0,0
95,2,100,0,0,0,0,0.005,0,0,0,0,0
95,1,100,0,0,0,0,0.005,0,0,0,0,0
96,2,100,0,0,0,0,0.005,0,0,0,0,0
96,1,100,0,0,0,0,0.005,0,0,0,0,0
97,2,100,0,0,0,0,0.005,0,0,0,0,0
97,1,100,0,0,0,0,0.005,0,0,0,0,0
98,2,100,0,0,0,0,0.005,0,0,0,0,0
98,1,100,0,0,0,0,0.005,0,0,0,0,0
99,2,100,0,0,0,0,0.005,0,0,0,0,0
99,1,100,0,0,0,0,0.005,0,0,0,0,0
100,2,100,0,0,0,0,0.005,0,0,0,0,0
100,1,100,0,0,0,0,0.005,0,0,0,0,0
101,2,100,0,0,0,0,0.005,0,0,0,0,0
101,1,100,0,0,0,0,0.005,0,0,0,0,0
102,2,100,0,0,0,0,0.005,0,0,0,0,0
102,1,100,0,0,0,0,0.005,0,0,0,0,0
103,2,100,0,0,0,0,0.005,0,0,0,0,0
103,1,100,0,0,0,0,0.005,0,0,0,0,0
104,2,100,0,0,0,0,0.005,0,0,0,0,0
104,1,100,0,0,0,0,0.005,0,0,0,0,0
105,2,100,0,0,0,0,0.005,0,0,0,0,0
105,1,100,0,0,0,0,0.005,0,0,0,0,0
106,2,100,0,0,0,0,0.005,0,0,0,0,0
106,1,100,0,0,0,0,0.005,0,0,0,0,0
107,2,100,0,0,0,0,0.005,0,0,0,0,0
107,1,100,0,0,0,0,0.005,0,0,0,0,0
108,2,100,0,0,0,0,0.005,0,0,0,0,0
108,1,100,0,0,0,0,0.005,0,0,0,0,0
109,2,100,0,0,0,0,0.005,0,0,0,0,0
109,1,100,0,0,0,0,0.005,0,0,0,0,0
110,2,100,0,0,0,0,0.005,0,0,0,0,0
110,1,100,0,0,0,0,0.005,0,0,0,0,0
111,2,100,0,0,0,0,0.005,0,0,0,0,0
111,1,100,0,0,0,0,0.005,0,0,0,0,0
112,2,100,0,0,0,0,0.005,0,0,0,0,0
112,1,100,0,0,0,0,0.005,0,0,0,0,0
113,2,100,0,0,0,0,0.005,0,0,0,0,0
113,1,100,0,0,0,0,0.005,0,0,0,0,0
114,2,100,0,0,0,0,0.005,0,0,0,0,0
114,1,100,0,0,0,0,0.005,0,0,0,0,0
115,2,100,0,0,0,0,0.005,0,0,0,0,0
115,1,100,0,0,0,0,0.005,0,0,0,0,0
116,2,100,0,0,0,0,0.005,0,0,0,0,0
116,1,100,0,0,0,0,0.005,0,0,0,0,0
117,2,100,0,0,0,0,0.005,0,0,0,0,0
117,1,100,0,0,0,0,0.005,0,0,0,0,0
118,2,100,0,0,0,0,0.005,0,0,0,0,0
118,1,100,0,0,0,0,0.005,0,0,0,0,0
119,2,100,0,0,0,0,0.005,0,0,0,0,0
119,1,100,0,0,0,0,0.005,0,0,0,0,0
120,2,100,0,0,0,0,0.005,0,0,0,0,0
120,1,100,0,0,0,0,0.005,0,0,0,0,0
121,2,100,0,0,0,0,0.005,0,0,0,0,0
121,1,100,0,0,0,0,0.005,0,0,0,0,0
122,2,100,0,0,0,0,0.005,0,0,0,0,0
122,1,100,0,0,0,0,0.005,0,0,0,0,0
123,2,100,0,0,0,0,0.005,0,0,0,0,0
123,1,100,0,0,0,0,0.005,0,0,0,0,0
124,2,100,0,0,0,0,0.005,0,0,0,0,0
124,1,100,0,0,0,0,0.005,0,0,0,0,0
125,2,100,0,0,0,0,0.005,0,0,0,0,0
125,1,100,0,0,0,0,0.005,0,0,0,0,0
126,2,100,0,0,0,0,0.005,0,0,0,0,0
126,1,100,0,0,0,0,0.005,0,0,0,0,0
127,2,100,0,0,0,0,0.005,0,0,0,0,0
127,1,100,0,0,0,0,0.005,0,0,0,0,0
128,2,100,0,0,0,0,0.005,0,0,0,0,0
128,1,100,0,0,0,0,0.005,0,0,0,0,0
129,2,100,0,0,0,0,0.005,0,0,0,0,0
129,1,100,0,0,0,0,0.005,0,0,0,0,0
130,2,100,0,0,0,0,0.005,0,0,0,0,0
130,1,100,0,0,0,0,0.005,0,0,0,0,0
131,2,100,0,0,0,0,0.005,0,0,0,0,0
131,1,100,0,0,0,0,0.005,0,0,0,0,0
132,2,100,0,0,0,0,0.005,0,0,0,0,0
132,1,100,0,0,0,0,0.005,0,0,0,0,0
133,2,100,0,0,0,0,0.005,0,0,0,0,0
133,1,100,0,0,0,0,0.005,0,0,0,0,0
134,2,100,0,0,0,0,0.005,0,0,0,0,0
134,1,100,0,0,0,0,0.005,0,0,0,0,0
135,2,100,0,0,0,0,0.005,0,0,0,0,0
135,1,100,0,0,0,0,0.005,0,0,0,0,0
136,2,100,0,0,0,0,0.005,0,0,0,0,0
136,1,100,0,0,0,0,0.005,0,0,0,0,0
137,2,100,0,0,0,0,0.005,0,0,0,0,0
137,1,100,0,0,0,0,0.005,0,0,0,0,0
138,2,100,0,0,0,0,0.005,0,0,0,0,0
138,1,100,0,0,0,0,0.005,0,0,0,0,0
139,2,100,0,0,0,0,0.005,0,0,0,0,0
139,1,100,0,0,0,0,0.005,0,0,0,0,0
140,2,100,0,0,0,0,0.005,0,0,0,0,0
140,1,100,0,0,0,0,0.005,0,0,0,0,0
141,2,100,0,0,0,0,0.005,0,0,0,0,0
141,1,100,0,0,0,0,0.005,0,0,0,0,0
142,2,100,0,0,0,0,0.005,0,0,0,0,0
142,1,100,0,0,0,0,0.005,0,0,0,0,0
143,2,100,0,0,0,0,0.005,0,0,0,0,0
143,1,100,0,0,0,0,0.005,0,0,0,0,0
144,2,100,0,0,0,0,0.005,0,0,0,0,0
144,1,100,0,0,0,0,0.005,0,0,0,0,0
145,2,100,0,0,0,0,0.005,0,0,0,0,0
145,1,100,0,0,0,0,0.005,0,0,0,0,0
146,2,100,0,0,0,0,0.005,0,0,0,0,0
146,1,100,0,0,0,0,0.005,0,0,0,0,0
147,2,100,0,0,0,0,0.005,0,0,0,0,0
147,1,100,0,0,0,0,0.005,0,0,0,0,0
148,2,100,0,0,0,0,0.005,0,0,0,0,0
148,1,100,0,0,0,0,0.005,0,0,0,0,0
149,2,100,0,0,0,0,0.005,0,0,0,0,0
149,1,100,0,0,0,0,0.005,0,0,0,0,0
150,2,100,0,0,0,0,0.005,0,0,0,0,0
150,1,100,0,0,0,0,0.005,0,0,0,0,0
151,2,100,100,0,0,0,0.005,1,0,0,0,0
151,1,100,100,0,0,0,0.005,1,0,0,0,0
152,2,100,100,0,0,0,0.005,1,0,0,0,0
152,1,100,100,0,0,0,0.005,1,0,0,0,0
153,2,100,100,0,0,0,0.005,1,0,0,0,0
153,1,100,100,0,0,0,0.005,1,0,0,0,0
154,2,100,100,0,0,0,0.005,1,0,0,0,0
154,1,100,100,0,0,0,0.005,1,0,0,0,0
155,2,100,100,0,0,0,0.005,1,0,0,0,0
155,1,100,100,0,0,0,0.005,1,0,0,0,0
156,2,100,100,0,0,0,0.005,1,0,0,0,0
156,1,100,100,0,0,0,0.005,1,0,0,0,0
157,2,100,100,0,0.0134454,0,0.005,1,0,0,0,0
157,1,100,100,0,0.013183,0,0.005,1,0,0,0,0
158,2,100,100,0,0.00516746,0,0.005,1,0,0,0,0
158,1,100,100,0,0.00507038,0,0.005,1,0,0,0,0
159,2,100,100,0,0.0217682,0,0.005,1,0,0,0,0
159,1,100,100,0,0.0215242,0,0.005,1,0,0,0,0
160,2,100,100,0,0.00487066,0,0.005,1,0,0,0,0
160,1,100,100,0,0.00481298,0,0.005,1,0,0,0,0
161,2,100,100,0,0.0148504,0,0.005,1,0,0,0,0
161,1,100,100,0,0.0146309,0,0.005,1,0,0,0,0
162,2,100,100,0,0.00265619,0,0.005,1,0,0,0,0
162,1,100,100,0,0.00261268,0,0.005,1,0,0,0,0
163,2,100,100,0,0.00691402,0,0.005,1,0,0,0,0
163,1,100,100,0,0.00677181,0,0.005,1,0,0,0,0
164,2,100,100,0,0.00110455,0,0.005,1,0,0,0,0
164,1,100,100,0,0.0010828,0,0.005,1,0,0,0,0
165,2,100,100,0,0.00263914,0,0.005,1,0,0,0,0
165,1,100,100,0,0.00259588,0,0.005,1,0,0,0,0
166,2,100,100,0,0.000398361,0,0.005,1,0,0,0,0
166,1,100,100,0,0.000393372,0,0.005,1,0,0,0,0
167,2,100,100,0,0.000915901,0,0.005,1,0,0,0,0
167,1,100,100,0,0.00089422,0,0.005,1,0,0,0,0
168,2,100,100,0,0.000133309,0,0.005,1,0,0,0,0
168,1,100,100,0,0.000131741,0,0.005,1,0,0,0,0
169,2,100,100,0,0.000301662,0,0.005,1,0,0,0,0
169,1,100,100,0,0.000294742,0,0.005,1,0,0,0,0
170,2,100,100,0,4.2842e-05,0,0.005,1,0,0,0,0
170,1,100,100,0,4.34239e-05,0,0.005,1,0,0,0,0
171,2,100,100,0,9.52811e-05,0,0.005,1,0,0,0,0
171,1,100,100,0,9.57191e-05,0,0.005,1,0,0,0,0
172,2,100,100,5.92836e-06,1.35484e-05,0.000369556,0.005,1,0,0,0,0
172,1,100,100,5.84514e-06,1.37074e-05,0.000364381,0.005,1,0,0,0,0
173,2,100,100,4.49251e-06,2.82658e-05,0.000279831,0.005,1,0,0,0,0
173,1,100,100,4.42536e-06,2.67456e-05,0.000275337,0.005,1,0,0,0,0
174,2,100,100,6.18728e-06,3.81657e-06,0.000385006,0.005,1,0,0,0,0
174,1,100,100,6.07973e-06,3.80289e-06,0.000378064,0.005,1,0,0,0,0
175,2,100,100,4.69165e-06,7.01078e-06,0.000292369,0.005,1,0,0,0,0
175,1,100,100,4.59772e-06,6.29759e-06,0.000285631,0.005,1,0,0,0,0
176,2,100,100,4.62401e-06,9.01389e-07,0.00028723,0.005,1,0,0,0,0
176,1,100,100,4.53086e-06,7.41679e-07,0.000281143,0.005,1,0,0,0,0
177,2,100,100,3.48889e-06,1.4984e-06,0.000216695,0.005,1,0,0,0,0
177,1,100,100,3.43758e-06,8.45713e-07,0.000212885,0.005,1,0,0,0,0
178,2,100,100,2.98808e-06,2.43396e-07,0.000184959,0.005,1,0,0,0,0
178,1,100,100,2.96149e-06,1.09778e-07,0.000182391,0.005,1,0,0,0,0
179,2,100,92,2.10103e-06,4.58185e-07,0.000129803,0.005,1,29,8,0,0
179,1,100,93,2.09987e-06,9.59657e-08,0.00012906,0.005,1,29,7,0,0
180,2,100,92,1.68975e-06,4.10569e-08,0.000103227,0.005,1,0,0,0,0
180,1,100,93,1.67975e-06,2.48635e-08,0.000102399,0.005,1,0,0,0,0
181,2,100,25,3.93899e-07,0,2.39811e-05,0.005,1,31,67,0,0
181,1,100,15,2.59523e-07,0,1.54331e-05,0.005,1,31,78,0,0
182,2,100,25,3.10578e-07,0,1.87472e-05,0.005,1,0,0,0,0
182,1,100,15,2.06076e-07,0,1.21111e-05,0.005,1,0,0,0,0
183,2,100,2,9.25977e-09,0,5.43276e-07,0.005,1,33,23,0,0
183,1,100,0,0,0,0,0.005,0,33,15,0,0
184,2,100,2,6.74316e-09,0,3.98418e-07,0.005,1,0,0,0,0
184,1,100,0,0,0,0,0.005,0,0,0,0,0
185,2,100,0,0,0,0,0.005,0,35,2,0,0
185,1,100,0,0,0,0,0.005,0,0,0,0,0
186,2,100,0,0,0,0,0.005,0,0,0,0,0
186,1,100,0,0,0,0,0.005,0,0,0,0,0
187,2,100,0,0,0,0,0.005,0,0,0,0,0
187,1,100,0,0,0,0,0.005,0,0,0,0,0
188,2,100,0,0,0,0,0.005,0,0,0,0,0
188,1,100,0,0,0,0,0.005,0,0,0,0,0
189,2,100,0,0,0,0,0.005,0,0,0,0,0
189,1,100,0,0,0,0,0.005,0,0,0,0,0
190,2,100,0,0,0,0,0.005,0,0,0,0,0
190,1,100,0,0,0,0,0.005,0,0,0,0,0
191,2,100,0,0,0,0,0.005,0,0,0,0,0
191,1,100,0,0,0,0,0.005,0,0,0,0,0
192,2,100,0,0,0,0,0.005,0,0,0,0,0
192,1,100,0,0,0,0,0.005,0,0,0,0,0
193,2,100,0,0,0,0,0.005,0,0,0,0,0
193,1,100,0,0,0,0,0.005,0,0,0,0,0
194,2,100,0,0,0,0,0.005,0,0,0,0,0
194,1,100,0,0,0,0,0.005,0,0,0,0,0
195,2,100,0,0,0,0,0.005,0,0,0,0,0
195,1,100,0,0,0,0,0.005,0,0,0,0,0
196,2,100,0,0,0,0,0.005,0,0,0,0,0
196,1,100,0,0,0,0,0.005,0,0,0,0,0
197,2,100,0,0,0,0,0.005,0,0,0,0,0
197,1,100,0,0,0,0,0.005,0,0,0,0,0
198,2,100,0,0,0,0,0.005,0,0,0,0,0
198,1,100,0,0,0,0,0.005,0,0,0,0,0
199,2,100,0,0,0,0,0.005,0,0,0,0,0
199,1,100,0,0,0,0,0.005,0,0,0,0,0
200,2,100,0,0,0,0,0.005,0,0,0,0,0
200,1,100,0,0,0,0,0.005,0,0,0,0,0
201,2,100,0,0,0,0,0.005,0,0,0,0,0
201,1,100,0,0,0,0,0.005,0,0,0,0,0
202,2,100,0,0,0,0,0.005,0,0,0,0,0
202,1,100,0,0,0,0,0.005,0,0,0,0,0
203,2,100,0,0,0,0,0.005,0,0,0,0,0
203,1,100,0,0,0,0,0.005,0,0,0,0,0
204,2,100,0,0,0,0,0.005,0,0,0,0,0
204,1,100,0,0,0,0,0.005,0,0,0,0,0
205,2,100,0,0,0,0,0.005,0,0,0,0,0
205,1,100,0,0,0,0,0.005,0,0,0,0,0
206,2,100,0,0,0,0,0.005,0,0,0,0,0
206,1,100,0,0,0,0,0.005,0,0,0,0,0
207,2,100,0,0,0,0,0.005,0,0,0,0,0
207,1,100,0,0,0,0,0.005,0,0,0,0,0
208,2,100,0,0,0,0,0.005,0,0,0,0,0
208,1,100,0,0,0,0,0.005,0,0,0,0,0
209,2,100,0,0,0,0,0.005,0,0,0,0,0
209,1,100,0,0,0,0,0.005,0,0,0,0,0
210,2,100,0,0,0,0,0.005,0,0,0,0,0
210,1,100,0,0,0,0,0.005,0,0,0,0,0
211,2,100,0,0,0,0,0.005,0,0,0,0,0
211,1,100,0,0,0,0,0.005,0,0,0,0,0
212,2,100,0,0,0,0,0.005,0,0,0,0,0
212,1,100,0,0,0,0,0.005,0,0,0,0,0
213,2,100,0,0,0,0,0.005,0,0,0,0,0
213,1,100,0,0,0,0,0.005,0,0,0,0,0
214,2,100,0,0,0,0,0.005,0,0,0,0,0
214,1,100,0,0,0,0,0.005,0,0,0,0,0
215,2,100,0,0,0,0,0.005,0,0,0,0,0
215,1,100,0,0,0,0,0.005,0,0,0,0,0
216,2,100,0,0,0,0,0.005,0,0,0,0,0
216,1,100,0,0,0,0,0.005,0,0,0,0,0
217,2,100,0,0,0,0,0.005,0,0,0,0,0
217,1,100,0,0,0,0,0.005,0,0,0,0,0
218,2,100,0,0,0,0,0.005,0,0,0,0,0
218,1,100,0,0,0,0,0.005,0,0,0,0,0
219,2,100,0,0,0,0,0.005,0,0,0,0,0
219,1,100,0,0,0,0,0.005,0,0,0,0,0
220,2,100,0,0,0,0,0.005,0,0,0,0,0
220,1,100,0,0,0,0,0.005,0,0,0,0,0
221,2,100,0,0,0,0,0.005,0,0,0,0,0
221,1,100,0,0,0,0,0.005,0,0,0,0,0
222,2,100,0,0,0,0,0.005,0,0,0,0,0
222,1,100,0,0,0,0,0.005,0,0,0,0,0
223,2,100,0,0,0,0,0.005,0,0,0,0,0
223,1,100,0,0,0,0,0.005,0,0,0,0,0
224,2,100,0,0,0,0,0.005,0,0,0,0,0
224,1,100,0,0,0,0,0.005,0,0,0,0,0
225,2,100,0,0,0,0,0.005,0,0,0,0,0
225,1,100,0,0,0,0,0.005,0,0,0,0,0
226,2,100,0,0,0,0,0.005,0,0,0,0,0
226,1,100,0,0,0,0,0.005,0,0,0,0,0
227,2,100,0,0,0,0,0.005,0,0,0,0,0
227,1,100,0,0,0,0,0.005,0,0,0,0,0
228,2,100,0,0,0,0,0.005,0,0,0,0,0
228,1,100,0,0,0,0,0.005,0,0,0,0,0
229,2,100,0,0,0,0,0.005,0,0,0,0,0
229,1,100,0,0,0,0,0.005,0,0,0,0,0
230,2,100,0,0,0,0,0.005,0,0,0,0,0
230,1,100,0,0,0,0,0.005,0,0,0,0,0
231,2,100,0,0,0,0,0.005,0,0,0,0,0
231,1,100,0,0,0,0,0.005,0,0,0,0,0
232,2,100,0,0,0,0,0.005,0,0,0,0,0
232,1,100,0,0,0,0,0.005,0,0,0,0,0
233,2,100,0,0,0,0,0.005,0,0,0,0,0
233,1,100,0,0,0,0,0.005,0,0,0,0,0
234,2,100,0,0,0,0,0.005,0,0,0,0,0
234,1,100,0,0,0,0,0.005,0,0,0,0,0
235,2,100,0,0,0,0,0.005,0,0,0,0,0
235,1,100,0,0,0,0,0.005,0,0,0,0,0
236,2,100,0,0,0,0,0.005,0,0,0,0,0
236,1,100,0,0,0,0,0.005,0,0,0,0,0
237,2,100,0,0,0,0,0.005,0,0,0,0,0
237,1,100,0,0,0,0,0.005,0,0,0,0,0
238,2,100,0,0,0,0,0.005,0,0,0,0,0
238,1,100,0,0,0,0,0.005,0,0,0,0,0
239,2,100,0,0,0,0,0.005,0,0,0,0,0
239,1,100,0,0,0,0,0.005,0,0,0,0,0
240,2,100,0,0,0,0,0.005,0,0,0,0,0
240,1,100,0,0,0,0,0.005,0,0,0,0,0
241,2,100,0,0,0,0,0.005,0,0,0,0,0
241,1,100,0,0,0,0,0.005,0,0,0,0,0
242,2,100,0,0,0,0,0.005,0,0,0,0,0
242,1,100,0,0,0,0,0.005,0,0,0,0,0
243,2,100,0,0,0,0,0.005,0,0,0,0,0
243,1,100,0,0,0,0,0.005,0,0,0,0,0
244,2,100,0,0,0,0,0.005,0,0,0,0,0
244,1,100,0,0,0,0,0.005,0,0,0,0,0
245,2,100,0,0,0,0,0.005,0,0,0,0,0
245,1,100,0,0,0,0,0.005,0,0,0,0,0
246,2,100,0,0,0,0,0.005,0,0,0,0,0
246,1,100,0,0,0,0,0.005,0,0,0,0,0
247,2,100,0,0,0,0,0.005,0,0,0,0,0
247,1,100,0,0,0,0,0.005,0,0,0,0,0
248,2,100,0,0,0,0,0.005,0,0,0,0,0
248,1,100,0,0,0,0,0.005,0,0,0,0,0
249,2,100,0,0,0,0,0.005,0,0,0,0,0
249,1,100,0,0,0,0,0.005,0,0,0,0,0
250,2,100,0,0,0,0,0.005,0,0,0,0,0
250,1,100,0,0,0,0,0.005,0,0,0,0,0
251,2,100,0,0,0,0,0.005,0,0,0,0,0
251,1,100,0,0,0,0,0.005,0,0,0,0,0
252,2,100,0,0,0,0,0.005,0,0,0,0,0
252,1,100,0,0,0,0,0.005,0,0,0,0,0
253,2,100,0,0,0,0,0.005,0,0,0,0,0
253,1,100,0,0,0,0,0.005,0,0,0,0,0
254,2,100,0,0,0,0,0.005,0,0,0,0,0
254,1,100,0,0,0,0,0.005,0,0,0,0,0
255,2,100,0,0,0,0,0.005,0,0,0,0,0
255,1,100,0,0,0,0,0.005,0,0,0,0,0
256,2,100,0,0,0,0,0.005,0,0,0,0,0
256,1,100,0,0,0,0,0.005,0,0,0,0,0
257,2,100,0,0,0,0,0.005,0,0,0,0,0
257,1,100,0,0,0,0,0.005,0,0,0,0,0
258,2,100,0,0,0,0,0.005,0,0,0,0,0
258,1,100,0,0,0,0,0.005,0,0,0,0,0
259,2,100,0,0,0,0,0.005,0,0,0,0,0
259,1,100,0,0,0,0,0.005,0,0,0,0,0
260,2,100,0,0,0,0,0.005,0,0,0,0,0
260,1,100,0,0,0,0,0.005,0,0,0,0,0
261,2,100,0,0,0,0,0.005,0,0,0,0,0
261,1,100,0,0,0,0,0.005,0,0,0,0,0
262,2,100,0,0,0,0,0.005,0,0,0,0,0
262,1,100,0,0,0,0,0.005,0,0,0,0,0
263,2,100,0,0,0,0,0.005,0,0,0,0,0
263,1,100,0,0,0,0,0.005,0,0,0,0,0
264,2,100,0,0,0,0,0.005,0,0,0,0,0
264,1,100,0,0,0,0,0.005,0,0,0,0,0
265,2,100,0,0,0,0,0.005,0,0,0,0,0
265,1,100,0,0,0,0,0.005,0,0,0,0,0
266,2,100,0,0,0,0,0.005,0,0,0,0,0
266,1,100,0,0,0,0,0.005,0,0,0,0,0
267,2,100,0,0,0,0,0.005,0,0,0,0,0
267,1,100,0,0,0,0,0.005,0,0,0,0,0
268,2,100,0,0,0,0,0.005,0,0,0,0,0
268,1,100,0,0,0,0,0.005,0,0,0,0,0
269,2,100,0,0,0,0,0.005,0,0,0,0,0
269,1,100,0,0,0,0,0.005,0,0,0,0,0
270,2,100,0,0,0,0,0.005,0,0,0,0,0
270,1,100,0,0,0,0,0.005,0,0,0,0,0
271,2,100,0,0,0,0,0.005,0,0,0,0,0
271,1,100,0,0,0,0,0.005,0,0,0,0,0
272,2,100,0,0,0,0,0.005,0,0,0,0,0
272,1,100,0,0,0,0,0.005,0,0,0,0,0
273,2,100,0,0,0,0,0.005,0,0,0,0,0
273,1,100,0,0,0,0,0.005,0,0,0,0,0
274,2,100,0,0,0,0,0.005,0,0,0,0,0
274,1,100,0,0,0,0,0.005,0,0,0,0,0
275,2,100,0,0,0,0,0.005,0,0,0,0,0
275,1,100,0,0,0,0,0.005,0,0,0,0,0
276,2,100,0,0,0,0,0.005,0,0,0,0,0
276,1,100,0,0,0,0,0.005,0,0,0,0,0
277,2,100,0,0,0,0,0.005,0,0,0,0,0
277,1,100,0,0,0,0,0.005,0,0,0,0,0
278,2,100,0,0,0,0,0.005,0,0,0,0,0
278,1,100,0,0,0,0,0.005,0,0,0,0,0
279,2,100,0,0,0,0,0.005,0,0,0,0,0
279,1,100,0,0,0,0,0.005,0,0,0,0,0
280,2,100,0,0,0,0,0.005,0,0,0,0,0
280,1,100,0,0,0,0,0.005,0,0,0,0,0
281,2,100,0,0,0,0,0.005,0,0,0,0,0
281,1,100,0,0,0,0,0.005,0,0,0,0,0
282,2,100,0,0,0,0,0.005,0,0,0,0,0
282,1,100,0,0,0,0,0.005,0,0,0,0,0
283,2,100,0,0,0,0,0.005,0,0,0,0,0
283,1,100,0,0,0,0,0.005,0,0,0,0,0
284,2,100,0,0,0,0,0.005,0,0,0,0,0
284,1,100,0,0,0,0,0.005,0,0,0,0,0
285,2,100,0,0,0,0,0.005,0,0,0,0,0
285,1,100,0,0,0,0,0.005,0,0,0,0,0
286,2,100,0,0,0,0,0.005,0,0,0,0,0
286,1,100,0,0,0,0,0.005,0,0,0,0,0
287,2,100,0,0,0,0,0.005,0,0,0,0,0
287,1,100,0,0,0,0,0.005,0,0,0,0,0
288,2,100,0,0,0,0,0.005,0,0,0,0,0
288,1,100,0,0,0,0,0.005,0,0,0,0,0
289,2,100,0,0,0,0,0.005,0,0,0,0,0
289,1,100,0,0,0,0,0.005,0,0,0,0,0
290,2,100,0,0,0,0,0.005,0,0,0,0,0
290,1,100,0,0,0,0,0.005,0,0,0,0,0
291,2,100,0,0,0,0,0.005,0,0,0,0,0
291,1,100,0,0,0,0,0.005,0,0,0,0,0
292,2,100,0,0,0,0,0.005,0,0,0,0,0
292,1,100,0,0,0,0,0.005,0,0,0,0,0
293,2,100,0,0,0,0,0.005,0,0,0,0,0
293,1,100,0,0,0,0,0.005,0,0,0,0,0
294,2,100,0,0,0,0,0.005,0,0,0,0,0
294,1,100,0,0,0,0,0.005,0,0,0,0,0
295,2,100,0,0,0,0,0.005,0,0,0,0,0
295,1,100,0,0,0,0,0.005,0,0,0,0,0
296,2,100,0,0,0,0,0.005,0,0,0,0,0
296,1,100,0,0,0,0,0.005,0,0,0,0,0
297,2,100,0,0,0,0,0.005,0,0,0,0,0
297,1,100,0,0,0,0,0.005,0,0,0,0,0
298,2,100,0,0,0,0,0.005,0,0,0,0,0
298,1,100,0,0,0,0,0.005,0,0,0,0,0
299,2,100,0,0,0,0,0.005,0,0,0,0,0
299,1,100,0,0,0,0,0.005,0,0,0,0,0
300,2,100,0,0,0,0,0.005,0,0,0,0,0
300,1,100,0,0,0,0,0.005,0,0,0,0,0
301,2,100,100,0,0,0,0.005,1,0,0,0,0
301,1,100,100,0,0,0,0.005,1,0,0,0,0
302,2,100,100,0,0,0,0.005,1,0,0,0,0
302,1,100,100,0,0,0,0.005,1,0,0,0,0
303,2,100,100,0,0,0,0.005,1,0,0,0,0
303,1,100,100,0,0,0,0.005,1,0,0,0,0
304,2,100,100,0,0,0,0.005,1,0,0,0,0
304,1,100,100,0,0,0,0.005,1,0,0,0,0
305,2,100,100,0,0,0,0.005,1,0,0,0,0
305,1,100,100,0,0,0,0.005,1,0,0,0,0
306,2,100,100,0,0,0,0.005,1,0,0,0,0
306,1,100,100,0,0,0,0.005,1,0,0,0,0
307,2,100,100,0,0.0127011,0,0.005,1,0,0,0,0
307,1,100,100,0,0.0124854,0,0.005,1,0,0,0,0
308,2,100,100,0,0.00671389,0,0.005,1,0,0,0,0
308,1,100,100,0,0.00660646,0,0.005,1,0,0,0,0
309,2,100,100,0,0.0513354,0,0.005,1,0,0,0,0
309,1,100,100,0,0.0504792,0,0.005,1,0,0,0,0
310,2,100,100,0,0.0246804,0,0.005,1,0,0,0,0
310,1,100,100,0,0.0242887,0,0.005,1,0,0,0,0
311,2,100,100,0,0.184237,0,0.005,1,0,0,0,0
311,1,100,100,0,0.181255,0,0.005,1,0,0,0,0
312,2,100,100,0,0.0882424,0,0.005,1,0,0,0,0
312,1,100,100,0,0.0868327,0,0.005,1,0,0,0,0
313,2,100,100,0,0.654872,0,0.005,1,0,0,0,0
313,1,100,100,0,0.645041,0,0.005,1,0,0,0,0
314,2,100,100,0,0.311889,0,0.005,1,0,0,0,0
314,1,100,100,0,0.307371,0,0.005,1,0,0,0,0
315,2,100,100,0,2.30083,0,0.005,1,0,0,0,0
315,1,100,100,0,2.26879,0,0.005,1,0,0,0,0
316,2,100,100,0,1.08647,0,0.005,1,0,0,0,0
316,1,100,100,0,1.07228,0,0.005,1,0,0,0,0
317,2,100,100,0,7.91013,0,0.005,1,0,0,0,0
317,1,100,100,0,7.82309,0,0.005,1,0,0,0,0
318,2,100,100,0,3.59225,0,0.005,1,0,0,0,0
318,1,100,100,0,3.57105,0,0.005,1,0,0,0,0
319,2,100,100,0,22.9339,0,0.005,1,0,0,0,0
319,1,100,100,0,22.9739,0,0.005,1,0,0,0,0
320,2,100,100,0,8.36288,0,0.005,1,0,0,0,0
320,1,100,100,0,8.40685,0,0.005,1,0,0,0,0
321,2,100,100,0,39.8573,0,0.005,1,0,0,0,0
321,1,100,100,0,40.1788,0,0.005,1,0,0,0,0
322,2,100,100,6.16504e-05,10.3475,0.00410292,0.005,1,0,0,0,0
322,1,100,100,6.06061e-05,10.4426,0.0040373,0.005,1,0,0,0,0
323,2,100,100,4.94148e-05,35.9694,0.00310807,0.005,1,0,0,0,0
323,1,100,100,4.85703e-05,36.3917,0.00305448,0.005,1,0,0,0,0
324,2,100,100,0.000257977,7.11856,0.0169531,0.005,1,0,0,0,0
324,1,100,100,0.000253786,7.21956,0.0166957,0.005,1,0,0,0,0
325,2,100,100,0.000204548,20.0096,0.0128441,0.005,1,0,0,0,0
325,1,100,100,0.000201498,20.3348,0.0126554,0.005,1,0,0,0,0
326,2,100,100,0.000950845,3.38298,0.0610762,0.005,1,0,0,0,0
326,1,100,100,0.000936781,3.44318,0.0602142,0.005,1,0,0,0,0
327,2,100,100,0.000738559,8.47551,0.046282,0.005,1,0,0,0,0
327,1,100,100,0.000728025,8.63702,0.0456336,0.005,1,0,0,0,0
328,2,100,100,0.00334525,1.31791,0.211909,0.005,1,0,0,0,0
328,1,100,100,0.00330538,1.34427,0.209438,0.005,1,0,0,0,0
329,2,100,100,0.00256248,3.10904,0.160569,0.005,1,0,0,0,0
329,1,100,100,0.00253295,3.17334,0.158717,0.005,1,0,0,0,0
330,2,100,100,0.0102262,0.463018,0.645976,0.005,1,0,0,0,0
330,1,100,100,0.0102123,0.472735,0.645139,0.005,1,0,0,0,0
331,2,100,100,0.00779256,1.05854,0.489519,0.005,1,0,0,0,0
331,1,100,100,0.00778222,1.08145,0.488897,0.005,1,0,0,0,0
332,2,100,100,0.020861,0.154098,1.32039,0.005,1,0,0,0,0
332,1,100,100,0.0209714,0.157526,1.32752,0.005,1,0,0,0,0
333,2,100,100,0.015876,0.346785,1.00062,0.005,1,0,0,0,0
333,1,100,100,0.0159609,0.354446,1.00606,0.005,1,0,0,0,0
334,2,100,100,0.0260103,0.0499311,1.6482,0.005,1,0,0,0,0
334,1,100,100,0.0262354,0.0510483,1.66263,0.005,1,0,0,0,0
335,2,100,100,0.0197883,0.11139,1.24919,0.005,1,0,0,0,0
335,1,100,100,0.0199594,0.114015,1.26012,0.005,1,0,0,0,0
336,2,100,100,0.0229828,0.0159428,1.45358,0.005,1,0,0,0,0
336,1,100,100,0.0232402,0.0163213,1.47005,0.005,1,0,0,0,0
337,2,100,100,0.0174725,0.0354794,1.1017,0.005,1,0,0,0,0
337,1,100,100,0.0176689,0.0363073,1.11421,0.005,1,0,0,0,0
338,2,100,100,0.0166953,0.00506257,1.05239,0.005,1,0,0,0,0
338,1,100,100,0.0169085,0.00518218,1.06598,0.005,1,0,0,0,0
339,2,100,100,0.0126806,0.0112077,0.797607,0.005,1,0,0,0,0
339,1,100,100,0.0128431,0.0115263,0.807903,0.005,1,0,0,0,0
340,2,100,100,0.0108964,0.00159758,0.684805,0.005,1,0,0,0,0
340,1,100,100,0.0110465,0.00164199,0.694267,0.005,1,0,0,0,0
341,2,100,100,0.00827021,0.00353588,0.519015,0.005,1,0,0,0,0
341,1,100,100,0.00838436,0.00364148,0.5262,0.005,1,0,0,0,0
342,2,100,100,0.00670999,0.000502627,0.420759,0.005,1,0,0,0,0
342,1,100,100,0.00680681,0.00051765,0.426854,0.005,1,0,0,0,0
343,2,100,100,0.00508987,0.0011066,0.318906,0.005,1,0,0,0,0
343,1,100,100,0.00516309,0.00114064,0.323495,0.005,1,0,0,0,0
344,2,100,100,0.00400341,0.000158317,0.250699,0.005,1,0,0,0,0
344,1,100,100,0.00406237,0.00016103,0.254384,0.005,1,0,0,0,0
345,2,100,100,0.00303602,0.000344527,0.190012,0.005,1,0,0,0,0
345,1,100,100,0.00308072,0.000348016,0.192815,0.005,1,0,0,0,0
346,2,100,100,0.00234786,4.94174e-05,0.146898,0.005,1,0,0,0,0
346,1,100,100,0.00238343,4.94706e-05,0.149103,0.005,1,0,0,0,0
347,2,100,100,0.00177982,0.00010907,0.111328,0.005,1,0,0,0,0
347,1,100,100,0.00180694,0.000106467,0.113005,0.005,1,0,0,0,0
348,2,100,100,0.00136376,1.52345e-05,0.0852839,0.005,1,0,0,0,0
348,1,100,100,0.00138493,1.51085e-05,0.0865919,0.005,1,0,0,0,0
349,2,100,100,0.00103364,3.16598e-05,0.0646239,0.005,1,0,0,0,0
349,1,100,100,0.00104971,3.13287e-05,0.0656212,0.005,1,0,0,0,0
350,2,100,100,0.000788003,4.34435e-06,0.0492586,0.005,1,0,0,0,0
350,1,100,100,0.000800464,4.26689e-06,0.0500329,0.005,1,0,0,0,0
351,2,100,100,0.000597537,8.19787e-06,0.0373427,0.005,1,0,0,0,0
351,1,100,100,0.000606557,6.9899e-06,0.0379144,0.005,1,0,0,0,0
352,2,100,100,0.000454292,1.0475e-06,0.0283871,0.005,1,0,0,0,0
352,1,100,100,0.000461315,9.58439e-07,0.0288358,0.005,1,0,0,0,0
353,2,100,96,0.000335975,1.89552e-06,0.02099,0.005,1,53,4,0,0
353,1,100,95,0.000338353,1.88646e-06,0.0211521,0.005,1,53,5,0,0
354,2,100,96,0.000255207,2.70686e-07,0.0159432,0.005,1,0,0,0,0
354,1,100,95,0.000256967,2.1526e-07,0.0160617,0.005,1,0,0,0,0
355,2,100,83,0.000175958,6.65003e-07,0.0109955,0.005,1,55,13,0,0
355,1,100,83,0.000177122,3.2286e-07,0.0110702,0.005,1,55,12,0,0
356,2,100,83,0.000133478,7.01852e-08,0.00834013,0.005,1,0,0,0,0
356,1,100,83,0.00013438,3.1663e-08,0.00839667,0.005,1,0,0,0,0
357,2,100,52,6.70779e-05,1.21795e-07,0.00419305,0.005,1,57,31,0,0
357,1,100,57,7.39156e-05,0,0.00461857,0.005,1,57,26,0,0
358,2,100,52,5.08909e-05,2.95194e-08,0.00318012,0.005,1,0,0,0,0
358,1,100,57,5.60831e-05,0,0.0035043,0.005,1,0,0,0,0
359,2,100,12,8.84736e-06,5.27362e-08,0.000553879,0.005,1,59,40,0,0
359,1,100,11,9.02528e-06,0,0.00056356,0.005,1,59,46,0,0
360,2,100,12,6.71058e-06,8.14608e-09,0.000420232,0.005,1,0,0,0,0
360,1,100,11,6.84718e-06,0,0.000427553,0.005,1,0,0,0,0
361,2,100,1,3.34648e-07,0,2.08067e-05,0.005,1,60.9318,11,0,0
361,1,100,0,0,0,0,0.005,0,61,11,0,0
362,2,100,1,2.52307e-07,0,1.56666e-05,0.005,1,0,0,0,0
362,1,100,0,0,0,0,0.005,0,0,0,0,0
363,2,100,1,1.91929e-07,0,1.19136e-05,0.005,1,0,0,0,0
363,1,100,0,0,0,0,0.005,0,0,0,0,0
364,2,100,1,1.43613e-07,0,9.00026e-06,0.005,1,0,0,0,0
364,1,100,0,0,0,0,0.005,0,0,0,0,0
365,2,100,0,0,0,0,0.005,0,65,1,0,0
365,1,100,0,0,0,0,0.005,0,0,0,0,0
366,2,100,0,0,0,0,0.005,0,0,0,0,0
366,1,100,0,0,0,0,0.005,0,0,0,0,0
367,2,100,0,0,0,0,0.005,0,0,0,0,0
367,1,100,0,0,0,0,0.005,0,0,0,0,0
368,2,100,0,0,0,0,0.005,0,0,0,0,0
368,1,100,0,0,0,0,0.005,0,0,0,0,0
369,2,100,0,0,0,0,0.005,0,0,0,0,0
369,1,100,0,0,0,0,0.005,0,0,0,0,0
370,2,100,0,0,0,0,0.005,0,0,0,0,0
370,1,100,0,0,0,0,0.005,0,0,0,0,0
371,2,100,0,0,0,0,0.005,0,0,0,0,0
371,1,100,0,0,0,0,0.005,0,0,0,0,0
372,2,100,0,0,0,0,0.005,0,0,0,0,0
372,1,100,0,0,0,0,0.005,0,0,0,0,0
373,2,100,0,0,0,0,0.005,0,0,0,0,0
373,1,100,0,0,0,0,0.005,0,0,0,0,0
374,2,100,0,0,0,0,0.005,0,0,0,0,0
374,1,100,0,0,0,0,0.005,0,0,0,0,0
375,2,100,0,0,0,0,0.005,0,0,0,0,0
375,1,100,0,0,0,0,0.005,0,0,0,0,0
376,2,100,0,0,0,0,0.005,0,0,0,0,0
376,1,100,0,0,0,0,0.005,0,0,0,0,0
377,2,100,0,0,0,0,0.005,0,0,0,0,0
377,1,100,0,0,0,0,0.005,0,0,0,0,0
378,2,100,0,0,0,0,0.005,0,0,0,0,0
378,1,100,0,0,0,0,0.005,0,0,0,0,0
379,2,100,0,0,0,0,0.005,0,0,0,0,0
379,1,100,0,0,0,0,0.005,0,0,0,0,0
380,2,100,0,0,0,0,0.005,0,0,0,0,0
380,1,100,0,0,0,0,0.005,0,0,0,0,0
381,2,100,0,0,0,0,0.005,0,0,0,0,0
381,1,100,0,0,0,0,0.005,0,0,0,0,0
382,2,100,0,0,0,0,0.005,0,0,0,0,0
382,1,100,0,0,0,0,0.005,0,0,0,0,0
383,2,100,0,0,0,0,0.005,0,0,0,0,0
383,1,100,0,0,0,0,0.005,0,0,0,0,0
384,2,100,0,0,0,0,0.005,0,0,0,0,0
384,1,100,0,0,0,0,0.005,0,0,0,0,0
385,2,100,0,0,0,0,0.005,0,0,0,0,0
385,1,100,0,0,0,0,0.005,0,0,0,0,0
386,2,100,0,0,0,0,0.005,0,0,0,0,0
386,1,100,0,0,0,0,0.005,0,0,0,0,0
387,2,100,0,0,0,0,0.005,0,0,0,0,0
387,1,100,0,0,0,0,0.005,0,0,0,0,0
388,2,100,0,0,0,0,0.005,0,0,0,0,0
388,1,100,0,0,0,0,0.005,0,0,0,0,0
389,2,100,0,0,0,0,0.005,0,0,0,0,0
389,1,100,0,0,0,0,0.005,0,0,0,0,0
390,2,100,0,0,0,0,0.005,0,0,0,0,0
390,1,100,0,0,0,0,0.005,0,0,0,0,0
391,2,100,0,0,0,0,0.005,0,0,0,0,0
391,1,100,0,0,0,0,0.005,0,0,0,0,0
392,2,100,0,0,0,0,0.005,0,0,0,0,0
392,1,100,0,0,0,0,0.005,0,0,0,0,0
393,2,100,0,0,0,0,0.005,0,0,0,0,0
393,1,100,0,0,0,0,0.005,0,0,0,0,0
394,2,100,0,0,0,0,0.005,0,0,0,0,0
394,1,100,0,0,0,0,0.005,0,0,0,0,0
395,2,100,0,0,0,0,0.005,0,0,0,0,0
395,1,100,0,0,0,0,0.005,0,0,0,0,0
396,2,100,0,0,0,0,0.005,0,0,0,0,0
396,1,100,0,0,0,0,0.005,0,0,0,0,0
397,2,100,0,0,0,0,0.005,0,0,0,0,0
397,1,100,0,0,0,0,0.005,0,0,0,0,0
398,2,100,0,0,0,0,0.005,0,0,0,0,0
398,1,100,0,0,0,0,0.005,0,0,0,0,0
399,2,100,0,0,0,0,0.005,0,0,0,0,0
399,1,100,0,0,0,0,0.005,0,0,0,0,0
400,2,100,0,0,0,0,0.005,0,0,0,0,0
400,1,100,0,0,0,0,0.005,0,0,0,0,0
401,2,100,0,0,0,0,0.005,0,0,0,0,0
401,1,100,0,0,0,0,0.005,0,0,0,0,0
402,2,100,0,0,0,0,0.005,0,0,0,0,0
402,1,100,0,0,0,0,0.005,0,0,0,0,0
403,2,100,0,0,0,0,0.005,0,0,0,0,0
403,1,100,0,0,0,0,0.005,0,0,0,0,0
404,2,100,0,0,0,0,0.005,0,0,0,0,0
404,1,100,0,0,0,0,0.005,0,0,0,0,0
405,2,100,0,0,0,0,0.005,0,0,0,0,0
405,1,100,0,0,0,0,0.005,0,0,0,0,0
406,2,100,0,0,0,0,0.005,0,0,0,0,0
406,1,100,0,0,0,0,0.005,0,0,0,0,0
407,2,100,0,0,0,0,0.005,0,0,0,0,0
407,1,100,0,0,0,0,0.005,0,0,0,0,0
408,2,100,0,0,0,0,0.005,0,0,0,0,0
408,1,100,0,0,0,0,0.005,0,0,0,0,0
409,2,100,0,0,0,0,0.005,0,0,0,0,0
409,1,100,0,0,0,0,0.005,0,0,0,0,0
410,2,100,0,0,0,0,0.005,0,0,0,0,0
410,1,100,0,0,0,0,0.005,0,0,0,0,0
411,2,100,0,0,0,0,0.005,0,0,0,0,0
411,1,100,0,0,0,0,0.005,0,0,0,0,0
412,2,100,0,0,0,0,0.005,0,0,0,0,0
412,1,100,0,0,0,0,0.005,0,0,0,0,0
413,2,100,0,0,0,0,0.005,0,0,0,0,0
413,1,100,0,0,0,0,0.005,0,0,0,0,0
414,2,100,0,0,0,0,0.005,0,0,0,0,0
414,1,100,0,0,0,0,0.005,0,0,0,0,0
415,2,100,0,0,0,0,0.005,0,0,0,0,0
415,1,100,0,0,0,0,0.005,0,0,0,0,0
416,2,100,0,0,0,0,0.005,0,0,0,0,0
416,1,100,0,0,0,0,0.005,0,0,0,0,0
417,2,100,0,0,0,0,0.005,0,0,0,0,0
417,1,100,0,0,0,0,0.005,0,0,0,0,0
418,2,100,0,0,0,0,0.005,0,0,0,0,0
418,1,100,0,0,0,0,0.005,0,0,0,0,0
419,2,100,0,0,0,0,0.005,0,0,0,0,0
419,1,100,0,0,0,0,0.005,0,0,0,0,0
420,2,100,0,0,0,0,0.005,0,0,0,0,0
420,1,100,0,0,0,0,0.005,0,0,0,0,0
421,2,100,0,0,0,0,0.005,0,0,0,0,0
421,1,100,0,0,0,0,0.005,0,0,0,0,0
422,2,100,0,0,0,0,0.005,0,0,0,0,0
422,1,100,0,0,0,0,0.005,0,0,0,0,0
423,2,100,0,0,0,0,0.005,0,0,0,0,0
423,1,100,0,0,0,0,0.005,0,0,0,0,0
424,2,100,0,0,0,0,0.005,0,0,0,0,0
424,1,100,0,0,0,0,0.005,0,0,0,0,0
425,2,100,0,0,0,0,0.005,0,0,0,0,0
425,1,100,0,0,0,0,0.005,0,0,0,0,0
426,2,100,0,0,0,0,0.005,0,0,0,0,0
426,1,100,0,0,0,0,0.005,0,0,0,0,0
427,2,100,0,0,0,0,0.005,0,0,0,0,0
427,1,100,0,0,0,0,0.005,0,0,0,0,0
428,2,100,0,0,0,0,0.005,0,0,0,0,0
428,1,100,0,0,0,0,0.005,0,0,0,0,0
429,2,100,0,0,0,0,0.005,0,0,0,0,0
429,1,100,0,0,0,0,0.005,0,0,0,0,0
430,2,100,0,0,0,0,0.005,0,0,0,0,0
430,1,100,0,0,0,0,0.005,0,0,0,0,0
431,2,100,0,0,0,0,0.005,0,0,0,0,0
431,1,100,0,0,0,0,0.005,0,0,0,0,0
432,2,100,0,0,0,0,0.005,0,0,0,0,0
432,1,100,0,0,0,0,0.005,0,0,0,0,0
433,2,100,0,0,0,0,0.005,0,0,0,0,0
433,1,100,0,0,0,0,0.005,0,0,0,0,0
434,2,100,0,0,0,0,0.005,0,0,0,0,0
434,1,100,0,0,0,0,0.005,0,0,0,0,0
435,2,100,0,0,0,0,0.005,0,0,0,0,0
435,1,100,0,0,0,0,0.005,0,0,0,0,0
436,2,100,0,0,0,0,0.005,0,0,0,0,0
436,1,100,0,0,0,0,0.005,0,0,0,0,0
437,2,100,0,0,0,0,0.005,0,0,0,0,0
437,1,100,0,0,0,0,0.005,0,0,0,0,0
438,2,100,0,0,0,0,0.005,0,0,0,0,0
438,1,100,0,0,0,0,0.005,0,0,0,0,0
439,2,100,0,0,0,0,0.005,0,0,0,0,0
439,1,100,0,0,0,0,0.005,0,0,0,0,0
440,2,100,0,0,0,0,0.005,0,0,0,0,0
440,1,100,0,0,0,0,0.005,0,0,0,0,0
441,2,100,0,0,0,0,0.005,0,0,0,0,0
441,1,100,0,0,0,0,0.005,0,0,0,0,0
442,2,100,0,0,0,0,0.005,0,0,0,0,0
442,1,100,0,0,0,0,0.005,0,0,0,0,0
443,2,100,0,0,0,0,0.005,0,0,0,0,0
443,1,100,0,0,0,0,0.005,0,0,0,0,0
444,2,100,0,0,0,0,0.005,0,0,0,0,0
444,1,100,0,0,0,0,0.005,0,0,0,0,0
445,2,100,0,0,0,0,0.005,0,0,0,0,0
445,1,100,0,0,0,0,0.005,0,0,0,0,0
446,2,100,0,0,0,0,0.005,0,0,0,0,0
446,1,100,0,0,0,0,0.005,0,0,0,0,0
447,2,100,0,0,0,0,0.005,0,0,0,0,0
447,1,100,0,0,0,0,0.005,0,0,0,0,0
448,2,100,0,0,0,0,0.005,0,0,0,0,0
448,1,100,0,0,0,0,0.005,0,0,0,0,0
449,2,100,0,0,0,0,0.005,0,0,0,0,0
449,1,100,0,0,0,0,0.005,0,0,0,0,0
450,2,100,0,0,0,0,0.005,0,0,0,0,0
450,1,100,0,0,0,0,0.005,0,0,0,0,0
451,2,100,100,0,0,0,0.005,1,0,0,0,0
451,1,100,100,0,0,0,0.005,1,0,0,0,0
452,2,100,100,0,0,0,0.005,1,0,0,0,0
452,1,100,100,0,0,0,0.005,1,0,0,0,0
453,2,100,100,0,0,0,0.005,1,0,0,0,0
453,1,100,100,0,0,0,0.005,1,0,0,0,0
454,2,100,100,0,0,0,0.005,1,0,0,0,0
454,1,100,100,0,0,0,0.005,1,0,0,0,0
455,2,100,100,0,0,0,0.005,1,0,0,0,0
455,1,100,100,0,0,0,0.005,1,0,0,0,0
456,2,100,100,0,0,0,0.005,1,0,0,0,0
456,1,100,100,0,0,0,0.005,1,0,0,0,0
457,2,100,100,0,0.0120361,0,0.005,1,0,0,0,0
457,1,100,100,0,0.0118567,0,0.005,1,0,0,0,0
458,2,100,100,0,0.004949,0,0.005,1,0,0,0,0
458,1,100,100,0,0.00487033,0,0.005,1,0,0,0,0
459,2,100,100,0,0.0221968,0,0.005,1,0,0,0,0
459,1,100,100,0,0.0219146,0,0.005,1,0,0,0,0
460,2,100,100,0,0.00516673,0,0.005,1,0,0,0,0
460,1,100,100,0,0.00509362,0,0.005,1,0,0,0,0
461,2,100,100,0,0.0161847,0,0.005,1,0,0,0,0
461,1,100,100,0,0.0160143,0,0.005,1,0,0,0,0
462,2,100,100,0,0.0029521,0,0.005,1,0,0,0,0
462,1,100,100,0,0.00293332,0,0.005,1,0,0,0,0
463,2,100,100,0,0.00780948,0,0.005,1,0,0,0,0
463,1,100,100,0,0.00775765,0,0.005,1,0,0,0,0
464,2,100,100,0,0.00126168,0,0.005,1,0,0,0,0
464,1,100,100,0,0.00125205,0,0.005,1,0,0,0,0
465,2,100,100,0,0.0030648,0,0.005,1,0,0,0,0
465,1,100,100,0,0.00304689,0,0.005,1,0,0,0,0
466,2,100,100,0,0.000468365,0,0.005,1,0,0,0,0
466,1,100,100,0,0.00046201,0,0.005,1,0,0,0,0
467,2,100,100,0,0.00107905,0,0.005,1,0,0,0,0
467,1,100,100,0,0.00107152,0,0.005,1,0,0,0,0
468,2,100,100,0,0.000158423,0,0.005,1,0,0,0,0
468,1,100,100,0,0.000156613,0,0.005,1,0,0,0,0
469,2,100,100,0,0.000361863,0,0.005,1,0,0,0,0
469,1,100,100,0,0.000352394,0,0.005,1,0,0,0,0
470,2,100,100,0,5.22114e-05,0,0.005,1,0,0,0,0
470,1,100,100,0,5.05645e-05,0,0.005,1,0,0,0,0
471,2,100,100,0,0.000114553,0,0.005,1,0,0,0,0
471,1,100,100,0,0.000113117,0,0.005,1,0,0,0,0
472,2,100,100,6.45334e-06,1.59676e-05,0.000402399,0.005,1,0,0,0,0
472,1,100,100,6.387e-06,1.6573e-05,0.000398358,0.005,1,0,0,0,0
473,2,100,100,4.88505e-06,3.20508e-05,0.00030464,0.005,1,0,0,0,0
473,1,100,100,4.83636e-06,3.49492e-05,0.000301383,0.005,1,0,0,0,0
474,2,100,100,6.85648e-06,4.21475e-06,0.000426824,0.005,1,0,0,0,0
474,1,100,100,6.80014e-06,4.88852e-06,0.000423545,0.005,1,0,0,0,0
475,2,100,100,5.19268e-06,7.34355e-06,0.000322991,0.005,1,0,0,0,0
475,1,100,100,5.15128e-06,8.21319e-06,0.000321064,0.005,1,0,0,0,0
476,2,100,100,5.15179e-06,9.85527e-07,0.000320162,0.005,1,0,0,0,0
476,1,100,100,5.11998e-06,1.13197e-06,0.00031825,0.005,1,0,0,0,0
477,2,100,100,3.89482e-06,1.65803e-06,0.000242248,0.005,1,0,0,0,0
477,1,100,100,3.85321e-06,2.8015e-06,0.000239737,0.005,1,0,0,0,0
478,2,100,100,3.38632e-06,1.58361e-07,0.000209698,0.005,1,0,0,0,0
478,1,100,100,3.34121e-06,5.28845e-07,0.000207347,0.005,1,0,0,0,0
479,2,100,100,2.56508e-06,1.87502e-07,0.000158544,0.005,1,0,0,0,0
479,1,100,100,2.51116e-06,8.55726e-07,0.000156325,0.005,1,0,0,0,0
480,2,100,100,2.08099e-06,4.81615e-08,0.000127435,0.005,1,0,0,0,0
480,1,100,100,2.02609e-06,1.3839e-07,0.000125272,0.005,1,0,0,0,0
481,2,100,34,5.18276e-07,1.26266e-07,3.182e-05,0.005,1,31,66,0,0
481,1,100,37,6.29982e-07,1.10225e-07,3.89226e-05,0.005,1,31,63,0,0
482,2,100,34,4.06198e-07,2.29412e-08,2.4567e-05,0.005,1,0,0,0,0
482,1,100,37,4.87097e-07,5.85696e-09,3.00237e-05,0.005,1,0,0,0,0
483,2,100,1,2.63824e-08,1.26088e-07,1.57036e-06,0.005,1,33,33,0,0
483,1,100,3,1.85737e-08,0,1.13376e-06,0.005,1,32.9853,34,0,0
484,2,100,1,1.834e-08,2.29088e-08,1.06526e-06,0.005,1,0,0,0,0
484,1,100,3,1.47441e-08,0,8.80557e-07,0.005,1,0,0,0,0
485,2,100,1,1.35162e-08,1.60249e-07,7.78351e-07,0.005,1,0,0,0,0
485,1,100,1,2.84e-09,0,1.86e-07,0.005,1,35,2,0,0
486,2,100,1,1.09885e-08,1.14383e-08,6.17666e-07,0.005,1,0,0,0,0
486,1,100,1,1.88e-09,0,1.26e-07,0.005,1,0,0,0,0
487,2,100,0,0,0,0,0.005,0,36.25,1,0,0
487,1,100,0,0,0,0,0.005,0,37,1,0,0
488,2,100,0,0,0,0,0.005,0,0,0,0,0
488,1,100,0,0,0,0,0.005,0,0,0,0,0
489,2,100,0,0,0,0,0.005,0,0,0,0,0
489,1,100,0,0,0,0,0.005,0,0,0,0,0
490,2,100,0,0,0,0,0.005,0,0,0,0,0
490,1,100,0,0,0,0,0.005,0,0,0,0,0
491,2,100,0,0,0,0,0.005,0,0,0,0,0
491,1,100,0,0,0,0,0.005,0,0,0,0,0
492,2,100,0,0,0,0,0.005,0,0,0,0,0
492,1,100,0,0,0,0,0.005,0,0,0,0,0
493,2,100,0,0,0,0,0.005,0,0,0,0,0
493,1,100,0,0,0,0,0.005,0,0,0,0,0
494,2,100,0,0,0,0,0.005,0,0,0,0,0
494,1,100,0,0,0,0,0.005,0,0,0,0,0
495,2,100,0,0,0,0,0.005,0,0,0,0,0
495,1,100,0,0,0,0,0.005,0,0,0,0,0
496,2,100,0,0,0,0,0.005,0,0,0,0,0
496,1,100,0,0,0,0,0.005,0,0,0,0,0
497,2,100,0,0,0,0,0.005,0,0,0,0,0
497,1,100,0,0,0,0,0.005,0,0,0,0,0
498,2,100,0,0,0,0,0.005,0,0,0,0,0
498,1,100,0,0,0,0,0.005,0,0,0,0,0
499,2,100,0,0,0,0,0.005,0,0,0,0,0
499,1,100,0,0,0,0,0.005,0,0,0,0,0
500,2,100,0,0,0,0,0.005,0,0,0,0,0
500,1,100,0,0,0,0,0.005,0,0,0,0,0
501,2,100,0,0,0,0,0.005,0,0,0,0,0
501,1,100,0,0,0,0,0.005,0,0,0,0,0
502,2,100,0,0,0,0,0.005,0,0,0,0,0
502,1,100,0,0,0,0,0.005,0,0,0,0,0
503,2,100,0,0,0,0,0.005,0,0,0,0,0
503,1,100,0,0,0,0,0.005,0,0,0,0,0
504,2,100,0,0,0,0,0.005,0,0,0,0,0
504,1,100,0,0,0,0,0.005,0,0,0,0,0
505,2,100,0,0,0,0,0.005,0,0,0,0,0
505,1,100,0,0,0,0,0.005,0,0,0,0,0
506,2,100,0,0,0,0,0.005,0,0,0,0,0
506,1,100,0,0,0,0,0.005,0,0,0,0,0
507,2,100,0,0,0,0,0.005,0,0,0,0,0
507,1,100,0,0,0,0,0.005,0,0,0,0,0
508,2,100,0,0,0,0,0.005,0,0,0,0,0
508,1,100,0,0,0,0,0.005,0,0,0,0,0
509,2,100,0,0,0,0,0.005,0,0,0,0,0
509,1,100,0,0,0,0,0.005,0,0,0,0,0
510,2,100,0,0,0,0,0.005,0,0,0,0,0
510,1,100,0,0,0,0,0.005,0,0,0,0,0
511,2,100,0,0,0,0,0.005,0,0,0,0,0
511,1,100,0,0,0,0,0.005,0,0,0,0,0
512,2,100,0,0,0,0,0.005,0,0,0,0,0
512,1,100,0,0,0,0,0.005,0,0,0,0,0
513,2,100,0,0,0,0,0.005,0,0,0,0,0
513,1,100,0,0,0,0,0.005,0,0,0,0,0
514,2,100,0,0,0,0,0.005,0,0,0,0,0
514,1,100,0,0,0,0,0.005,0,0,0,0,0
515,2,100,0,0,0,0,0.005,0,0,0,0,0
515,1,100,0,0,0,0,0.005,0,0,0,0,0
516,2,100,0,0,0,0,0.005,0,0,0,0,0
516,1,100,0,0,0,0,0.005,0,0,0,0,0
517,2,100,0,0,0,0,0.005,0,0,0,0,0
517,1,100,0,0,0,0,0.005,0,0,0,0,0
518,2,100,0,0,0,0,0.005,0,0,0,0,0
518,1,100,0,0,0,0,0.005,0,0,0,0,0
519,2,100,0,0,0,0,0.005,0,0,0,0,0
519,1,100,0,0,0,0,0.005,0,0,0,0,0
520,2,100,0,0,0,0,0.005,0,0,0,0,0
520,1,100,0,0,0,0,0.005,0,0,0,0,0
521,2,100,0,0,0,0,0.005,0,0,0,0,0
521,1,100,0,0,0,0,0.005,0,0,0,0,0
522,2,100,0,0,0,0,0.005,0,0,0,0,0
522,1,100,0,0,0,0,0.005,0,0,0,0,0
523,2,100,0,0,0,0,0.005,0,0,0,0,0
523,1,100,0,0,0,0,0.005,0,0,0,0,0
524,2,100,0,0,0,0,0.005,0,0,0,0,0
524,1,100,0,0,0,0,0.005,0,0,0,0,0
525,2,100,0,0,0,0,0.005,0,0,0,0,0
525,1,100,0,0,0,0,0.005,0,0,0,0,0
526,2,100,0,0,0,0,0.005,0,0,0,0,0
526,1,100,0,0,0,0,0.005,0,0,0,0,0
527,2,100,0,0,0,0,0.005,0,0,0,0,0
527,1,100,0,0,0,0,0.005,0,0,0,0,0
528,2,100,0,0,0,0,0.005,0,0,0,0,0
528,1,100,0,0,0,0,0.005,0,0,0,0,0
529,2,100,0,0,0,0,0.005,0,0,0,0,0
529,1,100,0,0,0,0,0.005,0,0,0,0,0
530,2,100,0,0,0,0,0.005,0,0,0,0,0
530,1,100,0,0,0,0,0.005,0,0,0,0,0
531,2,100,0,0,0,0,0.005,0,0,0,0,0
531,1,100,0,0,0,0,0.005,0,0,0,0,0
532,2,100,0,0,0,0,0.005,0,0,0,0,0
532,1,100,0,0,0,0,0.005,0,0,0,0,0
533,2,100,0,0,0,0,0.005,0,0,0,0,0
533,1,100,0,0,0,0,0.005,0,0,0,0,0
534,2,100,0,0,0,0,0.005,0,0,0,0,0
534,1,100,0,0,0,0,0.005,0,0,0,0,0
535,2,100,0,0,0,0,0.005,0,0,0,0,0
535,1,100,0,0,0,0,0.005,0,0,0,0,0
536,2,100,0,0,0,0,0.005,0,0,0,0,0
536,1,100,0,0,0,0,0.005,0,0,0,0,0
537,2,100,0,0,0,0,0.005,0,0,0,0,0
537,1,100,0,0,0,0,0.005,0,0,0,0,0
538,2,100,0,0,0,0,0.005,0,0,0,0,0
538,1,100,0,0,0,0,0.005,0,0,0,0,0
539,2,100,0,0,0,0,0.005,0,0,0,0,0
539,1,100,0,0,0,0,0.005,0,0,0,0,0
540,2,100,0,0,0,0,0.005,0,0,0,0,0
540,1,100,0,0,0,0,0.005,0,0,0,0,0
541,2,100,0,0,0,0,0.005,0,0,0,0,0
541,1,100,0,0,0,0,0.005,0,0,0,0,0
542,2,100,0,0,0,0,0.005,0,0,0,0,0
542,1,100,0,0,0,0,0.005,0,0,0,0,0
543,2,100,0,0,0,0,0.005,0,0,0,0,0
543,1,100,0,0,0,0,0.005,0,0,0,0,0
544,2,100,0,0,0,0,0.005,0,0,0,0,0
544,1,100,0,0,0,0,0.005,0,0,0,0,0
545,2,100,0,0,0,0,0.005,0,0,0,0,0
545,1,100,0,0,0,0,0.005,0,0,0,0,0
546,2,100,0,0,0,0,0.005,0,0,0,0,0
546,1,100,0,0,0,0,0.005,0,0,0,0,0
547,2,100,0,0,0,0,0.005,0,0,0,0,0
547,1,100,0,0,0,0,0.005,0,0,0,0,0
548,2,100,0,0,0,0,0.005,0,0,0,0,0
548,1,100,0,0,0,0,0.005,0,0,0,0,0
549,2,100,0,0,0,0,0.005,0,0,0,0,0
549,1,100,0,0,0,0,0.005,0,0,0,0,0
550,2,100,0,0,0,0,0.005,0,0,0,0,0
550,1,100,0,0,0,0,0.005,0,0,0,0,0
551,2,100,0,0,0,0,0.005,0,0,0,0,0
551,1,100,0,0,0,0,0.005,0,0,0,0,0
552,2,100,0,0,0,0,0.005,0,0,0,0,0
552,1,100,0,0,0,0,0.005,0,0,0,0,0
553,2,100,0,0,0,0,0.005,0,0,0,0,0
553,1,100,0,0,0,0,0.005,0,0,0,0,0
554,2,100,0,0,0,0,0.005,0,0,0,0,0
554,1,100,0,0,0,0,0.005,0,0,0,0,0
555,2,100,0,0,0,0,0.005,0,0,0,0,0
555,1,100,0,0,0,0,0.005,0,0,0,0,0
556,2,100,0,0,0,0,0.005,0,0,0,0,0
556,1,100,0,0,0,0,0.005,0,0,0,0,0
557,2,100,0,0,0,0,0.005,0,0,0,0,0
557,1,100,0,0,0,0,0.005,0,0,0,0,0
558,2,100,0,0,0,0,0.005,0,0,0,0,0
558,1,100,0,0,0,0,0.005,0,0,0,0,0
559,2,100,0,0,0,0,0.005,0,0,0,0,0
559,1,100,0,0,0,0,0.005,0,0,0,0,0
560,2,100,0,0,0,0,0.005,0,0,0,0,0
560,1,100,0,0,0,0,0.005,0,0,0,0,0
561,2,100,0,0,0,0,0.005,0,0,0,0,0
561,1,100,0,0,0,0,0.005,0,0,0,0,0
562,2,100,0,0,0,0,0.005,0,0,0,0,0
562,1,100,0,0,0,0,0.005,0,0,0,0,0
563,2,100,0,0,0,0,0.005,0,0,0,0,0
563,1,100,0,0,0,0,0.005,0,0,0,0,0
564,2,100,0,0,0,0,0.005,0,0,0,0,0
564,1,100,0,0,0,0,0.005,0,0,0,0,0
565,2,100,0,0,0,0,0.005,0,0,0,0,0
565,1,100,0,0,0,0,0.005,0,0,0,0,0
566,2,100,0,0,0,0,0.005,0,0,0,0,0
566,1,100,0,0,0,0,0.005,0,0,0,0,0
567,2,100,0,0,0,0,0.005,0,0,0,0,0
567,1,100,0,0,0,0,0.005,0,0,0,0,0
568,2,100,0,0,0,0,0.005,0,0,0,0,0
568,1,100,0,0,0,0,0.005,0,0,0,0,0
569,2,100,0,0,0,0,0.005,0,0,0,0,0
569,1,100,0,0,0,0,0.005,0,0,0,0,0
570,2,100,0,0,0,0,0.005,0,0,0,0,0
570,1,100,0,0,0,0,0.005,0,0,0,0,0
571,2,100,0,0,0,0,0.005,0,0,0,0,0
571,1,100,0,0,0,0,0.005,0,0,0,0,0
572,2,100,0,0,0,0,0.005,0,0,0,0,0
572,1,100,0,0,0,0,0.005,0,0,0,0,0
573,2,100,0,0,0,0,0.005,0,0,0,0,0
573,1,100,0,0,0,0,0.005,0,0,0,0,0
574,2,100,0,0,0,0,0.005,0,0,0,0,0
574,1,100,0,0,0,0,0.005,0,0,0,0,0
575,2,100,0,0,0,0,0.005,0,0,0,0,0
575,1,100,0,0,0,0,0.005,0,0,0,0,0
576,2,100,0,0,0,0,0.005,0,0,0,0,0
576,1,100,0,0,0,0,0.005,0,0,0,0,0
577,2,100,0,0,0,0,0.005,0,0,0,0,0
577,1,100,0,0,0,0,0.005,0,0,0,0,0
578,2,100,0,0,0,0,0.005,0,0,0,0,0
578,1,100,0,0,0,0,0.005,0,0,0,0,0
579,2,100,0,0,0,0,0.005,0,0,0,0,0
579,1,100,0,0,0,0,0.005,0,0,0,0,0
580,2,100,0,0,0,0,0.005,0,0,0,0,0
580,1,100,0,0,0,0,0.005,0,0,0,0,0
581,2,100,0,0,0,0,0.005,0,0,0,0,0
581,1,100,0,0,0,0,0.005,0,0,0,0,0
582,2,100,0,0,0,0,0.005,0,0,0,0,0
582,1,100,0,0,0,0,0.005,0,0,0,0,0
583,2,100,0,0,0,0,0.005,0,0,0,0,0
583,1,100,0,0,0,0,0.005,0,0,0,0,0
584,2,100,0,0,0,0,0.005,0,0,0,0,0
584,1,100,0,0,0,0,0.005,0,0,0,0,0
585,2,100,0,0,0,0,0.005,0,0,0,0,0
585,1,100,0,0,0,0,0.005,0,0,0,0,0
586,2,100,0,0,0,0,0.005,0,0,0,0,0
586,1,100,0,0,0,0,0.005,0,0,0,0,0
587,2,100,0,0,0,0,0.005,0,0,0,0,0
587,1,100,0,0,0,0,0.005,0,0,0,0,0
588,2,100,0,0,0,0,0.005,0,0,0,0,0
588,1,100,0,0,0,0,0.005,0,0,0,0,0
589,2,100,0,0,0,0,0.005,0,0,0,0,0
589,1,100,0,0,0,0,0.005,0,0,0,0,0
590,2,100,0,0,0,0,0.005,0,0,0,0,0
590,1,100,0,0,0,0,0.005,0,0,0,0,0
591,2,100,0,0,0,0,0.005,0,0,0,0,0
591,1,100,0,0,0,0,0.005,0,0,0,0,0
592,2,100,0,0,0,0,0.005,0,0,0,0,0
592,1,100,0,0,0,0,0.005,0,0,0,0,0
593,2,100,0,0,0,0,0.005,0,0,0,0,0
593,1,100,0,0,0,0,0.005,0,0,0,0,0
594,2,100,0,0,0,0,0.005,0,0,0,0,0
594,1,100,0,0,0,0,0.005,0,0,0,0,0
595,2,100,0,0,0,0,0.005,0,0,0,0,0
595,1,100,0,0,0,0,0.005,0,0,0,0,0
596,2,100,0,0,0,0,0.005,0,0,0,0,0
596,1,100,0,0,0,0,0.005,0,0,0,0,0
597,2,100,0,0,0,0,0.005,0,0,0,0,0
597,1,100,0,0,0,0,0.005,0,0,0,0,0
598,2,100,0,0,0,0,0.005,0,0,0,0,0
598,1,100,0,0,0,0,0.005,0,0,0,0,0
599,2,100,0,0,0,0,0.005,0,0,0,0,0
599,1,100,0,0,0,0,0.005,0,0,0,0,0
600,2,100,0,0,0,0,0.005,0,0,0,0,0
600,1,100,0,0,0,0,0.005,0,0,0,0,0
601,2,100,100,0,0,0,0.005,1,0,0,0,0
601,1,100,100,0,0,0,0.005,1,0,0,0,0
602,2,100,100,0,0,0,0.005,1,0,0,0,0
602,1,100,100,0,0,0,0.005,1,0,0,0,0
603,2,100,100,0,0,0,0.005,1,0,0,0,0
603,1,100,100,0,0,0,0.005,1,0,0,0,0
604,2,100,100,0,0,0,0.005,1,0,0,0,0
604,1,100,100,0,0,0,0.005,1,0,0,0,0
605,2,100,100,0,0,0,0.005,1,0,0,0,0
605,1,100,100,0,0,0,0.005,1,0,0,0,0
606,2,100,100,0,0,0,0.005,1,0,0,0,0
606,1,100,100,0,0,0,0.005,1,0,0,0,0
607,2,100,100,0,0.0114813,0,0.005,1,0,0,0,0
607,1,100,100,0,0.0113321,0,0.005,1,0,0,0,0
608,2,100,100,0,0.00606031,0,0.005,1,0,0,0,0
608,1,100,100,0,0.00598264,0,0.005,1,0,0,0,0
609,2,100,100,0,0.0463275,0,0.005,1,0,0,0,0
609,1,100,100,0,0.0455987,0,0.005,1,0,0,0,0
610,2,100,100,0,0.0222364,0,0.005,1,0,0,0,0
610,1,100,100,0,0.0218885,0,0.005,1,0,0,0,0
611,2,100,100,0,0.165504,0,0.005,1,0,0,0,0
611,1,100,100,0,0.163047,0,0.005,1,0,0,0,0
612,2,100,100,0,0.0790765,0,0.005,1,0,0,0,0
612,1,100,100,0,0.0779497,0,0.005,1,0,0,0,0
613,2,100,100,0,0.586278,0,0.005,1,0,0,0,0
613,1,100,100,0,0.578061,0,0.005,1,0,0,0,0
614,2,100,100,0,0.278792,0,0.005,1,0,0,0,0
614,1,100,100,0,0.274968,0,0.005,1,0,0,0,0
615,2,100,100,0,2.05618,0,0.005,1,0,0,0,0
615,1,100,100,0,2.0274,0,0.005,1,0,0,0,0
616,2,100,100,0,0.970627,0,0.005,1,0,0,0,0
616,1,100,100,0,0.955973,0,0.005,1,0,0,0,0
617,2,100,100,0,7.0854,0,0.005,1,0,0,0,0
617,1,100,100,0,6.95558,0,0.005,1,0,0,0,0
618,2,100,100,0,3.25419,0,0.005,1,0,0,0,0
618,1,100,100,0,3.18035,0,0.005,1,0,0,0,0
619,2,100,100,0,21.2073,0,0.005,1,0,0,0,0
619,1,100,100,0,20.774,0,0.005,1,0,0,0,0
620,2,100,100,0,7.84134,0,0.005,1,0,0,0,0
620,1,100,100,0,7.66966,0,0.005,1,0,0,0,0
621,2,100,100,0,37.5612,0,0.005,1,0,0,0,0
621,1,100,100,0,36.6846,0,0.005,1,0,0,0,0
622,2,100,100,5.56473e-05,9.74986,0.00368958,0.005,1,0,0,0,0
622,1,100,100,5.48955e-05,9.49654,0.00363475,0.005,1,0,0,0,0
623,2,100,100,4.45447e-05,33.8445,0.00279823,0.005,1,0,0,0,0
623,1,100,100,4.38682e-05,32.905,0.00275689,0.005,1,0,0,0,0
624,2,100,100,0.000231728,6.68367,0.0152024,0.005,1,0,0,0,0
624,1,100,100,0.000228671,6.48979,0.0149858,0.005,1,0,0,0,0
625,2,100,100,0.00018352,18.762,0.0115219,0.005,1,0,0,0,0
625,1,100,100,0.000181029,18.2034,0.011365,0.005,1,0,0,0,0
626,2,100,100,0.000851339,3.16701,0.054649,0.005,1,0,0,0,0
626,1,100,100,0.000840074,3.07132,0.0538897,0.005,1,0,0,0,0
627,2,100,100,0.000660731,7.92964,0.0414119,0.005,1,0,0,0,0
627,1,100,100,0.000651753,7.68668,0.0408499,0.005,1,0,0,0,0
628,2,100,100,0.00299841,1.23199,0.189841,0.005,1,0,0,0,0
628,1,100,100,0.00294829,1.19394,0.186605,0.005,1,0,0,0,0
629,2,100,100,0.00229582,2.90553,0.143847,0.005,1,0,0,0,0
629,1,100,100,0.00225737,2.81606,0.141425,0.005,1,0,0,0,0
630,2,100,100,0.00939409,0.432505,0.592938,0.005,1,0,0,0,0
630,1,100,100,0.00921098,0.419075,0.581221,0.005,1,0,0,0,0
631,2,100,100,0.00715686,0.989146,0.449358,0.005,1,0,0,0,0
631,1,100,100,0.00701525,0.958363,0.440448,0.005,1,0,0,0,0
632,2,100,100,0.0195349,0.143975,1.23543,0.005,1,0,0,0,0
632,1,100,100,0.019107,0.139539,1.20808,0.005,1,0,0,0,0
633,2,100,100,0.0148644,0.324014,0.936343,0.005,1,0,0,0,0
633,1,100,100,0.0145365,0.314057,0.915563,0.005,1,0,0,0,0
634,2,100,100,0.0244389,0.046627,1.54738,0.005,1,0,0,0,0
634,1,100,100,0.0238328,0.0451998,1.50856,0.005,1,0,0,0,0
635,2,100,100,0.018589,0.104175,1.17279,0.005,1,0,0,0,0
635,1,100,100,0.0181265,0.100939,1.1434,0.005,1,0,0,0,0
636,2,100,100,0.0215865,0.0149063,1.3643,0.005,1,0,0,0,0
636,1,100,100,0.0210156,0.0144443,1.32789,0.005,1,0,0,0,0
637,2,100,100,0.0164064,0.0331403,1.03397,0.005,1,0,0,0,0
637,1,100,100,0.0159727,0.03216,1.00644,0.005,1,0,0,0,0
638,2,100,100,0.0156677,0.00473295,0.98714,0.005,1,0,0,0,0
638,1,100,100,0.0152415,0.00459269,0.960086,0.005,1,0,0,0,0
639,2,100,100,0.0118982,0.0105294,0.74812,0.005,1,0,0,0,0
639,1,100,100,0.0115756,0.0101735,0.727721,0.005,1,0,0,0,0
640,2,100,100,0.0102201,0.00149633,0.642067,0.005,1,0,0,0,0
640,1,100,100,0.00993861,0.0014523,0.624294,0.005,1,0,0,0,0
641,2,100,100,0.00775602,0.00330452,0.486642,0.005,1,0,0,0,0
641,1,100,100,0.00754279,0.00321265,0.473189,0.005,1,0,0,0,0
642,2,100,100,0.00629203,0.000468541,0.394489,0.005,1,0,0,0,0
642,1,100,100,0.00611742,0.000459519,0.383482,0.005,1,0,0,0,0
643,2,100,100,0.00477279,0.00102925,0.298995,0.005,1,0,0,0,0
643,1,100,100,0.00464069,0.00102276,0.29068,0.005,1,0,0,0,0
644,2,100,100,0.00375413,0.000145359,0.235048,0.005,1,0,0,0,0
644,1,100,100,0.00364915,0.000145137,0.22846,0.005,1,0,0,0,0
645,2,100,100,0.00284687,0.000316641,0.17815,0.005,1,0,0,0,0
645,1,100,100,0.00276682,0.000319705,0.173134,0.005,1,0,0,0,0
646,2,100,100,0.00220204,4.44461e-05,0.137742,0.005,1,0,0,0,0
646,1,100,100,0.00213966,4.52046e-05,0.133853,0.005,1,0,0,0,0
647,2,100,100,0.00166964,9.78895e-05,0.104409,0.005,1,0,0,0,0
647,1,100,100,0.0016222,9.88373e-05,0.101452,0.005,1,0,0,0,0
648,2,100,100,0.00127921,1.34037e-05,0.0799881,0.005,1,0,0,0,0
648,1,100,100,0.00124301,1.44386e-05,0.077726,0.005,1,0,0,0,0
649,2,100,100,0.000969855,2.83211e-05,0.0606314,0.005,1,0,0,0,0
649,1,100,100,0.000942539,2.88832e-05,0.0589215,0.005,1,0,0,0,0
650,2,100,100,0.000739469,3.81525e-06,0.0462211,0.005,1,0,0,0,0
650,1,100,100,0.000718777,3.99387e-06,0.0449212,0.005,1,0,0,0,0
651,2,100,100,0.000560448,7.33687e-06,0.0350262,0.005,1,0,0,0,0
651,1,100,100,0.000544725,7.66515e-06,0.0340428,0.005,1,0,0,0,0
652,2,100,100,0.000426202,9.58965e-07,0.0266329,0.005,1,0,0,0,0
652,1,100,100,0.00041413,1.02147e-06,0.0258758,0.005,1,0,0,0,0
653,2,100,98,0.000318015,1.77132e-06,0.0198725,0.005,1,53,2,0,0
653,1,100,98,0.00030962,2.18478e-06,0.0193446,0.005,1,53,2,0,0
654,2,100,98,0.000241363,2.32388e-07,0.0150823,0.005,1,0,0,0,0
654,1,100,98,0.000235106,2.98695e-07,0.014689,0.005,1,0,0,0,0
655,2,100,80,0.0001592,3.21764e-07,0.00994944,0.005,1,54.9861,18,0,0
655,1,100,85,0.000161296,6.03473e-07,0.0100782,0.005,1,55,13,0,0
656,2,100,80,0.000120765,4.78271e-08,0.00754671,0.005,1,0,0,0,0
656,1,100,85,0.00012227,8.75377e-08,0.00764076,0.005,1,0,0,0,0
657,2,100,58,6.79509e-05,1.24088e-07,0.00424628,0.005,1,57,22,0,0
657,1,100,54,6.23759e-05,1.14045e-07,0.00389685,0.005,1,57,31,0,0
658,2,100,58,5.14997e-05,1.59962e-08,0.00321834,0.005,1,0,0,0,0
658,1,100,54,4.73178e-05,2.31213e-08,0.00295584,0.005,1,0,0,0,0
659,2,100,8,5.45216e-06,0,0.000340892,0.005,1,59,50,0,0
659,1,100,12,8.31809e-06,0,0.000519415,0.005,1,59,42,0,0
660,2,100,8,4.13019e-06,0,0.000258283,0.005,1,0,0,0,0
660,1,100,12,6.30827e-06,0,0.000393948,0.005,1,0,0,0,0
661,2,100,0,0,0,0,0.005,0,61,8,0,0
661,1,100,1,4.183e-07,0,2.62919e-05,0.005,1,61,11,0,0
662,2,100,0,0,0,0,0.005,0,0,0,0,0
662,1,100,1,3.21385e-07,0,2.01993e-05,0.005,1,0,0,0,0
663,2,100,0,0,0,0,0.005,0,0,0,0,0
663,1,100,0,0,0,0,0.005,0,63,1,0,0
664,2,100,0,0,0,0,0.005,0,0,0,0,0
664,1,100,0,0,0,0,0.005,0,0,0,0,0
665,2,100,0,0,0,0,0.005,0,0,0,0,0
665,1,100,0,0,0,0,0.005,0,0,0,0,0
666,2,100,0,0,0,0,0.005,0,0,0,0,0
666,1,100,0,0,0,0,0.005,0,0,0,0,0
667,2,100,0,0,0,0,0.005,0,0,0,0,0
667,1,100,0,0,0,0,0.005,0,0,0,0,0
668,2,100,0,0,0,0,0.005,0,0,0,0,0
668,1,100,0,0,0,0,0.005,0,0,0,0,0
669,2,100,0,0,0,0,0.005,0,0,0,0,0
669,1,100,0,0,0,0,0.005,0,0,0,0,0
670,2,100,0,0,0,0,0.005,0,0,0,0,0
670,1,100,0,0,0,0,0.005,0,0,0,0,0
671,2,100,0,0,0,0,0.005,0,0,0,0,0
671,1,100,0,0,0,0,0.005,0,0,0,0,0
672,2,100,0,0,0,0,0.005,0,0,0,0,0
672,1,100,0,0,0,0,0.005,0,0,0,0,0
673,2,100,0,0,0,0,0.005,0,0,0,0,0
673,1,100,0,0,0,0,0.005,0,0,0,0,0
674,2,100,0,0,0,0,0.005,0,0,0,0,0
674,1,100,0,0,0,0,0.005,0,0,0,0,0
675,2,100,0,0,0,0,0.005,0,0,0,0,0
675,1,100,0,0,0,0,0.005,0,0,0,0,0
676,2,100,0,0,0,0,0.005,0,0,0,0,0
676,1,100,0,0,0,0,0.005,0,0,0,0,0
677,2,100,0,0,0,0,0.005,0,0,0,0,0
677,1,100,0,0,0,0,0.005,0,0,0,0,0
678,2,100,0,0,0,0,0.005,0,0,0,0,0
678,1,100,0,0,0,0,0.005,0,0,0,0,0
679,2,100,0,0,0,0,0.005,0,0,0,0,0
679,1,100,0,0,0,0,0.005,0,0,0,0,0
680,2,100,0,0,0,0,0.005,0,0,0,0,0
680,1,100,0,0,0,0,0.005,0,0,0,0,0
681,2,100,0,0,0,0,0.005,0,0,0,0,0
681,1,100,0,0,0,0,0.005,0,0,0,0,0
682,2,100,0,0,0,0,0.005,0,0,0,0,0
682,1,100,0,0,0,0,0.005,0,0,0,0,0
683,2,100,0,0,0,0,0.005,0,0,0,0,0
683,1,100,0,0,0,0,0.005,0,0,0,0,0
684,2,100,0,0,0,0,0.005,0,0,0,0,0
684,1,100,0,0,0,0,0.005,0,0,0,0,0
685,2,100,0,0,0,0,0.005,0,0,0,0,0
685,1,100,0,0,0,0,0.005,0,0,0,0,0
686,2,100,0,0,0,0,0.005,0,0,0,0,0
686,1,100,0,0,0,0,0.005,0,0,0,0,0
687,2,100,0,0,0,0,0.005,0,0,0,0,0
687,1,100,0,0,0,0,0.005,0,0,0,0,0
688,2,100,0,0,0,0,0.005,0,0,0,0,0
688,1,100,0,0,0,0,0.005,0,0,0,0,0
689,2,100,0,0,0,0,0.005,0,0,0,0,0
689,1,100,0,0,0,0,0.005,0,0,0,0,0
690,2,100,0,0,0,0,0.005,0,0,0,0,0
690,1,100,0,0,0,0,0.005,0,0,0,0,0
691,2,100,0,0,0,0,0.005,0,0,0,0,0
691,1,100,0,0,0,0,0.005,0,0,0,0,0
692,2,100,0,0,0,0,0.005,0,0,0,0,0
692,1,100,0,0,0,0,0.005,0,0,0,0,0
693,2,100,0,0,0,0,0.005,0,0,0,0,0
693,1,100,0,0,0,0,0.005,0,0,0,0,0
694,2,100,0,0,0,0,0.005,0,0,0,0,0
694,1,100,0,0,0,0,0.005,0,0,0,0,0
695,2,100,0,0,0,0,0.005,0,0,0,0,0
695,1,100,0,0,0,0,0.005,0,0,0,0,0
696,2,100,0,0,0,0,0.005,0,0,0,0,0
696,1,100,0,0,0,0,0.005,0,0,0,0,0
697,2,100,0,0,0,0,0.005,0,0,0,0,0
697,1,100,0,0,0,0,0.005,0,0,0,0,0
698,2,100,0,0,0,0,0.005,0,0,0,0,0
698,1,100,0,0,0,0,0.005,0,0,0,0,0
699,2,100,0,0,0,0,0.005,0,0,0,0,0
699,1,100,0,0,0,0,0.005,0,0,0,0,0
700,2,100,0,0,0,0,0.005,0,0,0,0,0
700,1,100,0,0,0,0,0.005,0,0,0,0,0
701,2,100,0,0,0,0,0.005,0,0,0,0,0
701,1,100,0,0,0,0,0.005,0,0,0,0,0
702,2,100,0,0,0,0,0.005,0,0,0,0,0
702,1,100,0,0,0,0,0.005,0,0,0,0,0
703,2,100,0,0,0,0,0.005,0,0,0,0,0
703,1,100,0,0,0,0,0.005,0,0,0,0,0
704,2,100,0,0,0,0,0.005,0,0,0,0,0
704,1,100,0,0,0,0,0.005,0,0,0,0,0
705,2,100,0,0,0,0,0.005,0,0,0,0,0
705,1,100,0,0,0,0,0.005,0,0,0,0,0
706,2,100,0,0,0,0,0.005,0,0,0,0,0
706,1,100,0,0,0,0,0.005,0,0,0,0,0
707,2,100,0,0,0,0,0.005,0,0,0,0,0
707,1,100,0,0,0,0,0.005,0,0,0,0,0
708,2,100,0,0,0,0,0.005,0,0,0,0,0
708,1,100,0,0,0,0,0.005,0,0,0,0,0
709,2,100,0,0,0,0,0.005,0,0,0,0,0
709,1,100,0,0,0,0,0.005,0,0,0,0,0
710,2,100,0,0,0,0,0.005,0,0,0,0,0
710,1,100,0,0,0,0,0.005,0,0,0,0,0
711,2,100,0,0,0,0,0.005,0,0,0,0,0
711,1,100,0,0,0,0,0.005,0,0,0,0,0
712,2,100,0,0,0,0,0.005,0,0,0,0,0
712,1,100,0,0,0,0,0.005,0,0,0,0,0
713,2,100,0,0,0,0,0.005,0,0,0,0,0
713,1,100,0,0,0,0,0.005,0,0,0,0,0
714,2,100,0,0,0,0,0.005,0,0,0,0,0
714,1,100,0,0,0,0,0.005,0,0,0,0,0
715,2,100,0,0,0,0,0.005,0,0,0,0,0
715,1,100,0,0,0,0,0.005,0,0,0,0,0
716,2,100,0,0,0,0,0.005,0,0,0,0,0
716,1,100,0,0,0,0,0.005,0,0,0,0,0
717,2,100,0,0,0,0,0.005,0,0,0,0,0
717,1,100,0,0,0,0,0.005,0,0,0,0,0
718,2,100,0,0,0,0,0.005,0,0,0,0,0
718,1,100,0,0,0,0,0.005,0,0,0,0,0
719,2,100,0,0,0,0,0.005,0,0,0,0,0
719,1,100,0,0,0,0,0.005,0,0,0,0,0
720,2,100,0,0,0,0,0.005,0,0,0,0,0
720,1,100,0,0,0,0,0.005,0,0,0,0,0
721,2,100,0,0,0,0,0.005,0,0,0,0,0
721,1,100,0,0,0,0,0.005,0,0,0,0,0
722,2,100,0,0,0,0,0.005,0,0,0,0,0
722,1,100,0,0,0,0,0.005,0,0,0,0,0
723,2,100,0,0,0,0,0.005,0,0,0,0,0
723,1,100,0,0,0,0,0.005,0,0,0,0,0
724,2,100,0,0,0,0,0.005,0,0,0,0,0
724,1,100,0,0,0,0,0.005,0,0,0,0,0
725,2,100,0,0,0,0,0.005,0,0,0,0,0
725,1,100,0,0,0,0,0.005,0,0,0,0,0
726,2,100,0,0,0,0,0.005,0,0,0,0,0
726,1,100,0,0,0,0,0.005,0,0,0,0,0
727,2,100,0,0,0,0,0.005,0,0,0,0,0
727,1,100,0,0,0,0,0.005,0,0,0,0,0
728,2,100,0,0,0,0,0.005,0,0,0,0,0
728,1,100,0,0,0,0,0.005,0,0,0,0,0
729,2,100,0,0,0,0,0.005,0,0,0,0,0
729,1,100,0,0,0,0,0.005,0,0,0,0,0
730,2,100,0,0,0,0,0.005,0,0,0,0,0
730,1,100,0,0,0,0,0.005,0,0,0,0,0
731,2,100,0,0,0,0,0.005,0,0,0,0,0
731,1,100,0,0,0,0,0.005,0,0,0,0,0
732,2,100,0,0,0,0,0.005,0,0,0,0,0
732,1,100,0,0,0,0,0.005,0,0,0,0,0
733,2,100,0,0,0,0,0.005,0,0,0,0,0
733,1,100,0,0,0,0,0.005,0,0,0,0,0
734,2,100,0,0,0,0,0.005,0,0,0,0,0
734,1,100,0,0,0,0,0.005,0,0,0,0,0
735,2,100,0,0,0,0,0.005,0,0,0,0,0
735,1,100,0,0,0,0,0.005,0,0,0,0,0
736,2,100,0,0,0,0,0.005,0,0,0,0,0
736,1,100,0,0,0,0,0.005,0,0,0,0,0
737,2,100,0,0,0,0,0.005,0,0,0,0,0
737,1,100,0,0,0,0,0.005,0,0,0,0,0
738,2,100,0,0,0,0,0.005,0,0,0,0,0
738,1,100,0,0,0,0,0.005,0,0,0,0,0
739,2,100,0,0,0,0,0.005,0,0,0,0,0
739,1,100,0,0,0,0,0.005,0,0,0,0,0
740,2,100,0,0,0,0,0.005,0,0,0,0,0
740,1,100,0,0,0,0,0.005,0,0,0,0,0
741,2,100,0,0,0,0,0.005,0,0,0,0,0
741,1,100,0,0,0,0,0.005,0,0,0,0,0
742,2,100,0,0,0,0,0.005,0,0,0,0,0
742,1,100,0,0,0,0,0.005,0,0,0,0,0
743,2,100,0,0,0,0,0.005,0,0,0,0,0
743,1,100,0,0,0,0,0.005,0,0,0,0,0
744,2,100,0,0,0,0,0.005,0,0,0,0,0
744,1,100,0,0,0,0,0.005,0,0,0,0,0
745,2,100,0,0,0,0,0.005,0,0,0,0,0
745,1,100,0,0,0,0,0.005,0,0,0,0,0
746,2,100,0,0,0,0,0.005,0,0,0,0,0
746,1,100,0,0,0,0,0.005,0,0,0,0,0
747,2,100,0,0,0,0,0.005,0,0,0,0,0
747,1,100,0,0,0,0,0.005,0,0,0,0,0
748,2,100,0,0,0,0,0.005,0,0,0,0,0
748,1,100,0,0,0,0,0.005,0,0,0,0,0
749,2,100,0,0,0,0,0.005,0,0,0,0,0
749,1,100,0,0,0,0,0.005,0,0,0,0,0
750,2,100,0,0,0,0,0.005,0,0,0,0,0
750,1,100,0,0,0,0,0.005,0,0,0,0,0
751,2,100,100,0,0,0,0.005,1,0,0,0,0
751,1,100,100,0,0,0,0.005,1,0,0,0,0
752,2,100,100,0,0,0,0.005,1,0,0,0,0
752,1,100,100,0,0,0,0.005,1,0,0,0,0
753,2,100,100,0,0,0,0.005,1,0,0,0,0
753,1,100,100,0,0,0,0.005,1,0,0,0,0
754,2,100,100,0,0,0,0.005,1,0,0,0,0
754,1,100,100,0,0,0,0.005,1,0,0,0,0
755,2,100,100,0,0,0,0.005,1,0,0,0,0
755,1,100,100,0,0,0,0.005,1,0,0,0,0
756,2,100,100,0,0,0,0.005,1,0,0,0,0
756,1,100,100,0,0,0,0.005,1,0,0,0,0
757,2,100,100,0,0.0109817,0,0.005,1,0,0,0,0
757,1,100,100,0,0.0108553,0,0.005,1,0,0,0,0
758,2,100,100,0,0.0045198,0,0.005,1,0,0,0,0
758,1,100,100,0,0.00446107,0,0.005,1,0,0,0,0
759,2,100,100,0,0.0203879,0,0.005,1,0,0,0,0
759,1,100,100,0,0.0200518,0,0.005,1,0,0,0,0
760,2,100,100,0,0.00477099,0,0.005,1,0,0,0,0
760,1,100,100,0,0.00465886,0,0.005,1,0,0,0,0
761,2,100,100,0,0.015217,0,0.005,1,0,0,0,0
761,1,100,100,0,0.0146469,0,0.005,1,0,0,0,0
762,2,100,100,0,0.00286833,0,0.005,1,0,0,0,0
762,1,100,100,0,0.00267833,0,0.005,1,0,0,0,0
763,2,100,100,0,0.00814077,0,0.005,1,0,0,0,0
763,1,100,100,0,0.00709639,0,0.005,1,0,0,0,0
764,2,100,100,0,0.00153161,0,0.005,1,0,0,0,0
764,1,100,100,0,0.00114459,0,0.005,1,0,0,0,0
765,2,100,100,0,0.0049434,0,0.005,1,0,0,0,0
765,1,100,100,0,0.00278068,0,0.005,1,0,0,0,0
766,2,100,100,0,0.00120611,0,0.005,1,0,0,0,0
766,1,100,100,0,0.000422744,0,0.005,1,0,0,0,0
767,2,100,100,0,0.0053308,0,0.005,1,0,0,0,0
767,1,100,100,0,0.00098784,0,0.005,1,0,0,0,0
768,2,100,100,0,0.00169574,0,0.005,1,0,0,0,0
768,1,100,100,0,0.00014542,0,0.005,1,0,0,0,0
769,2,100,100,0,0.00889087,0,0.005,1,0,0,0,0
769,1,100,100,0,0.000332755,0,0.005,1,0,0,0,0
770,2,100,100,0,0.00303974,0,0.005,1,0,0,0,0
770,1,100,100,0,4.75575e-05,0,0.005,1,0,0,0,0
771,2,100,100,0,0.0136617,0,0.005,1,0,0,0,0
771,1,100,100,0,0.000103457,0,0.005,1,0,0,0,0
772,2,100,100,6.05357e-06,0.00323805,0.000377628,0.005,1,0,0,0,0
772,1,100,100,5.84495e-06,1.44155e-05,0.000364549,0.005,1,0,0,0,0
773,2,100,100,4.59441e-06,0.0103438,0.000286623,0.005,1,0,0,0,0
773,1,100,100,4.43503e-06,2.90319e-05,0.000276865,0.005,1,0,0,0,0
774,2,100,100,6.73842e-06,0.00191317,0.000419872,0.005,1,0,0,0,0
774,1,100,100,6.2288e-06,3.91024e-06,0.000387946,0.005,1,0,0,0,0
775,2,100,100,5.08606e-06,0.00506826,0.00031663,0.005,1,0,0,0,0
775,1,100,100,4.72462e-06,7.13089e-06,0.000294085,0.005,1,0,0,0,0
776,2,100,100,5.78e-06,0.000822027,0.000359621,0.005,1,0,0,0,0
776,1,100,100,4.71401e-06,9.74941e-07,0.000292591,0.005,1,0,0,0,0
777,2,100,100,4.37918e-06,0.00199056,0.000272189,0.005,1,0,0,0,0
777,1,100,100,3.56418e-06,9.2528e-07,0.000221098,0.005,1,0,0,0,0
778,2,100,100,5.30947e-06,0.000300608,0.000330166,0.005,1,0,0,0,0
778,1,100,100,3.0899e-06,1.35199e-07,0.0001912,0.005,1,0,0,0,0
779,2,100,98,3.98651e-06,0.000692913,0.00024787,0.005,1,29,2,0,0
779,1,100,99,2.32458e-06,3.6997e-07,0.000143934,0.005,1,29,1,0,0
780,2,100,98,6.3023e-06,0.000102021,0.000391772,0.005,1,0,0,0,0
780,1,100,99,1.87557e-06,5.36669e-08,0.00011533,0.005,1,0,0,0,0
781,2,100,36,3.87813e-06,0.000234801,0.000242319,0.005,1,31,62,0,0
781,1,100,33,4.94825e-07,1.79423e-07,3.03264e-05,0.005,1,31,66,0,0
782,2,100,36,8.15078e-06,3.38903e-05,0.000509422,0.005,1,0,0,0,0
782,1,100,32,3.80005e-07,1.38429e-08,2.30328e-05,0.005,1,32,1,0,0
783,2,100,5,5.90269e-06,7.96747e-05,0.000369416,0.005,1,33,31,0,0
783,1,100,4,3.51266e-08,1.31061e-07,2.12938e-06,0.005,1,33,28,0,0
784,2,100,5,8.56067e-06,1.14864e-05,0.000535468,0.005,1,0,0,0,0
784,1,100,4,2.82315e-08,1.95912e-08,1.69101e-06,0.005,1,0,0,0,0
785,2,100,1,6.47396e-06,2.53738e-05,0.000405225,0.005,1,34.7813,4,0,0
785,1,100,0,0,0,0,0.005,0,34.9375,4,0,0
786,2,100,1,6.96522e-06,3.80479e-06,0.000435654,0.005,1,0,0,0,0
786,1,100,0,0,0,0,0.005,0,0,0,0,0
787,2,100,1,5.30849e-06,9.05826e-06,0.000331372,0.005,1,0,0,0,0
787,1,100,0,0,0,0,0.005,0,0,0,0,0
788,2,100,1,4.8299e-06,1.39567e-06,0.000302096,0.005,1,0,0,0,0
788,1,100,0,0,0,0,0.005,0,0,0,0,0
789,2,100,1,3.65768e-06,2.72374e-06,0.000228634,0.005,1,0,0,0,0
789,1,100,0,0,0,0,0.005,0,0,0,0,0
790,2,100,1,3.08838e-06,3.20254e-07,0.000192897,0.005,1,0,0,0,0
790,1,100,0,0,0,0,0.005,0,0,0,0,0
791,2,100,1,2.33024e-06,6.87206e-07,0.000145641,0.005,1,0,0,0,0
791,1,100,0,0,0,0,0.005,0,0,0,0,0
792,2,100,1,1.87392e-06,7.52666e-08,0.000117143,0.005,1,0,0,0,0
792,1,100,0,0,0,0,0.005,0,0,0,0,0
793,2,100,1,1.42564e-06,2.82086e-07,8.91298e-05,0.005,1,0,0,0,0
793,1,100,0,0,0,0,0.005,0,0,0,0,0
794,2,100,1,1.12114e-06,3.75897e-08,6.99638e-05,0.005,1,0,0,0,0
794,1,100,0,0,0,0,0.005,0,0,0,0,0
795,2,100,1,8.44041e-07,1.12704e-07,5.26702e-05,0.005,1,0,0,0,0
795,1,100,0,0,0,0,0.005,0,0,0,0,0
796,2,100,1,6.50092e-07,0,4.05687e-05,0.005,1,0,0,0,0
796,1,100,0,0,0,0,0.005,0,0,0,0,0
797,2,100,1,4.95222e-07,0,3.05637e-05,0.005,1,0,0,0,0
797,1,100,0,0,0,0,0.005,0,0,0,0,0
798,2,100,1,3.77677e-07,0,2.33174e-05,0.005,1,0,0,0,0
798,1,100,0,0,0,0,0.005,0,0,0,0,0
799,2,100,1,2.8408e-07,0,1.76911e-05,0.005,1,0,0,0,0
799,1,100,0,0,0,0,0.005,0,0,0,0,0
800,2,100,1,2.16639e-07,0,1.3373e-05,0.005,1,0,0,0,0
800,1,100,0,0,0,0,0.005,0,0,0,0,0
801,2,100,0,0,0,0,0.005,0,51,1,0,0
801,1,100,0,0,0,0,0.005,0,0,0,0,0
802,2,100,0,0,0,0,0.005,0,0,0,0,0
802,1,100,0,0,0,0,0.005,0,0,0,0,0
803,2,100,0,0,0,0,0.005,0,0,0,0,0
803,1,100,0,0,0,0,0.005,0,0,0,0,0
804,2,100,0,0,0,0,0.005,0,0,0,0,0
804,1,100,0,0,0,0,0.005,0,0,0,0,0
805,2,100,0,0,0,0,0.005,0,0,0,0,0
805,1,100,0,0,0,0,0.005,0,0,0,0,0
806,2,100,0,0,0,0,0.005,0,0,0,0,0
806,1,100,0,0,0,0,0.005,0,0,0,0,0
807,2,100,0,0,0,0,0.005,0,0,0,0,0
807,1,100,0,0,0,0,0.005,0,0,0,0,0
808,2,100,0,0,0,0,0.005,0,0,0,0,0
808,1,100,0,0,0,0,0.005,0,0,0,0,0
809,2,100,0,0,0,0,0.005,0,0,0,0,0
809,1,100,0,0,0,0,0.005,0,0,0,0,0
810,2,100,0,0,0,0,0.005,0,0,0,0,0
810,1,100,0,0,0,0,0.005,0,0,0,0,0
811,2,100,0,0,0,0,0.005,0,0,0,0,0
811,1,100,0,0,0,0,0.005,0,0,0,0,0
812,2,100,0,0,0,0,0.005,0,0,0,0,0
812,1,100,0,0,0,0,0.005,0,0,0,0,0
813,2,100,0,0,0,0,0.005,0,0,0,0,0
813,1,100,0,0,0,0,0.005,0,0,0,0,0
814,2,100,0,0,0,0,0.005,0,0,0,0,0
814,1,100,0,0,0,0,0.005,0,0,0,0,0
815,2,100,0,0,0,0,0.005,0,0,0,0,0
815,1,100,0,0,0,0,0.005,0,0,0,0,0
816,2,100,0,0,0,0,0.005,0,0,0,0,0
816,1,100,0,0,0,0,0.005,0,0,0,0,0
817,2,100,0,0,0,0,0.005,0,0,0,0,0
817,1,100,0,0,0,0,0.005,0,0,0,0,0
818,2,100,0,0,0,0,0.005,0,0,0,0,0
818,1,100,0,0,0,0,0.005,0,0,0,0,0
819,2,100,0,0,0,0,0.005,0,0,0,0,0
819,1,100,0,0,0,0,0.005,0,0,0,0,0
820,2,100,0,0,0,0,0.005,0,0,0,0,0
820,1,100,0,0,0,0,0.005,0,0,0,0,0
821,2,100,0,0,0,0,0.005,0,0,0,0,0
821,1,100,0,0,0,0,0.005,0,0,0,0,0
822,2,100,0,0,0,0,0.005,0,0,0,0,0
822,1,100,0,0,0,0,0.005,0,0,0,0,0
823,2,100,0,0,0,0,0.005,0,0,0,0,0
823,1,100,0,0,0,0,0.005,0,0,0,0,0
824,2,100,0,0,0,0,0.005,0,0,0,0,0
824,1,100,0,0,0,0,0.005,0,0,0,0,0
825,2,100,0,0,0,0,0.005,0,0,0,0,0
825,1,100,0,0,0,0,0.005,0,0,0,0,0
826,2,100,0,0,0,0,0.005,0,0,0,0,0
826,1,100,0,0,0,0,0.005,0,0,0,0,0
827,2,100,0,0,0,0,0.005,0,0,0,0,0
827,1,100,0,0,0,0,0.005,0,0,0,0,0
828,2,100,0,0,0,0,0.005,0,0,0,0,0
828,1,100,0,0,0,0,0.005,0,0,0,0,0
829,2,100,0,0,0,0,0.005,0,0,0,0,0
829,1,100,0,0,0,0,0.005,0,0,0,0,0
830,2,100,0,0,0,0,0.005,0,0,0,0,0
830,1,100,0,0,0,0,0.005,0,0,0,0,0
831,2,100,0,0,0,0,0.005,0,0,0,0,0
831,1,100,0,0,0,0,0.005,0,0,0,0,0
832,2,100,0,0,0,0,0.005,0,0,0,0,0
832,1,100,0,0,0,0,0.005,0,0,0,0,0
833,2,100,0,0,0,0,0.005,0,0,0,0,0
833,1,100,0,0,0,0,0.005,0,0,0,0,0
834,2,100,0,0,0,0,0.005,0,0,0,0,0
834,1,100,0,0,0,0,0.005,0,0,0,0,0
835,2,100,0,0,0,0,0.005,0,0,0,0,0
835,1,100,0,0,0,0,0.005,0,0,0,0,0
836,2,100,0,0,0,0,0.005,0,0,0,0,0
836,1,100,0,0,0,0,0.005,0,0,0,0,0
837,2,100,0,0,0,0,0.005,0,0,0,0,0
837,1,100,0,0,0,0,0.005,0,0,0,0,0
838,2,100,0,0,0,0,0.005,0,0,0,0,0
838,1,100,0,0,0,0,0.005,0,0,0,0,0
839,2,100,0,0,0,0,0.005,0,0,0,0,0
839,1,100,0,0,0,0,0.005,0,0,0,0,0
840,2,100,0,0,0,0,0.005,0,0,0,0,0
840,1,100,0,0,0,0,0.005,0,0,0,0,0
841,2,100,0,0,0,0,0.005,0,0,0,0,0
841,1,100,0,0,0,0,0.005,0,0,0,0,0
842,2,100,0,0,0,0,0.005,0,0,0,0,0
842,1,100,0,0,0,0,0.005,0,0,0,0,0
843,2,100,0,0,0,0,0.005,0,0,0,0,0
843,1,100,0,0,0,0,0.005,0,0,0,0,0
844,2,100,0,0,0,0,0.005,0,0,0,0,0
844,1,100,0,0,0,0,0.005,0,0,0,0,0
845,2,100,0,0,0,0,0.005,0,0,0,0,0
845,1,100,0,0,0,0,0.005,0,0,0,0,0
846,2,100,0,0,0,0,0.005,0,0,0,0,0
846,1,100,0,0,0,0,0.005,0,0,0,0,0
847,2,100,0,0,0,0,0.005,0,0,0,0,0
847,1,100,0,0,0,0,0.005,0,0,0,0,0
848,2,100,0,0,0,0,0.005,0,0,0,0,0
848,1,100,0,0,0,0,0.005,0,0,0,0,0
849,2,100,0,0,0,0,0.005,0,0,0,0,0
849,1,100,0,0,0,0,0.005,0,0,0,0,0
850,2,100,0,0,0,0,0.005,0,0,0,0,0
850,1,100,0,0,0,0,0.005,0,0,0,0,0
851,2,100,0,0,0,0,0.005,0,0,0,0,0
851,1,100,0,0,0,0,0.005,0,0,0,0,0
852,2,100,0,0,0,0,0.005,0,0,0,0,0
852,1,100,0,0,0,0,0.005,0,0,0,0,0
853,2,100,0,0,0,0,0.005,0,0,0,0,0
853,1,100,0,0,0,0,0.005,0,0,0,0,0
854,2,100,0,0,0,0,0.005,0,0,0,0,0
854,1,100,0,0,0,0,0.005,0,0,0,0,0
855,2,100,0,0,0,0,0.005,0,0,0,0,0
855,1,100,0,0,0,0,0.005,0,0,0,0,0
856,2,100,0,0,0,0,0.005,0,0,0,0,0
856,1,100,0,0,0,0,0.005,0,0,0,0,0
857,2,100,0,0,0,0,0.005,0,0,0,0,0
857,1,100,0,0,0,0,0.005,0,0,0,0,0
858,2,100,0,0,0,0,0.005,0,0,0,0,0
858,1,100,0,0,0,0,0.005,0,0,0,0,0
859,2,100,0,0,0,0,0.005,0,0,0,0,0
859,1,100,0,0,0,0,0.005,0,0,0,0,0
860,2,100,0,0,0,0,0.005,0,0,0,0,0
860,1,100,0,0,0,0,0.005,0,0,0,0,0
861,2,100,0,0,0,0,0.005,0,0,0,0,0
861,1,100,0,0,0,0,0.005,0,0,0,0,0
862,2,100,0,0,0,0,0.005,0,0,0,0,0
862,1,100,0,0,0,0,0.005,0,0,0,0,0
863,2,100,0,0,0,0,0.005,0,0,0,0,0
863,1,100,0,0,0,0,0.005,0,0,0,0,0
864,2,100,0,0,0,0,0.005,0,0,0,0,0
864,1,100,0,0,0,0,0.005,0,0,0,0,0
865,2,100,0,0,0,0,0.005,0,0,0,0,0
865,1,100,0,0,0,0,0.005,0,0,0,0,0
866,2,100,0,0,0,0,0.005,0,0,0,0,0
866,1,100,0,0,0,0,0.005,0,0,0,0,0
867,2,100,0,0,0,0,0.005,0,0,0,0,0
867,1,100,0,0,0,0,0.005,0,0,0,0,0
868,2,100,0,0,0,0,0.005,0,0,0,0,0
868,1,100,0,0,0,0,0.005,0,0,0,0,0
869,2,100,0,0,0,0,0.005,0,0,0,0,0
869,1,100,0,0,0,0,0.005,0,0,0,0,0
870,2,100,0,0,0,0,0.005,0,0,0,0,0
870,1,100,0,0,0,0,0.005,0,0,0,0,0
871,2,100,0,0,0,0,0.005,0,0,0,0,0
871,1,100,0,0,0,0,0.005,0,0,0,0,0
872,2,100,0,0,0,0,0.005,0,0,0,0,0
872,1,100,0,0,0,0,0.005,0,0,0,0,0
873,2,100,0,0,0,0,0.005,0,0,0,0,0
873,1,100,0,0,0,0,0.005,0,0,0,0,0
874,2,100,0,0,0,0,0.005,0,0,0,0,0
874,1,100,0,0,0,0,0.005,0,0,0,0,0
875,2,100,0,0,0,0,0.005,0,0,0,0,0
875,1,100,0,0,0,0,0.005,0,0,0,0,0
876,2,100,0,0,0,0,0.005,0,0,0,0,0
876,1,100,0,0,0,0,0.005,0,0,0,0,0
877,2,100,0,0,0,0,0.005,0,0,0,0,0
877,1,100,0,0,0,0,0.005,0,0,0,0,0
878,2,100,0,0,0,0,0.005,0,0,0,0,0
878,1,100,0,0,0,0,0.005,0,0,0,0,0
879,2,100,0,0,0,0,0.005,0,0,0,0,0
879,1,100,0,0,0,0,0.005,0,0,0,0,0
880,2,100,0,0,0,0,0.005,0,0,0,0,0
880,1,100,0,0,0,0,0.005,0,0,0,0,0
881,2,100,0,0,0,0,0.005,0,0,0,0,0
881,1,100,0,0,0,0,0.005,0,0,0,0,0
882,2,100,0,0,0,0,0.005,0,0,0,0,0
882,1,100,0,0,0,0,0.005,0,0,0,0,0
883,2,100,0,0,0,0,0.005,0,0,0,0,0
883,1,100,0,0,0,0,0.005,0,0,0,0,0
884,2,100,0,0,0,0,0.005,0,0,0,0,0
884,1,100,0,0,0,0,0.005,0,0,0,0,0
885,2,100,0,0,0,0,0.005,0,0,0,0,0
885,1,100,0,0,0,0,0.005,0,0,0,0,0
886,2,100,0,0,0,0,0.005,0,0,0,0,0
886,1,100,0,0,0,0,0.005,0,0,0,0,0
887,2,100,0,0,0,0,0.005,0,0,0,0,0
887,1,100,0,0,0,0,0.005,0,0,0,0,0
888,2,100,0,0,0,0,0.005,0,0,0,0,0
888,1,100,0,0,0,0,0.005,0,0,0,0,0
889,2,100,0,0,0,0,0.005,0,0,0,0,0
889,1,100,0,0,0,0,0.005,0,0,0,0,0
890,2,100,0,0,0,0,0.005,0,0,0,0,0
890,1,100,0,0,0,0,0.005,0,0,0,0,0
891,2,100,0,0,0,0,0.005,0,0,0,0,0
891,1,100,0,0,0,0,0.005,0,0,0,0,0
892,2,100,0,0,0,0,0.005,0,0,0,0,0
892,1,100,0,0,0,0,0.005,0,0,0,0,0
893,2,100,0,0,0,0,0.005,0,0,0,0,0
893,1,100,0,0,0,0,0.005,0,0,0,0,0
894,2,100,0,0,0,0,0.005,0,0,0,0,0
894,1,100,0,0,0,0,0.005,0,0,0,0,0
895,2,100,0,0,0,0,0.005,0,0,0,0,0
895,1,100,0,0,0,0,0.005,0,0,0,0,0
896,2,100,0,0,0,0,0.005,0,0,0,0,0
896,1,100,0,0,0,0,0.005,0,0,0,0,0
897,2,100,0,0,0,0,0.005,0,0,0,0,0
897,1,100,0,0,0,0,0.005,0,0,0,0,0
898,2,100,0,0,0,0,0.005,0,0,0,0,0
898,1,100,0,0,0,0,0.005,0,0,0,0,0
899,2,100,0,0,0,0,0.005,0,0,0,0,0
899,1,100,0,0,0,0,0.005,0,0,0,0,0
900,2,100,0,0,0,0,0.005,0,0,0,0,0
900,1,100,0,0,0,0,0.005,0,0,0,0,0
901,2,100,100,0,0,0,0.005,1,0,0,0,0
901,1,100,100,0,0,0,0.005,1,0,0,0,0
902,2,100,100,0,0,0,0.005,1,0,0,0,0
902,1,100,100,0,0,0,0.005,1,0,0,0,0
903,2,100,100,0,0,0,0.005,1,0,0,0,0
903,1,100,100,0,0,0,0.005,1,0,0,0,0
904,2,100,100,0,0,0,0.005,1,0,0,0,0
904,1,100,100,0,0,0,0.005,1,0,0,0,0
905,2,100,100,0,0,0,0.005,1,0,0,0,0
905,1,100,100,0,0,0,0.005,1,0,0,0,0
906,2,100,100,0,0,0,0.005,1,0,0,0,0
906,1,100,100,0,0,0,0.005,1,0,0,0,0
907,2,100,100,0,0.0105586,0,0.005,1,0,0,0,0
907,1,100,100,0,0.0104501,0,0.005,1,0,0,0,0
908,2,100,100,0,0.00556788,0,0.005,1,0,0,0,0
908,1,100,100,0,0.00551886,0,0.005,1,0,0,0,0
909,2,100,100,0,0.0424645,0,0.005,1,0,0,0,0
909,1,100,100,0,0.0421463,0,0.005,1,0,0,0,0
910,2,100,100,0,0.0203605,0,0.005,1,0,0,0,0
910,1,100,100,0,0.020254,0,0.005,1,0,0,0,0
911,2,100,100,0,0.151643,0,0.005,1,0,0,0,0
911,1,100,100,0,0.15111,0,0.005,1,0,0,0,0
912,2,100,100,0,0.0724683,0,0.005,1,0,0,0,0
912,1,100,100,0,0.0722742,0,0.005,1,0,0,0,0
913,2,100,100,0,0.537347,0,0.005,1,0,0,0,0
913,1,100,100,0,0.536126,0,0.005,1,0,0,0,0
914,2,100,100,0,0.2555,0,0.005,1,0,0,0,0
914,1,100,100,0,0.254968,0,0.005,1,0,0,0,0
915,2,100,100,0,1.88415,0,0.005,1,0,0,0,0
915,1,100,100,0,1.88151,0,0.005,1,0,0,0,0
916,2,100,100,0,0.888887,0,0.005,1,0,0,0,0
916,1,100,100,0,0.888947,0,0.005,1,0,0,0,0
917,2,100,100,0,6.48117,0,0.005,1,0,0,0,0
917,1,100,100,0,6.49746,0,0.005,1,0,0,0,0
918,2,100,100,0,2.98421,0,0.005,1,0,0,0,0
918,1,100,100,0,3.00516,0,0.005,1,0,0,0,0
919,2,100,100,0,19.8364,0,0.005,1,0,0,0,0
919,1,100,100,0,20.1713,0,0.005,1,0,0,0,0
920,2,100,100,0,7.50322,0,0.005,1,0,0,0,0
920,1,100,100,0,7.71483,0,0.005,1,0,0,0,0
921,2,100,100,0,36.5818,0,0.005,1,0,0,0,0
921,1,100,100,0,37.9599,0,0.005,1,0,0,0,0
922,2,100,100,5.11017e-05,9.60956,0.00338229,0.005,1,0,0,0,0
922,1,100,100,5.08207e-05,10.0316,0.00337014,0.005,1,0,0,0,0
923,2,100,100,4.08458e-05,33.6316,0.00256693,0.005,1,0,0,0,0
923,1,100,100,4.06106e-05,35.2366,0.0025526,0.005,1,0,0,0,0
924,2,100,100,0.000212409,6.67694,0.0139416,0.005,1,0,0,0,0
924,1,100,100,0.000211323,7.01071,0.013904,0.005,1,0,0,0,0
925,2,100,100,0.000168264,18.8115,0.0105624,0.005,1,0,0,0,0
925,1,100,100,0.0001678,19.7795,0.0105409,0.005,1,0,0,0,0
926,2,100,100,0.000779984,3.18304,0.0501056,0.005,1,0,0,0,0
926,1,100,100,0.0007776,3.34974,0.0500282,0.005,1,0,0,0,0
927,2,100,100,0.00060597,7.9836,0.0379744,0.005,1,0,0,0,0
927,1,100,100,0.000604854,8.40607,0.0379156,0.005,1,0,0,0,0
928,2,100,100,0.00274498,1.24186,0.173827,0.005,1,0,0,0,0
928,1,100,100,0.00274741,1.30809,0.1741,0.005,1,0,0,0,0
929,2,100,100,0.00210308,2.93126,0.131737,0.005,1,0,0,0,0
929,1,100,100,0.0021058,3.08839,0.131921,0.005,1,0,0,0,0
930,2,100,100,0.00873938,0.43645,0.55138,0.005,1,0,0,0,0
930,1,100,100,0.00884898,0.460032,0.558472,0.005,1,0,0,0,0
931,2,100,100,0.00665788,0.998702,0.417872,0.005,1,0,0,0,0
931,1,100,100,0.00674314,1.05269,0.423251,0.005,1,0,0,0,0
932,2,100,100,0.018774,0.145477,1.18684,0.005,1,0,0,0,0
932,1,100,100,0.0193359,0.153329,1.22283,0.005,1,0,0,0,0
933,2,100,100,0.014284,0.327941,0.899518,0.005,1,0,0,0,0
933,1,100,100,0.0147139,0.345287,0.926793,0.005,1,0,0,0,0
934,2,100,100,0.0239119,0.0472069,1.51369,0.005,1,0,0,0,0
934,1,100,100,0.0248492,0.0497003,1.57377,0.005,1,0,0,0,0
935,2,100,100,0.0181867,0.105279,1.14726,0.005,1,0,0,0,0
935,1,100,100,0.0189028,0.111037,1.19281,0.005,1,0,0,0,0
936,2,100,100,0.0213013,0.0150738,1.34614,0.005,1,0,0,0,0
936,1,100,100,0.0222247,0.0158793,1.40509,0.005,1,0,0,0,0
937,2,100,100,0.0161903,0.0335399,1.02025,0.005,1,0,0,0,0
937,1,100,100,0.016894,0.0352874,1.06496,0.005,1,0,0,0,0
938,2,100,100,0.0155258,0.00478794,0.978132,0.005,1,0,0,0,0
938,1,100,100,0.0162305,0.00503449,1.02289,0.005,1,0,0,0,0
939,2,100,100,0.0117905,0.0106382,0.741328,0.005,1,0,0,0,0
939,1,100,100,0.0123274,0.0111795,0.775274,0.005,1,0,0,0,0
940,2,100,100,0.0101489,0.00151302,0.637588,0.005,1,0,0,0,0
940,1,100,100,0.0106205,0.00159098,0.667367,0.005,1,0,0,0,0
941,2,100,100,0.00770265,0.00336307,0.483278,0.005,1,0,0,0,0
941,1,100,100,0.00806056,0.0035222,0.505819,0.005,1,0,0,0,0
942,2,100,100,0.00625506,0.000479342,0.392174,0.005,1,0,0,0,0
942,1,100,100,0.0065489,0.000502501,0.410657,0.005,1,0,0,0,0
943,2,100,100,0.00474501,0.00106594,0.297244,0.005,1,0,0,0,0
943,1,100,100,0.00496763,0.00111532,0.311243,0.005,1,0,0,0,0
944,2,100,100,0.0037343,0.000152624,0.233808,0.005,1,0,0,0,0
944,1,100,100,0.00391052,0.000159554,0.24488,0.005,1,0,0,0,0
945,2,100,100,0.00283176,0.000333908,0.177211,0.005,1,0,0,0,0
945,1,100,100,0.00296536,0.000348917,0.185613,0.005,1,0,0,0,0
946,2,100,100,0.00219078,4.78267e-05,0.137054,0.005,1,0,0,0,0
946,1,100,100,0.00229447,4.97427e-05,0.143566,0.005,1,0,0,0,0
947,2,100,100,0.00166086,0.000102538,0.103878,0.005,1,0,0,0,0
947,1,100,100,0.00173953,0.000107322,0.108811,0.005,1,0,0,0,0
948,2,100,100,0.00127309,1.47363e-05,0.0796036,0.005,1,0,0,0,0
948,1,100,100,0.0013335,1.49693e-05,0.0833907,0.005,1,0,0,0,0
949,2,100,100,0.000964762,3.05179e-05,0.0603168,0.005,1,0,0,0,0
949,1,100,100,0.00101094,3.05636e-05,0.063208,0.005,1,0,0,0,0
950,2,100,100,0.000735842,4.30043e-06,0.0459991,0.005,1,0,0,0,0
950,1,100,100,0.000770926,4.09105e-06,0.0481949,0.005,1,0,0,0,0
951,2,100,100,0.000557652,8.62619e-06,0.0348554,0.005,1,0,0,0,0
951,1,100,100,0.000584471,7.95943e-06,0.0365325,0.005,1,0,0,0,0
952,2,100,100,0.000424163,1.22501e-06,0.0265084,0.005,1,0,0,0,0
952,1,100,100,0.000444395,1.10307e-06,0.0277777,0.005,1,0,0,0,0
953,2,100,99,0.000319575,2.06894e-06,0.0199723,0.005,1,53,1,0,0
953,1,100,98,0.000333064,1.78696e-06,0.0208144,0.005,1,53,2,0,0
954,2,100,99,0.000242674,2.96713e-07,0.0151654,0.005,1,0,0,0,0
954,1,100,98,0.00025289,2.25552e-07,0.0158041,0.005,1,0,0,0,0
955,2,100,87,0.000168616,6.36589e-07,0.0105424,0.005,1,55,12,0,0
955,1,100,90,0.000180004,3.97536e-07,0.0112521,0.005,1,55,8,0,0
956,2,100,87,0.000127881,6.00172e-08,0.0079948,0.005,1,0,0,0,0
956,1,100,90,0.000136564,5.61525e-08,0.00853704,0.005,1,0,0,0,0
957,2,100,58,6.77251e-05,1.33177e-07,0.00423544,0.005,1,57,29,0,0
957,1,100,56,6.61652e-05,1.76938e-07,0.00413751,0.005,1,57,34,0,0
958,2,100,58,5.13697e-05,1.59892e-08,0.00321312,0.005,1,0,0,0,0
958,1,100,56,5.01338e-05,1.96436e-08,0.00313606,0.005,1,0,0,0,0
959,2,100,11,7.6309e-06,0,0.000477303,0.005,1,59,47,0,0
959,1,100,10,6.57341e-06,0,0.000410737,0.005,1,59,46,0,0
960,2,100,11,5.79182e-06,0,0.000362133,0.005,1,0,0,0,0
960,1,100,10,4.95902e-06,0,0.000310347,0.005,1,0,0,0,0
961,2,100,1,4.4643e-07,0,2.782e-05,0.005,1,61,10,0,0
961,1,100,0,0,0,0,0.005,0,61,10,0,0
962,2,100,1,3.38474e-07,0,2.1066e-05,0.005,1,0,0,0,0
962,1,100,0,0,0,0,0.005,0,0,0,0,0
963,2,100,0,0,0,0,0.005,0,63,1,0,0
963,1,100,0,0,0,0,0.005,0,0,0,0,0
964,2,100,0,0,0,0,0.005,0,0,0,0,0
964,1,100,0,0,0,0,0.005,0,0,0,0,0
965,2,100,0,0,0,0,0.005,0,0,0,0,0
965,1,100,0,0,0,0,0.005,0,0,0,0,0
966,2,100,0,0,0,0,0.005,0,0,0,0,0
966,1,100,0,0,0,0,0.005,0,0,0,0,0
967,2,100,0,0,0,0,0.005,0,0,0,0,0
967,1,100,0,0,0,0,0.005,0,0,0,0,0
968,2,100,0,0,0,0,0.005,0,0,0,0,0
968,1,100,0,0,0,0,0.005,0,0,0,0,0
969,2,100,0,0,0,0,0.005,0,0,0,0,0
969,1,100,0,0,0,0,0.005,0,0,0,0,0
970,2,100,0,0,0,0,0.005,0,0,0,0,0
970,1,100,0,0,0,0,0.005,0,0,0,0,0
971,2,100,0,0,0,0,0.005,0,0,0,0,0
971,1,100,0,0,0,0,0.005,0,0,0,0,0
972,2,100,0,0,0,0,0.005,0,0,0,0,0
972,1,100,0,0,0,0,0.005,0,0,0,0,0
973,2,100,0,0,0,0,0.005,0,0,0,0,0
973,1,100,0,0,0,0,0.005,0,0,0,0,0
974,2,100,0,0,0,0,0.005,0,0,0,0,0
974,1,100,0,0,0,0,0.005,0,0,0,0,0
975,2,100,0,0,0,0,0.005,0,0,0,0,0
975,1,100,0,0,0,0,0.005,0,0,0,0,0
976,2,100,0,0,0,0,0.005,0,0,0,0,0
976,1,100,0,0,0,0,0.005,0,0,0,0,0
977,2,100,0,0,0,0,0.005,0,0,0,0,0
977,1,100,0,0,0,0,0.005,0,0,0,0,0
978,2,100,0,0,0,0,0.005,0,0,0,0,0
978,1,100,0,0,0,0,0.005,0,0,0,0,0
979,2,100,0,0,0,0,0.005,0,0,0,0,0
979,1,100,0,0,0,0,0.005,0,0,0,0,0
980,2,100,0,0,0,0,0.005,0,0,0,0,0
980,1,100,0,0,0,0,0.005,0,0,0,0,0
981,2,100,0,0,0,0,0.005,0,0,0,0,0
981,1,100,0,0,0,0,0.005,0,0,0,0,0
982,2,100,0,0,0,0,0.005,0,0,0,0,0
982,1,100,0,0,0,0,0.005,0,0,0,0,0
983,2,100,0,0,0,0,0.005,0,0,0,0,0
983,1,100,0,0,0,0,0.005,0,0,0,0,0
984,2,100,0,0,0,0,0.005,0,0,0,0,0
984,1,100,0,0,0,0,0.005,0,0,0,0,0
985,2,100,0,0,0,0,0.005,0,0,0,0,0
985,1,100,0,0,0,0,0.005,0,0,0,0,0
986,2,100,0,0,0,0,0.005,0,0,0,0,0
986,1,100,0,0,0,0,0.005,0,0,0,0,0
987,2,100,0,0,0,0,0.005,0,0,0,0,0
987,1,100,0,0,0,0,0.005,0,0,0,0,0
988,2,100,0,0,0,0,0.005,0,0,0,0,0
988,1,100,0,0,0,0,0.005,0,0,0,0,0
989,2,100,0,0,0,0,0.005,0,0,0,0,0
989,1,100,0,0,0,0,0.005,0,0,0,0,0
990,2,100,0,0,0,0,0.005,0,0,0,0,0
990,1,100,0,0,0,0,0.005,0,0,0,0,0
991,2,100,0,0,0,0,0.005,0,0,0,0,0
991,1,100,0,0,0,0,0.005,0,0,0,0,0
992,2,100,0,0,0,0,0.005,0,0,0,0,0
992,1,100,0,0,0,0,0.005,0,0,0,0,0
993,2,100,0,0,0,0,0.005,0,0,0,0,0
993,1,100,0,0,0,0,0.005,0,0,0,0,0
994,2,100,0,0,0,0,0.005,0,0,0,0,0
994,1,100,0,0,0,0,0.005,0,0,0,0,0
995,2,100,0,0,0,0,0.005,0,0,0,0,0
995,1,100,0,0,0,0,0.005,0,0,0,0,0
996,2,100,0,0,0,0,0.005,0,0,0,0,0
996,1,100,0,0,0,0,0.005,0,0,0,0,0
997,2,100,0,0,0,0,0.005,0,0,0,0,0
997,1,100,0,0,0,0,0.005,0,0,0,0,0
998,2,100,0,0,0,0,0.005,0,0,0,0,0
998,1,100,0,0,0,0,0.005,0,0,0,0,0
999,2,100,0,0,0,0,0.005,0,0,0,0,0
999,1,100,0,0,0,0,0.005,0,0,0,0,0
