Time,NodeID,Alleles,STATE_MALE
0,1,Be,0
0,1,Bw,8954
0,1,X,8954
0,1,Y,8954
1,1,Be,0
1,1,Bw,7990
1,1,X,7990
1,1,Y,7990
2,1,Be,0
2,1,Bw,7096
2,1,X,7096
2,1,Y,7096
3,1,Be,0
3,1,Bw,6324
3,1,X,6324
3,1,Y,6324
4,1,Be,0
4,1,Bw,5617
4,1,X,5617
4,1,Y,5617
5,1,Be,0
5,1,Bw,4974
5,1,X,4974
5,1,Y,4974
6,1,Be,0
6,1,Bw,4383
6,1,X,4383
6,1,Y,4383
7,1,Be,0
7,1,Bw,3849
7,1,X,3849
7,1,Y,3849
8,1,Be,0
8,1,Bw,3336
8,1,X,3336
8,1,Y,3336
9,1,Be,0
9,1,Bw,2883
9,1,X,2883
9,1,Y,2883
10,1,Be,0
10,1,Bw,2505
10,1,X,2505
10,1,Y,2505
11,1,Be,0
11,1,Bw,2154
11,1,X,2154
11,1,Y,2154
12,1,Be,0
12,1,Bw,1819
12,1,X,1819
12,1,Y,1819
13,1,Be,0
13,1,Bw,1530
13,1,X,1530
13,1,Y,1530
14,1,Be,0
14,1,Bw,1286
14,1,X,1286
14,1,Y,1286
15,1,Be,0
15,1,Bw,1087
15,1,X,1087
15,1,Y,1087
16,1,Be,0
16,1,Bw,886
16,1,X,886
16,1,Y,886
17,1,Be,0
17,1,Bw,724
17,1,X,724
17,1,Y,724
18,1,Be,0
18,1,Bw,607
18,1,X,607
18,1,Y,607
19,1,Be,0
19,1,Bw,484
19,1,X,484
19,1,Y,484
20,1,Be,0
20,1,Bw,365
20,1,X,365
20,1,Y,365
21,1,Be,0
21,1,Bw,294
21,1,X,294
21,1,Y,294
22,1,Be,0
22,1,Bw,35742
22,1,X,35742
22,1,Y,35742
23,1,Be,0
23,1,Bw,65341
23,1,X,65341
23,1,Y,65341
24,1,Be,0
24,1,Bw,88654
24,1,X,88654
24,1,Y,88654
25,1,Be,0
25,1,Bw,80686
25,1,X,80686
25,1,Y,80686
26,1,Be,0
26,1,Bw,74655
26,1,X,74655
26,1,Y,74655
27,1,Be,0
27,1,Bw,69489
27,1,X,69489
27,1,Y,69489
28,1,Be,0
28,1,Bw,64580
28,1,X,64580
28,1,Y,64580
29,1,Be,0
29,1,Bw,59434
29,1,X,59434
29,1,Y,59434
30,1,Be,0
30,1,Bw,54834
30,1,X,54834
30,1,Y,54834
31,1,Be,0
31,1,Bw,50366
31,1,X,50366
31,1,Y,50366
32,1,Be,0
32,1,Bw,45723
32,1,X,45723
32,1,Y,45723
33,1,Be,0
33,1,Bw,41006
33,1,X,41006
33,1,Y,41006
34,1,Be,0
34,1,Bw,36834
34,1,X,36834
34,1,Y,36834
35,1,Be,0
35,1,Bw,32848
35,1,X,32848
35,1,Y,32848
36,1,Be,0
36,1,Bw,29079
36,1,X,29079
36,1,Y,29079
37,1,Be,0
37,1,Bw,25703
37,1,X,25703
37,1,Y,25703
38,1,Be,0
38,1,Bw,22595
38,1,X,22595
38,1,Y,22595
39,1,Be,0
39,1,Bw,19784
39,1,X,19784
39,1,Y,19784
40,1,Be,0
40,1,Bw,17242
40,1,X,17242
40,1,Y,17242
41,1,Be,0
41,1,Bw,14857
41,1,X,14857
41,1,Y,14857
42,1,Be,0
42,1,Bw,12900
42,1,X,12900
42,1,Y,12900
43,1,Be,0
43,1,Bw,11136
43,1,X,11136
43,1,Y,11136
44,1,Be,0
44,1,Bw,9480
44,1,X,9480
44,1,Y,9480
45,1,Be,0
45,1,Bw,8072
45,1,X,8072
45,1,Y,8072
46,1,Be,0
46,1,Bw,6823
46,1,X,6823
46,1,Y,6823
47,1,Be,0
47,1,Bw,5778
47,1,X,5778
47,1,Y,5778
48,1,Be,0
48,1,Bw,18930
48,1,X,18930
48,1,Y,18930
49,1,Be,0
49,1,Bw,40741
49,1,X,40741
49,1,Y,40741
50,1,Be,0
50,1,Bw,69321
50,1,X,69321
50,1,Y,69321
51,1,Be,0
51,1,Bw,90632
51,1,X,90632
51,1,Y,90632
52,1,Be,0
52,1,Bw,106960
52,1,X,106960
52,1,Y,106960
53,1,Be,0
53,1,Bw,104861
53,1,X,104861
53,1,Y,104861
54,1,Be,0
54,1,Bw,103916
54,1,X,103916
54,1,Y,103916
55,1,Be,0
55,1,Bw,102801
55,1,X,102801
55,1,Y,102801
56,1,Be,0
56,1,Bw,101652
56,1,X,101652
56,1,Y,101652
57,1,Be,0
57,1,Bw,100624
57,1,X,100624
57,1,Y,100624
58,1,Be,0
58,1,Bw,99622
58,1,X,99622
58,1,Y,99622
59,1,Be,0
59,1,Bw,98526
59,1,X,98526
59,1,Y,98526
60,1,Be,0
60,1,Bw,97433
60,1,X,97433
60,1,Y,97433
61,1,Be,0
61,1,Bw,96369
61,1,X,96369
61,1,Y,96369
62,1,Be,0
62,1,Bw,94256
62,1,X,94256
62,1,Y,94256
63,1,Be,0
63,1,Bw,90077
63,1,X,90077
63,1,Y,90077
64,1,Be,0
64,1,Bw,85565
64,1,X,85565
64,1,Y,85565
65,1,Be,0
65,1,Bw,80644
65,1,X,80644
65,1,Y,80644
66,1,Be,0
66,1,Bw,75960
66,1,X,75960
66,1,Y,75960
67,1,Be,0
67,1,Bw,70680
67,1,X,70680
67,1,Y,70680
68,1,Be,0
68,1,Bw,65247
68,1,X,65247
68,1,Y,65247
69,1,Be,0
69,1,Bw,59897
69,1,X,59897
69,1,Y,59897
70,1,Be,0
70,1,Bw,54689
70,1,X,54689
70,1,Y,54689
71,1,Be,0
71,1,Bw,49721
71,1,X,49721
71,1,Y,49721
72,1,Be,0
72,1,Bw,45354
72,1,X,45354
72,1,Y,45354
73,1,Be,0
73,1,Bw,40524
73,1,X,40524
73,1,Y,40524
74,1,Be,0
74,1,Bw,41990
74,1,X,41990
74,1,Y,41990
75,1,Be,0
75,1,Bw,52094
75,1,X,52094
75,1,Y,52094
76,1,Be,0
76,1,Bw,72010
76,1,X,72010
76,1,Y,72010
77,1,Be,0
77,1,Bw,98071
77,1,X,98071
77,1,Y,98071
78,1,Be,0
78,1,Bw,106886
78,1,X,106886
78,1,Y,106886
79,1,Be,0
79,1,Bw,106105
79,1,X,106105
79,1,Y,106105
80,1,Be,0
80,1,Bw,105891
80,1,X,105891
80,1,Y,105891
81,1,Be,0
81,1,Bw,104956
81,1,X,104956
81,1,Y,104956
82,1,Be,0
82,1,Bw,104185
82,1,X,104185
82,1,Y,104185
83,1,Be,0
83,1,Bw,103297
83,1,X,103297
83,1,Y,103297
84,1,Be,0
84,1,Bw,102391
84,1,X,102391
84,1,Y,102391
85,1,Be,0
85,1,Bw,101448
85,1,X,101448
85,1,Y,101448
86,1,Be,0
86,1,Bw,100386
86,1,X,100386
86,1,Y,100386
87,1,Be,0
87,1,Bw,99157
87,1,X,99157
87,1,Y,99157
88,1,Be,0
88,1,Bw,98052
88,1,X,98052
88,1,Y,98052
89,1,Be,0
89,1,Bw,96738
89,1,X,96738
89,1,Y,96738
90,1,Be,0
90,1,Bw,95668
90,1,X,95668
90,1,Y,95668
91,1,Be,0
91,1,Bw,94504
91,1,X,94504
91,1,Y,94504
92,1,Be,0
92,1,Bw,94425
92,1,X,94425
92,1,Y,94425
93,1,Be,0
93,1,Bw,96049
93,1,X,96049
93,1,Y,96049
94,1,Be,0
94,1,Bw,98882
94,1,X,98882
94,1,Y,98882
95,1,Be,0
95,1,Bw,102861
95,1,X,102861
95,1,Y,102861
96,1,Be,0
96,1,Bw,103964
96,1,X,103964
96,1,Y,103964
97,1,Be,0
97,1,Bw,103440
97,1,X,103440
97,1,Y,103440
98,1,Be,0
98,1,Bw,103092
98,1,X,103092
98,1,Y,103092
99,1,Be,0
99,1,Bw,102781
99,1,X,102781
99,1,Y,102781
100,1,Be,0
100,1,Bw,102295
100,1,X,102295
100,1,Y,102295
101,1,Be,0
101,1,Bw,102084
101,1,X,102084
101,1,Y,102084
102,1,Be,0
102,1,Bw,101936
102,1,X,101936
102,1,Y,101936
103,1,Be,0
103,1,Bw,101883
103,1,X,101883
103,1,Y,101883
104,1,Be,0
104,1,Bw,101644
104,1,X,101644
104,1,Y,101644
105,1,Be,0
105,1,Bw,101412
105,1,X,101412
105,1,Y,101412
106,1,Be,0
106,1,Bw,101205
106,1,X,101205
106,1,Y,101205
107,1,Be,0
107,1,Bw,100971
107,1,X,100971
107,1,Y,100971
108,1,Be,0
108,1,Bw,100882
108,1,X,100882
108,1,Y,100882
109,1,Be,0
109,1,Bw,100497
109,1,X,100497
109,1,Y,100497
110,1,Be,0
110,1,Bw,100301
110,1,X,100301
110,1,Y,100301
111,1,Be,0
111,1,Bw,100602
111,1,X,100602
111,1,Y,100602
112,1,Be,0
112,1,Bw,100960
112,1,X,100960
112,1,Y,100960
113,1,Be,0
113,1,Bw,101829
113,1,X,101829
113,1,Y,101829
114,1,Be,0
114,1,Bw,101787
114,1,X,101787
114,1,Y,101787
115,1,Be,0
115,1,Bw,101791
115,1,X,101791
115,1,Y,101791
116,1,Be,0
116,1,Bw,101483
116,1,X,101483
116,1,Y,101483
117,1,Be,0
117,1,Bw,101565
117,1,X,101565
117,1,Y,101565
118,1,Be,0
118,1,Bw,101637
118,1,X,101637
118,1,Y,101637
119,1,Be,0
119,1,Bw,101563
119,1,X,101563
119,1,Y,101563
120,1,Be,0
120,1,Bw,101192
120,1,X,101192
120,1,Y,101192
121,1,Be,0
121,1,Bw,101174
121,1,X,101174
121,1,Y,101174
122,1,Be,0
122,1,Bw,101431
122,1,X,101431
122,1,Y,101431
123,1,Be,0
123,1,Bw,101222
123,1,X,101222
123,1,Y,101222
124,1,Be,0
124,1,Bw,100774
124,1,X,100774
124,1,Y,100774
125,1,Be,0
125,1,Bw,100813
125,1,X,100813
125,1,Y,100813
126,1,Be,0
126,1,Bw,100833
126,1,X,100833
126,1,Y,100833
127,1,Be,0
127,1,Bw,101050
127,1,X,101050
127,1,Y,101050
128,1,Be,0
128,1,Bw,101009
128,1,X,101009
128,1,Y,101009
129,1,Be,0
129,1,Bw,100813
129,1,X,100813
129,1,Y,100813
130,1,Be,0
130,1,Bw,100793
130,1,X,100793
130,1,Y,100793
131,1,Be,0
131,1,Bw,101002
131,1,X,101002
131,1,Y,101002
132,1,Be,0
132,1,Bw,100896
132,1,X,100896
132,1,Y,100896
133,1,Be,0
133,1,Bw,100745
133,1,X,100745
133,1,Y,100745
134,1,Be,0
134,1,Bw,100857
134,1,X,100857
134,1,Y,100857
135,1,Be,0
135,1,Bw,100992
135,1,X,100992
135,1,Y,100992
136,1,Be,0
136,1,Bw,100817
136,1,X,100817
136,1,Y,100817
137,1,Be,0
137,1,Bw,100873
137,1,X,100873
137,1,Y,100873
138,1,Be,0
138,1,Bw,100770
138,1,X,100770
138,1,Y,100770
139,1,Be,0
139,1,Bw,100896
139,1,X,100896
139,1,Y,100896
140,1,Be,0
140,1,Bw,100890
140,1,X,100890
140,1,Y,100890
141,1,Be,0
141,1,Bw,100769
141,1,X,100769
141,1,Y,100769
142,1,Be,0
142,1,Bw,100823
142,1,X,100823
142,1,Y,100823
143,1,Be,0
143,1,Bw,101115
143,1,X,101115
143,1,Y,101115
144,1,Be,0
144,1,Bw,101329
144,1,X,101329
144,1,Y,101329
145,1,Be,0
145,1,Bw,101290
145,1,X,101290
145,1,Y,101290
146,1,Be,0
146,1,Bw,101085
146,1,X,101085
146,1,Y,101085
147,1,Be,0
147,1,Bw,101338
147,1,X,101338
147,1,Y,101338
148,1,Be,0
148,1,Bw,101598
148,1,X,101598
148,1,Y,101598
149,1,Be,0
149,1,Bw,101555
149,1,X,101555
149,1,Y,101555
150,1,Be,0
150,1,Bw,101417
150,1,X,101417
150,1,Y,101417
151,1,Be,0
151,1,Bw,101200
151,1,X,101200
151,1,Y,101200
152,1,Be,0
152,1,Bw,101781
152,1,X,101781
152,1,Y,101781
153,1,Be,0
153,1,Bw,101457
153,1,X,101457
153,1,Y,101457
154,1,Be,0
154,1,Bw,101479
154,1,X,101479
154,1,Y,101479
155,1,Be,0
155,1,Bw,101590
155,1,X,101590
155,1,Y,101590
156,1,Be,0
156,1,Bw,101396
156,1,X,101396
156,1,Y,101396
157,1,Be,0
157,1,Bw,101362
157,1,X,101362
157,1,Y,101362
158,1,Be,0
158,1,Bw,101272
158,1,X,101272
158,1,Y,101272
159,1,Be,0
159,1,Bw,101398
159,1,X,101398
159,1,Y,101398
160,1,Be,0
160,1,Bw,101456
160,1,X,101456
160,1,Y,101456
161,1,Be,0
161,1,Bw,101368
161,1,X,101368
161,1,Y,101368
162,1,Be,0
162,1,Bw,100933
162,1,X,100933
162,1,Y,100933
163,1,Be,0
163,1,Bw,100732
163,1,X,100732
163,1,Y,100732
164,1,Be,0
164,1,Bw,100770
164,1,X,100770
164,1,Y,100770
165,1,Be,0
165,1,Bw,100679
165,1,X,100679
165,1,Y,100679
166,1,Be,0
166,1,Bw,100856
166,1,X,100856
166,1,Y,100856
167,1,Be,0
167,1,Bw,100817
167,1,X,100817
167,1,Y,100817
168,1,Be,0
168,1,Bw,100816
168,1,X,100816
168,1,Y,100816
169,1,Be,0
169,1,Bw,100867
169,1,X,100867
169,1,Y,100867
170,1,Be,0
170,1,Bw,101010
170,1,X,101010
170,1,Y,101010
171,1,Be,0
171,1,Bw,100899
171,1,X,100899
171,1,Y,100899
172,1,Be,0
172,1,Bw,100842
172,1,X,100842
172,1,Y,100842
173,1,Be,0
173,1,Bw,100898
173,1,X,100898
173,1,Y,100898
174,1,Be,0
174,1,Bw,100799
174,1,X,100799
174,1,Y,100799
175,1,Be,0
175,1,Bw,100980
175,1,X,100980
175,1,Y,100980
176,1,Be,0
176,1,Bw,100812
176,1,X,100812
176,1,Y,100812
177,1,Be,0
177,1,Bw,100792
177,1,X,100792
177,1,Y,100792
178,1,Be,0
178,1,Bw,100796
178,1,X,100796
178,1,Y,100796
179,1,Be,0
179,1,Bw,100884
179,1,X,100884
179,1,Y,100884
180,1,Be,0
180,1,Bw,100795
180,1,X,100795
180,1,Y,100795
181,1,Be,0
181,1,Bw,100540
181,1,X,100540
181,1,Y,100540
182,1,Be,0
182,1,Bw,100552
182,1,X,100552
182,1,Y,100552
183,1,Be,0
183,1,Bw,100734
183,1,X,100734
183,1,Y,100734
184,1,Be,0
184,1,Bw,100768
184,1,X,100768
184,1,Y,100768
185,1,Be,0
185,1,Bw,100707
185,1,X,100707
185,1,Y,100707
186,1,Be,0
186,1,Bw,100990
186,1,X,100990
186,1,Y,100990
187,1,Be,0
187,1,Bw,100985
187,1,X,100985
187,1,Y,100985
188,1,Be,0
188,1,Bw,101199
188,1,X,101199
188,1,Y,101199
189,1,Be,0
189,1,Bw,101078
189,1,X,101078
189,1,Y,101078
190,1,Be,0
190,1,Bw,101074
190,1,X,101074
190,1,Y,101074
191,1,Be,0
191,1,Bw,100962
191,1,X,100962
191,1,Y,100962
192,1,Be,0
192,1,Bw,100928
192,1,X,100928
192,1,Y,100928
193,1,Be,0
193,1,Bw,100882
193,1,X,100882
193,1,Y,100882
194,1,Be,0
194,1,Bw,100738
194,1,X,100738
194,1,Y,100738
195,1,Be,0
195,1,Bw,100792
195,1,X,100792
195,1,Y,100792
196,1,Be,0
196,1,Bw,100906
196,1,X,100906
196,1,Y,100906
197,1,Be,0
197,1,Bw,100560
197,1,X,100560
197,1,Y,100560
198,1,Be,0
198,1,Bw,100715
198,1,X,100715
198,1,Y,100715
199,1,Be,0
199,1,Bw,100753
199,1,X,100753
199,1,Y,100753
200,1,Be,0
200,1,Bw,100790
200,1,X,100790
200,1,Y,100790
201,1,Be,0
201,1,Bw,101021
201,1,X,101021
201,1,Y,101021
202,1,Be,0
202,1,Bw,101079
202,1,X,101079
202,1,Y,101079
203,1,Be,0
203,1,Bw,100827
203,1,X,100827
203,1,Y,100827
204,1,Be,0
204,1,Bw,100956
204,1,X,100956
204,1,Y,100956
205,1,Be,0
205,1,Bw,101023
205,1,X,101023
205,1,Y,101023
206,1,Be,0
206,1,Bw,100949
206,1,X,100949
206,1,Y,100949
207,1,Be,0
207,1,Bw,100952
207,1,X,100952
207,1,Y,100952
208,1,Be,0
208,1,Bw,100881
208,1,X,100881
208,1,Y,100881
209,1,Be,0
209,1,Bw,100861
209,1,X,100861
209,1,Y,100861
210,1,Be,0
210,1,Bw,100817
210,1,X,100817
210,1,Y,100817
211,1,Be,0
211,1,Bw,100878
211,1,X,100878
211,1,Y,100878
212,1,Be,0
212,1,Bw,100918
212,1,X,100918
212,1,Y,100918
213,1,Be,0
213,1,Bw,100577
213,1,X,100577
213,1,Y,100577
214,1,Be,0
214,1,Bw,100807
214,1,X,100807
214,1,Y,100807
215,1,Be,0
215,1,Bw,100883
215,1,X,100883
215,1,Y,100883
216,1,Be,0
216,1,Bw,100796
216,1,X,100796
216,1,Y,100796
217,1,Be,0
217,1,Bw,100804
217,1,X,100804
217,1,Y,100804
218,1,Be,0
218,1,Bw,100592
218,1,X,100592
218,1,Y,100592
219,1,Be,0
219,1,Bw,100598
219,1,X,100598
219,1,Y,100598
220,1,Be,0
220,1,Bw,100399
220,1,X,100399
220,1,Y,100399
221,1,Be,0
221,1,Bw,100511
221,1,X,100511
221,1,Y,100511
222,1,Be,0
222,1,Bw,100375
222,1,X,100375
222,1,Y,100375
223,1,Be,0
223,1,Bw,100462
223,1,X,100462
223,1,Y,100462
224,1,Be,0
224,1,Bw,100571
224,1,X,100571
224,1,Y,100571
225,1,Be,0
225,1,Bw,100569
225,1,X,100569
225,1,Y,100569
226,1,Be,0
226,1,Bw,100410
226,1,X,100410
226,1,Y,100410
227,1,Be,0
227,1,Bw,100429
227,1,X,100429
227,1,Y,100429
228,1,Be,0
228,1,Bw,100480
228,1,X,100480
228,1,Y,100480
229,1,Be,0
229,1,Bw,100443
229,1,X,100443
229,1,Y,100443
230,1,Be,0
230,1,Bw,100544
230,1,X,100544
230,1,Y,100544
231,1,Be,0
231,1,Bw,100496
231,1,X,100496
231,1,Y,100496
232,1,Be,0
232,1,Bw,100435
232,1,X,100435
232,1,Y,100435
233,1,Be,0
233,1,Bw,100332
233,1,X,100332
233,1,Y,100332
234,1,Be,0
234,1,Bw,100413
234,1,X,100413
234,1,Y,100413
235,1,Be,0
235,1,Bw,100524
235,1,X,100524
235,1,Y,100524
236,1,Be,0
236,1,Bw,100600
236,1,X,100600
236,1,Y,100600
237,1,Be,0
237,1,Bw,100463
237,1,X,100463
237,1,Y,100463
238,1,Be,0
238,1,Bw,100555
238,1,X,100555
238,1,Y,100555
239,1,Be,0
239,1,Bw,100554
239,1,X,100554
239,1,Y,100554
240,1,Be,0
240,1,Bw,100411
240,1,X,100411
240,1,Y,100411
241,1,Be,0
241,1,Bw,100598
241,1,X,100598
241,1,Y,100598
242,1,Be,0
242,1,Bw,100531
242,1,X,100531
242,1,Y,100531
243,1,Be,0
243,1,Bw,100565
243,1,X,100565
243,1,Y,100565
244,1,Be,0
244,1,Bw,100671
244,1,X,100671
244,1,Y,100671
245,1,Be,0
245,1,Bw,100793
245,1,X,100793
245,1,Y,100793
246,1,Be,0
246,1,Bw,100731
246,1,X,100731
246,1,Y,100731
247,1,Be,0
247,1,Bw,100862
247,1,X,100862
247,1,Y,100862
248,1,Be,0
248,1,Bw,100840
248,1,X,100840
248,1,Y,100840
249,1,Be,0
249,1,Bw,100825
249,1,X,100825
249,1,Y,100825
250,1,Be,0
250,1,Bw,100950
250,1,X,100950
250,1,Y,100950
251,1,Be,0
251,1,Bw,100825
251,1,X,100825
251,1,Y,100825
252,1,Be,0
252,1,Bw,100646
252,1,X,100646
252,1,Y,100646
253,1,Be,0
253,1,Bw,100847
253,1,X,100847
253,1,Y,100847
254,1,Be,0
254,1,Bw,100754
254,1,X,100754
254,1,Y,100754
255,1,Be,0
255,1,Bw,100922
255,1,X,100922
255,1,Y,100922
256,1,Be,0
256,1,Bw,101050
256,1,X,101050
256,1,Y,101050
257,1,Be,0
257,1,Bw,101170
257,1,X,101170
257,1,Y,101170
258,1,Be,0
258,1,Bw,101065
258,1,X,101065
258,1,Y,101065
259,1,Be,0
259,1,Bw,100911
259,1,X,100911
259,1,Y,100911
260,1,Be,0
260,1,Bw,101075
260,1,X,101075
260,1,Y,101075
261,1,Be,0
261,1,Bw,100994
261,1,X,100994
261,1,Y,100994
262,1,Be,0
262,1,Bw,100910
262,1,X,100910
262,1,Y,100910
263,1,Be,0
263,1,Bw,100947
263,1,X,100947
263,1,Y,100947
264,1,Be,0
264,1,Bw,100947
264,1,X,100947
264,1,Y,100947
265,1,Be,0
265,1,Bw,100858
265,1,X,100858
265,1,Y,100858
266,1,Be,0
266,1,Bw,100947
266,1,X,100947
266,1,Y,100947
267,1,Be,0
267,1,Bw,100967
267,1,X,100967
267,1,Y,100967
268,1,Be,0
268,1,Bw,101025
268,1,X,101025
268,1,Y,101025
269,1,Be,0
269,1,Bw,101286
269,1,X,101286
269,1,Y,101286
270,1,Be,0
270,1,Bw,101147
270,1,X,101147
270,1,Y,101147
271,1,Be,0
271,1,Bw,101217
271,1,X,101217
271,1,Y,101217
272,1,Be,0
272,1,Bw,101186
272,1,X,101186
272,1,Y,101186
273,1,Be,0
273,1,Bw,100888
273,1,X,100888
273,1,Y,100888
274,1,Be,0
274,1,Bw,100883
274,1,X,100883
274,1,Y,100883
275,1,Be,0
275,1,Bw,100829
275,1,X,100829
275,1,Y,100829
276,1,Be,0
276,1,Bw,100587
276,1,X,100587
276,1,Y,100587
277,1,Be,0
277,1,Bw,100525
277,1,X,100525
277,1,Y,100525
278,1,Be,0
278,1,Bw,100823
278,1,X,100823
278,1,Y,100823
279,1,Be,0
279,1,Bw,101040
279,1,X,101040
279,1,Y,101040
280,1,Be,0
280,1,Bw,101442
280,1,X,101442
280,1,Y,101442
281,1,Be,0
281,1,Bw,101289
281,1,X,101289
281,1,Y,101289
282,1,Be,0
282,1,Bw,101490
282,1,X,101490
282,1,Y,101490
283,1,Be,0
283,1,Bw,101164
283,1,X,101164
283,1,Y,101164
284,1,Be,0
284,1,Bw,101055
284,1,X,101055
284,1,Y,101055
285,1,Be,0
285,1,Bw,101164
285,1,X,101164
285,1,Y,101164
286,1,Be,0
286,1,Bw,101197
286,1,X,101197
286,1,Y,101197
287,1,Be,0
287,1,Bw,101017
287,1,X,101017
287,1,Y,101017
288,1,Be,0
288,1,Bw,101157
288,1,X,101157
288,1,Y,101157
289,1,Be,0
289,1,Bw,101220
289,1,X,101220
289,1,Y,101220
290,1,Be,0
290,1,Bw,101347
290,1,X,101347
290,1,Y,101347
291,1,Be,0
291,1,Bw,101286
291,1,X,101286
291,1,Y,101286
292,1,Be,0
292,1,Bw,101225
292,1,X,101225
292,1,Y,101225
293,1,Be,0
293,1,Bw,100998
293,1,X,100998
293,1,Y,100998
294,1,Be,0
294,1,Bw,101227
294,1,X,101227
294,1,Y,101227
295,1,Be,0
295,1,Bw,101129
295,1,X,101129
295,1,Y,101129
296,1,Be,0
296,1,Bw,101029
296,1,X,101029
296,1,Y,101029
297,1,Be,0
297,1,Bw,101142
297,1,X,101142
297,1,Y,101142
298,1,Be,0
298,1,Bw,101226
298,1,X,101226
298,1,Y,101226
299,1,Be,0
299,1,Bw,101292
299,1,X,101292
299,1,Y,101292
300,1,Be,0
300,1,Bw,101160
300,1,X,101160
300,1,Y,101160
301,1,Be,0
301,1,Bw,101231
301,1,X,101231
301,1,Y,101231
302,1,Be,0
302,1,Bw,100932
302,1,X,100932
302,1,Y,100932
303,1,Be,0
303,1,Bw,101191
303,1,X,101191
303,1,Y,101191
304,1,Be,0
304,1,Bw,101135
304,1,X,101135
304,1,Y,101135
305,1,Be,0
305,1,Bw,101110
305,1,X,101110
305,1,Y,101110
306,1,Be,0
306,1,Bw,100975
306,1,X,100975
306,1,Y,100975
307,1,Be,0
307,1,Bw,101054
307,1,X,101054
307,1,Y,101054
308,1,Be,0
308,1,Bw,100932
308,1,X,100932
308,1,Y,100932
309,1,Be,0
309,1,Bw,100923
309,1,X,100923
309,1,Y,100923
310,1,Be,0
310,1,Bw,101230
310,1,X,101230
310,1,Y,101230
311,1,Be,0
311,1,Bw,101116
311,1,X,101116
311,1,Y,101116
312,1,Be,0
312,1,Bw,101175
312,1,X,101175
312,1,Y,101175
313,1,Be,0
313,1,Bw,101195
313,1,X,101195
313,1,Y,101195
314,1,Be,0
314,1,Bw,101065
314,1,X,101065
314,1,Y,101065
315,1,Be,0
315,1,Bw,100917
315,1,X,100917
315,1,Y,100917
316,1,Be,0
316,1,Bw,101168
316,1,X,101168
316,1,Y,101168
317,1,Be,0
317,1,Bw,100851
317,1,X,100851
317,1,Y,100851
318,1,Be,0
318,1,Bw,100868
318,1,X,100868
318,1,Y,100868
319,1,Be,0
319,1,Bw,100723
319,1,X,100723
319,1,Y,100723
320,1,Be,0
320,1,Bw,100617
320,1,X,100617
320,1,Y,100617
321,1,Be,0
321,1,Bw,100790
321,1,X,100790
321,1,Y,100790
322,1,Be,0
322,1,Bw,100590
322,1,X,100590
322,1,Y,100590
323,1,Be,0
323,1,Bw,100530
323,1,X,100530
323,1,Y,100530
324,1,Be,0
324,1,Bw,100502
324,1,X,100502
324,1,Y,100502
325,1,Be,0
325,1,Bw,100386
325,1,X,100386
325,1,Y,100386
326,1,Be,0
326,1,Bw,100394
326,1,X,100394
326,1,Y,100394
327,1,Be,0
327,1,Bw,100524
327,1,X,100524
327,1,Y,100524
328,1,Be,0
328,1,Bw,100526
328,1,X,100526
328,1,Y,100526
329,1,Be,0
329,1,Bw,100829
329,1,X,100829
329,1,Y,100829
330,1,Be,0
330,1,Bw,100920
330,1,X,100920
330,1,Y,100920
331,1,Be,0
331,1,Bw,100750
331,1,X,100750
331,1,Y,100750
332,1,Be,0
332,1,Bw,100612
332,1,X,100612
332,1,Y,100612
333,1,Be,0
333,1,Bw,100739
333,1,X,100739
333,1,Y,100739
334,1,Be,0
334,1,Bw,100878
334,1,X,100878
334,1,Y,100878
335,1,Be,0
335,1,Bw,100994
335,1,X,100994
335,1,Y,100994
336,1,Be,0
336,1,Bw,100969
336,1,X,100969
336,1,Y,100969
337,1,Be,0
337,1,Bw,100906
337,1,X,100906
337,1,Y,100906
338,1,Be,0
338,1,Bw,101172
338,1,X,101172
338,1,Y,101172
339,1,Be,0
339,1,Bw,101223
339,1,X,101223
339,1,Y,101223
340,1,Be,0
340,1,Bw,101078
340,1,X,101078
340,1,Y,101078
341,1,Be,0
341,1,Bw,100828
341,1,X,100828
341,1,Y,100828
342,1,Be,0
342,1,Bw,100917
342,1,X,100917
342,1,Y,100917
343,1,Be,0
343,1,Bw,100801
343,1,X,100801
343,1,Y,100801
344,1,Be,0
344,1,Bw,100815
344,1,X,100815
344,1,Y,100815
345,1,Be,0
345,1,Bw,100820
345,1,X,100820
345,1,Y,100820
346,1,Be,0
346,1,Bw,101272
346,1,X,101272
346,1,Y,101272
347,1,Be,0
347,1,Bw,101010
347,1,X,101010
347,1,Y,101010
348,1,Be,0
348,1,Bw,101217
348,1,X,101217
348,1,Y,101217
349,1,Be,0
349,1,Bw,101277
349,1,X,101277
349,1,Y,101277
350,1,Be,0
350,1,Bw,101270
350,1,X,101270
350,1,Y,101270
351,1,Be,0
351,1,Bw,101281
351,1,X,101281
351,1,Y,101281
352,1,Be,0
352,1,Bw,101148
352,1,X,101148
352,1,Y,101148
353,1,Be,0
353,1,Bw,101376
353,1,X,101376
353,1,Y,101376
354,1,Be,0
354,1,Bw,101611
354,1,X,101611
354,1,Y,101611
355,1,Be,0
355,1,Bw,101475
355,1,X,101475
355,1,Y,101475
356,1,Be,0
356,1,Bw,101340
356,1,X,101340
356,1,Y,101340
357,1,Be,0
357,1,Bw,101293
357,1,X,101293
357,1,Y,101293
358,1,Be,0
358,1,Bw,101374
358,1,X,101374
358,1,Y,101374
359,1,Be,0
359,1,Bw,101336
359,1,X,101336
359,1,Y,101336
360,1,Be,0
360,1,Bw,101358
360,1,X,101358
360,1,Y,101358
361,1,Be,0
361,1,Bw,101520
361,1,X,101520
361,1,Y,101520
362,1,Be,0
362,1,Bw,101538
362,1,X,101538
362,1,Y,101538
363,1,Be,0
363,1,Bw,101429
363,1,X,101429
363,1,Y,101429
364,1,Be,0
364,1,Bw,101280
364,1,X,101280
364,1,Y,101280
365,1,Be,0
365,1,Bw,101124
365,1,X,101124
365,1,Y,101124
366,1,Be,0
366,1,Bw,101090
366,1,X,101090
366,1,Y,101090
367,1,Be,0
367,1,Bw,101145
367,1,X,101145
367,1,Y,101145
368,1,Be,0
368,1,Bw,101133
368,1,X,101133
368,1,Y,101133
369,1,Be,0
369,1,Bw,101215
369,1,X,101215
369,1,Y,101215
370,1,Be,0
370,1,Bw,100992
370,1,X,100992
370,1,Y,100992
371,1,Be,0
371,1,Bw,100994
371,1,X,100994
371,1,Y,100994
372,1,Be,0
372,1,Bw,101141
372,1,X,101141
372,1,Y,101141
373,1,Be,0
373,1,Bw,100923
373,1,X,100923
373,1,Y,100923
374,1,Be,0
374,1,Bw,100807
374,1,X,100807
374,1,Y,100807
375,1,Be,0
375,1,Bw,100948
375,1,X,100948
375,1,Y,100948
376,1,Be,0
376,1,Bw,100867
376,1,X,100867
376,1,Y,100867
377,1,Be,0
377,1,Bw,100987
377,1,X,100987
377,1,Y,100987
378,1,Be,0
378,1,Bw,100734
378,1,X,100734
378,1,Y,100734
379,1,Be,0
379,1,Bw,100727
379,1,X,100727
379,1,Y,100727
380,1,Be,0
380,1,Bw,100510
380,1,X,100510
380,1,Y,100510
381,1,Be,0
381,1,Bw,100499
381,1,X,100499
381,1,Y,100499
382,1,Be,0
382,1,Bw,100555
382,1,X,100555
382,1,Y,100555
383,1,Be,0
383,1,Bw,100578
383,1,X,100578
383,1,Y,100578
384,1,Be,0
384,1,Bw,100735
384,1,X,100735
384,1,Y,100735
385,1,Be,0
385,1,Bw,101033
385,1,X,101033
385,1,Y,101033
386,1,Be,0
386,1,Bw,101188
386,1,X,101188
386,1,Y,101188
387,1,Be,0
387,1,Bw,101291
387,1,X,101291
387,1,Y,101291
388,1,Be,0
388,1,Bw,101346
388,1,X,101346
388,1,Y,101346
389,1,Be,0
389,1,Bw,101093
389,1,X,101093
389,1,Y,101093
390,1,Be,0
390,1,Bw,101056
390,1,X,101056
390,1,Y,101056
391,1,Be,0
391,1,Bw,101263
391,1,X,101263
391,1,Y,101263
392,1,Be,0
392,1,Bw,101138
392,1,X,101138
392,1,Y,101138
393,1,Be,0
393,1,Bw,100761
393,1,X,100761
393,1,Y,100761
394,1,Be,0
394,1,Bw,100768
394,1,X,100768
394,1,Y,100768
395,1,Be,0
395,1,Bw,100698
395,1,X,100698
395,1,Y,100698
396,1,Be,0
396,1,Bw,100602
396,1,X,100602
396,1,Y,100602
397,1,Be,0
397,1,Bw,100840
397,1,X,100840
397,1,Y,100840
398,1,Be,0
398,1,Bw,100794
398,1,X,100794
398,1,Y,100794
399,1,Be,0
399,1,Bw,100690
399,1,X,100690
399,1,Y,100690
400,1,Be,8943
400,1,Bw,100592
400,1,X,109535
400,1,Y,109535
401,1,Be,7986
401,1,Bw,101088
401,1,X,109074
401,1,Y,109074
402,1,Be,7180
402,1,Bw,101069
402,1,X,108249
402,1,Y,108249
403,1,Be,6453
403,1,Bw,101126
403,1,X,107579
403,1,Y,107579
404,1,Be,5759
404,1,Bw,100837
404,1,X,106596
404,1,Y,106596
405,1,Be,5162
405,1,Bw,100973
405,1,X,106135
405,1,Y,106135
406,1,Be,4573
406,1,Bw,100903
406,1,X,105476
406,1,Y,105476
407,1,Be,4043
407,1,Bw,101050
407,1,X,105093
407,1,Y,105093
408,1,Be,3542
408,1,Bw,100835
408,1,X,104377
408,1,Y,104377
409,1,Be,3126
409,1,Bw,100998
409,1,X,104124
409,1,Y,104124
410,1,Be,2720
410,1,Bw,100918
410,1,X,103638
410,1,Y,103638
411,1,Be,2349
411,1,Bw,100747
411,1,X,103096
411,1,Y,103096
412,1,Be,2019
412,1,Bw,100922
412,1,X,102941
412,1,Y,102941
413,1,Be,1722
413,1,Bw,100730
413,1,X,102452
413,1,Y,102452
414,1,Be,1468
414,1,Bw,100590
414,1,X,102058
414,1,Y,102058
415,1,Be,1224
415,1,Bw,100505
415,1,X,101729
415,1,Y,101729
416,1,Be,1025
416,1,Bw,100418
416,1,X,101443
416,1,Y,101443
417,1,Be,854
417,1,Bw,100293
417,1,X,101147
417,1,Y,101147
418,1,Be,731
418,1,Bw,100587
418,1,X,101318
418,1,Y,101318
419,1,Be,593
419,1,Bw,100597
419,1,X,101190
419,1,Y,101190
420,1,Be,491
420,1,Bw,100731
420,1,X,101222
420,1,Y,101222
421,1,Be,410
421,1,Bw,100688
421,1,X,101098
421,1,Y,101098
422,1,Be,335
422,1,Bw,100834
422,1,X,101169
422,1,Y,101169
423,1,Be,274
423,1,Bw,100736
423,1,X,101010
423,1,Y,101010
424,1,Be,212
424,1,Bw,100683
424,1,X,100895
424,1,Y,100895
425,1,Be,165
425,1,Bw,100726
425,1,X,100891
425,1,Y,100891
426,1,Be,287
426,1,Bw,100804
426,1,X,100936
426,1,Y,100936
427,1,Be,483
427,1,Bw,101028
427,1,X,101136
427,1,Y,101136
428,1,Be,752
428,1,Bw,101009
428,1,X,101092
428,1,Y,101092
429,1,Be,1009
429,1,Bw,100753
429,1,X,100816
429,1,Y,100816
430,1,Be,1304
430,1,Bw,100680
430,1,X,100731
430,1,Y,100731
431,1,Be,1632
431,1,Bw,101078
431,1,X,101116
431,1,Y,101116
432,1,Be,1907
432,1,Bw,101153
432,1,X,101186
432,1,Y,101186
433,1,Be,2220
433,1,Bw,100902
433,1,X,100929
433,1,Y,100929
434,1,Be,2438
434,1,Bw,101250
434,1,X,101269
434,1,Y,101269
435,1,Be,2529
435,1,Bw,101043
435,1,X,101059
435,1,Y,101059
436,1,Be,2642
436,1,Bw,101415
436,1,X,101427
436,1,Y,101427
437,1,Be,2712
437,1,Bw,101466
437,1,X,101476
437,1,Y,101476
438,1,Be,2867
438,1,Bw,101397
438,1,X,101406
438,1,Y,101406
439,1,Be,2941
439,1,Bw,101409
439,1,X,101417
439,1,Y,101417
440,1,Be,2916
440,1,Bw,101188
440,1,X,101194
440,1,Y,101194
441,1,Be,2951
441,1,Bw,101196
441,1,X,101201
441,1,Y,101201
442,1,Be,3017
442,1,Bw,101123
442,1,X,101127
442,1,Y,101127
443,1,Be,2899
443,1,Bw,101000
443,1,X,101004
443,1,Y,101004
444,1,Be,2725
444,1,Bw,100927
444,1,X,100930
444,1,Y,100930
445,1,Be,2577
445,1,Bw,100824
445,1,X,100826
445,1,Y,100826
446,1,Be,2458
446,1,Bw,100929
446,1,X,100931
446,1,Y,100931
447,1,Be,2289
447,1,Bw,100868
447,1,X,100869
447,1,Y,100869
448,1,Be,2096
448,1,Bw,100813
448,1,X,100813
448,1,Y,100813
449,1,Be,1991
449,1,Bw,100688
449,1,X,100688
449,1,Y,100688
450,1,Be,1812
450,1,Bw,100447
450,1,X,100447
450,1,Y,100447
451,1,Be,1671
451,1,Bw,100518
451,1,X,100518
451,1,Y,100518
452,1,Be,1566
452,1,Bw,100558
452,1,X,100558
452,1,Y,100558
453,1,Be,1434
453,1,Bw,100715
453,1,X,100715
453,1,Y,100715
454,1,Be,1335
454,1,Bw,100734
454,1,X,100734
454,1,Y,100734
455,1,Be,1306
455,1,Bw,100673
455,1,X,100673
455,1,Y,100673
456,1,Be,1311
456,1,Bw,100727
456,1,X,100731
456,1,Y,100731
457,1,Be,1322
457,1,Bw,100929
457,1,X,100933
457,1,Y,100933
458,1,Be,1290
458,1,Bw,100763
458,1,X,100767
458,1,Y,100767
459,1,Be,1333
459,1,Bw,100893
459,1,X,100897
459,1,Y,100897
460,1,Be,1401
460,1,Bw,101011
460,1,X,101016
460,1,Y,101016
461,1,Be,1428
461,1,Bw,101019
461,1,X,101026
461,1,Y,101026
462,1,Be,1539
462,1,Bw,101011
462,1,X,101022
462,1,Y,101022
463,1,Be,1656
463,1,Bw,101022
463,1,X,101035
463,1,Y,101035
464,1,Be,1713
464,1,Bw,101078
464,1,X,101093
464,1,Y,101093
465,1,Be,1810
465,1,Bw,100673
465,1,X,100688
465,1,Y,100688
466,1,Be,1879
466,1,Bw,100762
466,1,X,100775
466,1,Y,100775
467,1,Be,1925
467,1,Bw,100762
467,1,X,100777
467,1,Y,100777
468,1,Be,2108
468,1,Bw,100818
468,1,X,100837
468,1,Y,100837
469,1,Be,2228
469,1,Bw,100823
469,1,X,100842
469,1,Y,100842
470,1,Be,2297
470,1,Bw,100868
470,1,X,100888
470,1,Y,100888
471,1,Be,2413
471,1,Bw,100932
471,1,X,100953
471,1,Y,100953
472,1,Be,2428
472,1,Bw,101225
472,1,X,101243
472,1,Y,101243
473,1,Be,2426
473,1,Bw,101564
473,1,X,101581
473,1,Y,101581
474,1,Be,2395
474,1,Bw,101539
474,1,X,101557
474,1,Y,101557
475,1,Be,2379
475,1,Bw,101650
475,1,X,101669
475,1,Y,101669
476,1,Be,2322
476,1,Bw,101642
476,1,X,101659
476,1,Y,101659
477,1,Be,2287
477,1,Bw,101743
477,1,X,101759
477,1,Y,101759
478,1,Be,2208
478,1,Bw,101784
478,1,X,101802
478,1,Y,101802
479,1,Be,2091
479,1,Bw,101722
479,1,X,101740
479,1,Y,101740
480,1,Be,2035
480,1,Bw,101958
480,1,X,101973
480,1,Y,101973
481,1,Be,1953
481,1,Bw,101746
481,1,X,101763
481,1,Y,101763
482,1,Be,1927
482,1,Bw,101788
482,1,X,101799
482,1,Y,101799
483,1,Be,1838
483,1,Bw,101653
483,1,X,101661
483,1,Y,101661
484,1,Be,1796
484,1,Bw,101802
484,1,X,101809
484,1,Y,101809
485,1,Be,1734
485,1,Bw,101621
485,1,X,101628
485,1,Y,101628
486,1,Be,1682
486,1,Bw,101216
486,1,X,101223
486,1,Y,101223
487,1,Be,1689
487,1,Bw,101015
487,1,X,101021
487,1,Y,101021
488,1,Be,1693
488,1,Bw,101007
488,1,X,101015
488,1,Y,101015
489,1,Be,1692
489,1,Bw,100910
489,1,X,100918
489,1,Y,100918
490,1,Be,1767
490,1,Bw,100902
490,1,X,100910
490,1,Y,100910
491,1,Be,1726
491,1,Bw,100918
491,1,X,100923
491,1,Y,100923
492,1,Be,1737
492,1,Bw,101043
492,1,X,101048
492,1,Y,101048
493,1,Be,1798
493,1,Bw,101036
493,1,X,101041
493,1,Y,101041
494,1,Be,1823
494,1,Bw,101077
494,1,X,101082
494,1,Y,101082
495,1,Be,1857
495,1,Bw,100664
495,1,X,100669
495,1,Y,100669
496,1,Be,1884
496,1,Bw,100386
496,1,X,100391
496,1,Y,100391
497,1,Be,1968
497,1,Bw,100427
497,1,X,100431
497,1,Y,100431
498,1,Be,1960
498,1,Bw,100248
498,1,X,100254
498,1,Y,100254
499,1,Be,2040
499,1,Bw,100364
499,1,X,100370
499,1,Y,100370
500,1,Be,2074
500,1,Bw,100745
500,1,X,100751
500,1,Y,100751
501,1,Be,2107
501,1,Bw,100791
501,1,X,100798
501,1,Y,100798
502,1,Be,2090
502,1,Bw,100899
502,1,X,100907
502,1,Y,100907
503,1,Be,2152
503,1,Bw,101044
503,1,X,101053
503,1,Y,101053
504,1,Be,2114
504,1,Bw,100798
504,1,X,100805
504,1,Y,100805
505,1,Be,2191
505,1,Bw,100821
505,1,X,100829
505,1,Y,100829
506,1,Be,2184
506,1,Bw,101289
506,1,X,101300
506,1,Y,101300
507,1,Be,2223
507,1,Bw,101362
507,1,X,101370
507,1,Y,101370
508,1,Be,2251
508,1,Bw,101574
508,1,X,101580
508,1,Y,101580
509,1,Be,2200
509,1,Bw,101314
509,1,X,101320
509,1,Y,101320
510,1,Be,2196
510,1,Bw,101279
510,1,X,101284
510,1,Y,101284
511,1,Be,2138
511,1,Bw,101218
511,1,X,101223
511,1,Y,101223
512,1,Be,2119
512,1,Bw,101170
512,1,X,101173
512,1,Y,101173
513,1,Be,2041
513,1,Bw,101291
513,1,X,101294
513,1,Y,101294
514,1,Be,1989
514,1,Bw,101161
514,1,X,101163
514,1,Y,101163
515,1,Be,1937
515,1,Bw,101391
515,1,X,101393
515,1,Y,101393
516,1,Be,1919
516,1,Bw,101250
516,1,X,101253
516,1,Y,101253
517,1,Be,1894
517,1,Bw,101325
517,1,X,101328
517,1,Y,101328
518,1,Be,1885
518,1,Bw,101421
518,1,X,101423
518,1,Y,101423
519,1,Be,1913
519,1,Bw,101316
519,1,X,101317
519,1,Y,101317
520,1,Be,1872
520,1,Bw,101179
520,1,X,101180
520,1,Y,101180
521,1,Be,1866
521,1,Bw,101130
521,1,X,101131
521,1,Y,101131
522,1,Be,1821
522,1,Bw,101102
522,1,X,101103
522,1,Y,101103
523,1,Be,1759
523,1,Bw,100714
523,1,X,100715
523,1,Y,100715
524,1,Be,1795
524,1,Bw,100613
524,1,X,100613
524,1,Y,100613
525,1,Be,1843
525,1,Bw,100826
525,1,X,100831
525,1,Y,100831
526,1,Be,1865
526,1,Bw,100770
526,1,X,100778
526,1,Y,100778
527,1,Be,1855
527,1,Bw,100978
527,1,X,100984
527,1,Y,100984
528,1,Be,1838
528,1,Bw,100895
528,1,X,100899
528,1,Y,100899
529,1,Be,1864
529,1,Bw,101014
529,1,X,101017
529,1,Y,101017
530,1,Be,1869
530,1,Bw,101192
530,1,X,101195
530,1,Y,101195
531,1,Be,1906
531,1,Bw,100736
531,1,X,100739
531,1,Y,100739
532,1,Be,1964
532,1,Bw,100817
532,1,X,100819
532,1,Y,100819
533,1,Be,1987
533,1,Bw,100804
533,1,X,100806
533,1,Y,100806
534,1,Be,2037
534,1,Bw,100762
534,1,X,100765
534,1,Y,100765
535,1,Be,1992
535,1,Bw,100804
535,1,X,100807
535,1,Y,100807
536,1,Be,2060
536,1,Bw,100775
536,1,X,100781
536,1,Y,100781
537,1,Be,2067
537,1,Bw,100593
537,1,X,100600
537,1,Y,100600
538,1,Be,2051
538,1,Bw,100262
538,1,X,100271
538,1,Y,100271
539,1,Be,2056
539,1,Bw,100197
539,1,X,100208
539,1,Y,100208
540,1,Be,2071
540,1,Bw,100186
540,1,X,100197
540,1,Y,100197
541,1,Be,2064
541,1,Bw,100586
541,1,X,100598
541,1,Y,100598
542,1,Be,2094
542,1,Bw,100529
542,1,X,100542
542,1,Y,100542
543,1,Be,2096
543,1,Bw,100921
543,1,X,100935
543,1,Y,100935
544,1,Be,2075
544,1,Bw,101192
544,1,X,101203
544,1,Y,101203
545,1,Be,2059
545,1,Bw,101409
545,1,X,101418
545,1,Y,101418
546,1,Be,2024
546,1,Bw,101508
546,1,X,101515
546,1,Y,101515
547,1,Be,1992
547,1,Bw,101696
547,1,X,101703
547,1,Y,101703
548,1,Be,1944
548,1,Bw,101544
548,1,X,101553
548,1,Y,101553
549,1,Be,1969
549,1,Bw,101556
549,1,X,101563
549,1,Y,101563
550,1,Be,1905
550,1,Bw,101296
550,1,X,101303
550,1,Y,101303
551,1,Be,1875
551,1,Bw,101233
551,1,X,101242
551,1,Y,101242
552,1,Be,1879
552,1,Bw,101073
552,1,X,101084
552,1,Y,101084
553,1,Be,1886
553,1,Bw,101106
553,1,X,101116
553,1,Y,101116
554,1,Be,1905
554,1,Bw,101042
554,1,X,101052
554,1,Y,101052
555,1,Be,1922
555,1,Bw,100891
555,1,X,100904
555,1,Y,100904
556,1,Be,1926
556,1,Bw,100932
556,1,X,100944
556,1,Y,100944
557,1,Be,1901
557,1,Bw,100731
557,1,X,100741
557,1,Y,100741
558,1,Be,1933
558,1,Bw,100516
558,1,X,100524
558,1,Y,100524
559,1,Be,1905
559,1,Bw,100520
559,1,X,100530
559,1,Y,100530
560,1,Be,1964
560,1,Bw,100459
560,1,X,100473
560,1,Y,100473
561,1,Be,1969
561,1,Bw,100464
561,1,X,100475
561,1,Y,100475
562,1,Be,2050
562,1,Bw,100764
562,1,X,100774
562,1,Y,100774
563,1,Be,2022
563,1,Bw,100850
563,1,X,100858
563,1,Y,100858
564,1,Be,2044
564,1,Bw,101206
564,1,X,101213
564,1,Y,101213
565,1,Be,2014
565,1,Bw,101028
565,1,X,101032
565,1,Y,101032
566,1,Be,2019
566,1,Bw,101047
566,1,X,101050
566,1,Y,101050
567,1,Be,2008
567,1,Bw,101019
567,1,X,101022
567,1,Y,101022
568,1,Be,2003
568,1,Bw,101057
568,1,X,101060
568,1,Y,101060
569,1,Be,2089
569,1,Bw,100972
569,1,X,100977
569,1,Y,100977
570,1,Be,2100
570,1,Bw,100888
570,1,X,100892
570,1,Y,100892
571,1,Be,2081
571,1,Bw,100720
571,1,X,100724
571,1,Y,100724
572,1,Be,2106
572,1,Bw,101101
572,1,X,101111
572,1,Y,101111
573,1,Be,2081
573,1,Bw,100957
573,1,X,100968
573,1,Y,100968
574,1,Be,2076
574,1,Bw,100853
574,1,X,100864
574,1,Y,100864
575,1,Be,2087
575,1,Bw,100965
575,1,X,100977
575,1,Y,100977
576,1,Be,2043
576,1,Bw,100891
576,1,X,100901
576,1,Y,100901
577,1,Be,1986
577,1,Bw,101071
577,1,X,101081
577,1,Y,101081
578,1,Be,1971
578,1,Bw,101133
578,1,X,101144
578,1,Y,101144
579,1,Be,1956
579,1,Bw,101066
579,1,X,101078
579,1,Y,101078
580,1,Be,1954
580,1,Bw,101248
580,1,X,101259
580,1,Y,101259
581,1,Be,1886
581,1,Bw,101151
581,1,X,101164
581,1,Y,101164
582,1,Be,1880
582,1,Bw,101175
582,1,X,101187
582,1,Y,101187
583,1,Be,1926
583,1,Bw,100987
583,1,X,101001
583,1,Y,101001
584,1,Be,1950
584,1,Bw,101045
584,1,X,101063
584,1,Y,101063
585,1,Be,1980
585,1,Bw,100942
585,1,X,100958
585,1,Y,100958
586,1,Be,1989
586,1,Bw,101346
586,1,X,101358
586,1,Y,101358
587,1,Be,1966
587,1,Bw,101377
587,1,X,101387
587,1,Y,101387
588,1,Be,1945
588,1,Bw,101380
588,1,X,101388
588,1,Y,101388
589,1,Be,2015
589,1,Bw,101496
589,1,X,101503
589,1,Y,101503
590,1,Be,2001
590,1,Bw,101295
590,1,X,101300
590,1,Y,101300
591,1,Be,1983
591,1,Bw,101384
591,1,X,101392
591,1,Y,101392
592,1,Be,1984
592,1,Bw,101557
592,1,X,101564
592,1,Y,101564
593,1,Be,1957
593,1,Bw,101650
593,1,X,101656
593,1,Y,101656
594,1,Be,2015
594,1,Bw,101937
594,1,X,101950
594,1,Y,101950
595,1,Be,1997
595,1,Bw,102019
595,1,X,102035
595,1,Y,102035
596,1,Be,2017
596,1,Bw,101914
596,1,X,101931
596,1,Y,101931
597,1,Be,1975
597,1,Bw,101723
597,1,X,101738
597,1,Y,101738
598,1,Be,1941
598,1,Bw,101485
598,1,X,101499
598,1,Y,101499
599,1,Be,2034
599,1,Bw,101435
599,1,X,101449
599,1,Y,101449
600,1,Be,2027
600,1,Bw,101213
600,1,X,101230
600,1,Y,101230
601,1,Be,2032
601,1,Bw,101230
601,1,X,101246
601,1,Y,101246
602,1,Be,2013
602,1,Bw,101140
602,1,X,101154
602,1,Y,101154
603,1,Be,2010
603,1,Bw,100980
603,1,X,100995
603,1,Y,100995
604,1,Be,2044
604,1,Bw,100948
604,1,X,100960
604,1,Y,100960
605,1,Be,2029
605,1,Bw,101036
605,1,X,101048
605,1,Y,101048
606,1,Be,2045
606,1,Bw,100983
606,1,X,100997
606,1,Y,100997
607,1,Be,2033
607,1,Bw,101222
607,1,X,101234
607,1,Y,101234
608,1,Be,2070
608,1,Bw,101294
608,1,X,101306
608,1,Y,101306
609,1,Be,2015
609,1,Bw,100984
609,1,X,100994
609,1,Y,100994
610,1,Be,2051
610,1,Bw,100954
610,1,X,100965
610,1,Y,100965
611,1,Be,2034
611,1,Bw,101181
611,1,X,101193
611,1,Y,101193
612,1,Be,2015
612,1,Bw,101618
612,1,X,101630
612,1,Y,101630
613,1,Be,2003
613,1,Bw,101508
613,1,X,101524
613,1,Y,101524
614,1,Be,1998
614,1,Bw,101287
614,1,X,101301
614,1,Y,101301
615,1,Be,1993
615,1,Bw,101578
615,1,X,101594
615,1,Y,101594
616,1,Be,2028
616,1,Bw,101346
616,1,X,101362
616,1,Y,101362
617,1,Be,2043
617,1,Bw,101499
617,1,X,101516
617,1,Y,101516
618,1,Be,2027
618,1,Bw,101455
618,1,X,101472
618,1,Y,101472
619,1,Be,2035
619,1,Bw,101133
619,1,X,101148
619,1,Y,101148
620,1,Be,2017
620,1,Bw,101058
620,1,X,101072
620,1,Y,101072
621,1,Be,1955
621,1,Bw,101198
621,1,X,101212
621,1,Y,101212
622,1,Be,1960
622,1,Bw,101133
622,1,X,101149
622,1,Y,101149
623,1,Be,1982
623,1,Bw,101192
623,1,X,101208
623,1,Y,101208
624,1,Be,2009
624,1,Bw,101159
624,1,X,101173
624,1,Y,101173
625,1,Be,2021
625,1,Bw,101179
625,1,X,101192
625,1,Y,101192
626,1,Be,2045
626,1,Bw,101167
626,1,X,101179
626,1,Y,101179
627,1,Be,2015
627,1,Bw,101290
627,1,X,101300
627,1,Y,101300
628,1,Be,1951
628,1,Bw,101203
628,1,X,101214
628,1,Y,101214
629,1,Be,1962
629,1,Bw,101419
629,1,X,101429
629,1,Y,101429
630,1,Be,1929
630,1,Bw,101161
630,1,X,101170
630,1,Y,101170
631,1,Be,1931
631,1,Bw,101560
631,1,X,101570
631,1,Y,101570
632,1,Be,1923
632,1,Bw,101189
632,1,X,101199
632,1,Y,101199
633,1,Be,1917
633,1,Bw,101146
633,1,X,101155
633,1,Y,101155
634,1,Be,1961
634,1,Bw,100953
634,1,X,100961
634,1,Y,100961
635,1,Be,1941
635,1,Bw,100636
635,1,X,100645
635,1,Y,100645
636,1,Be,1926
636,1,Bw,100701
636,1,X,100708
636,1,Y,100708
637,1,Be,1922
637,1,Bw,100606
637,1,X,100615
637,1,Y,100615
638,1,Be,1941
638,1,Bw,100442
638,1,X,100450
638,1,Y,100450
639,1,Be,1966
639,1,Bw,100219
639,1,X,100226
639,1,Y,100226
640,1,Be,1963
640,1,Bw,100424
640,1,X,100431
640,1,Y,100431
641,1,Be,1941
641,1,Bw,100559
641,1,X,100568
641,1,Y,100568
642,1,Be,1952
642,1,Bw,100735
642,1,X,100744
642,1,Y,100744
643,1,Be,1933
643,1,Bw,101012
643,1,X,101022
643,1,Y,101022
644,1,Be,1919
644,1,Bw,101071
644,1,X,101083
644,1,Y,101083
645,1,Be,1983
645,1,Bw,101171
645,1,X,101184
645,1,Y,101184
646,1,Be,1948
646,1,Bw,101080
646,1,X,101090
646,1,Y,101090
647,1,Be,2036
647,1,Bw,101106
647,1,X,101117
647,1,Y,101117
648,1,Be,2035
648,1,Bw,101327
648,1,X,101339
648,1,Y,101339
649,1,Be,2014
649,1,Bw,101510
649,1,X,101521
649,1,Y,101521
650,1,Be,1977
650,1,Bw,101376
650,1,X,101385
650,1,Y,101385
651,1,Be,1990
651,1,Bw,101145
651,1,X,101154
651,1,Y,101154
652,1,Be,2015
652,1,Bw,100870
652,1,X,100883
652,1,Y,100883
653,1,Be,1984
653,1,Bw,100906
653,1,X,100918
653,1,Y,100918
654,1,Be,1925
654,1,Bw,100991
654,1,X,101002
654,1,Y,101002
655,1,Be,1883
655,1,Bw,101003
655,1,X,101013
655,1,Y,101013
656,1,Be,1900
656,1,Bw,101127
656,1,X,101137
656,1,Y,101137
657,1,Be,1885
657,1,Bw,101125
657,1,X,101135
657,1,Y,101135
658,1,Be,1885
658,1,Bw,101246
658,1,X,101255
658,1,Y,101255
659,1,Be,1811
659,1,Bw,100879
659,1,X,100886
659,1,Y,100886
660,1,Be,1849
660,1,Bw,100950
660,1,X,100960
660,1,Y,100960
661,1,Be,1828
661,1,Bw,100963
661,1,X,100972
661,1,Y,100972
662,1,Be,1857
662,1,Bw,101089
662,1,X,101097
662,1,Y,101097
663,1,Be,1895
663,1,Bw,101067
663,1,X,101077
663,1,Y,101077
664,1,Be,1898
664,1,Bw,101032
664,1,X,101040
664,1,Y,101040
665,1,Be,1955
665,1,Bw,100922
665,1,X,100930
665,1,Y,100930
666,1,Be,1958
666,1,Bw,101112
666,1,X,101120
666,1,Y,101120
667,1,Be,1977
667,1,Bw,101198
667,1,X,101204
667,1,Y,101204
668,1,Be,1940
668,1,Bw,101208
668,1,X,101215
668,1,Y,101215
669,1,Be,1910
669,1,Bw,101029
669,1,X,101034
669,1,Y,101034
670,1,Be,1949
670,1,Bw,100973
670,1,X,100979
670,1,Y,100979
671,1,Be,2019
671,1,Bw,100931
671,1,X,100939
671,1,Y,100939
672,1,Be,2015
672,1,Bw,101044
672,1,X,101050
672,1,Y,101050
673,1,Be,2005
673,1,Bw,101278
673,1,X,101284
673,1,Y,101284
674,1,Be,1995
674,1,Bw,101628
674,1,X,101634
674,1,Y,101634
675,1,Be,2034
675,1,Bw,101691
675,1,X,101701
675,1,Y,101701
676,1,Be,1998
676,1,Bw,101562
676,1,X,101572
676,1,Y,101572
677,1,Be,2001
677,1,Bw,101443
677,1,X,101453
677,1,Y,101453
678,1,Be,2002
678,1,Bw,101550
678,1,X,101559
678,1,Y,101559
679,1,Be,2009
679,1,Bw,101694
679,1,X,101703
679,1,Y,101703
680,1,Be,2042
680,1,Bw,101915
680,1,X,101921
680,1,Y,101921
681,1,Be,2050
681,1,Bw,101588
681,1,X,101596
681,1,Y,101596
682,1,Be,2029
682,1,Bw,101594
682,1,X,101602
682,1,Y,101602
683,1,Be,1968
683,1,Bw,101436
683,1,X,101446
683,1,Y,101446
684,1,Be,1930
684,1,Bw,101402
684,1,X,101412
684,1,Y,101412
685,1,Be,1881
685,1,Bw,101510
685,1,X,101521
685,1,Y,101521
686,1,Be,1888
686,1,Bw,101390
686,1,X,101401
686,1,Y,101401
687,1,Be,1938
687,1,Bw,101523
687,1,X,101535
687,1,Y,101535
688,1,Be,1979
688,1,Bw,101622
688,1,X,101633
688,1,Y,101633
689,1,Be,1937
689,1,Bw,101726
689,1,X,101735
689,1,Y,101735
690,1,Be,1960
690,1,Bw,101492
690,1,X,101502
690,1,Y,101502
691,1,Be,1913
691,1,Bw,101241
691,1,X,101250
691,1,Y,101250
692,1,Be,1915
692,1,Bw,101261
692,1,X,101270
692,1,Y,101270
693,1,Be,1904
693,1,Bw,101022
693,1,X,101032
693,1,Y,101032
694,1,Be,1861
694,1,Bw,101289
694,1,X,101296
694,1,Y,101296
695,1,Be,1835
695,1,Bw,101431
695,1,X,101438
695,1,Y,101438
696,1,Be,1876
696,1,Bw,101169
696,1,X,101175
696,1,Y,101175
697,1,Be,1901
697,1,Bw,101042
697,1,X,101047
697,1,Y,101047
698,1,Be,1950
698,1,Bw,101240
698,1,X,101248
698,1,Y,101248
699,1,Be,1964
699,1,Bw,101373
699,1,X,101386
699,1,Y,101386
700,1,Be,1904
700,1,Bw,101208
700,1,X,101220
700,1,Y,101220
701,1,Be,1962
701,1,Bw,101151
701,1,X,101163
701,1,Y,101163
702,1,Be,1957
702,1,Bw,101001
702,1,X,101014
702,1,Y,101014
703,1,Be,1931
703,1,Bw,100980
703,1,X,100991
703,1,Y,100991
704,1,Be,1916
704,1,Bw,100609
704,1,X,100620
704,1,Y,100620
705,1,Be,1886
705,1,Bw,100404
705,1,X,100415
705,1,Y,100415
706,1,Be,1918
706,1,Bw,100461
706,1,X,100470
706,1,Y,100470
707,1,Be,1921
707,1,Bw,100412
707,1,X,100423
707,1,Y,100423
708,1,Be,1984
708,1,Bw,100439
708,1,X,100449
708,1,Y,100449
709,1,Be,2008
709,1,Bw,100283
709,1,X,100293
709,1,Y,100293
710,1,Be,1986
710,1,Bw,100167
710,1,X,100176
710,1,Y,100176
711,1,Be,2004
711,1,Bw,100106
711,1,X,100116
711,1,Y,100116
712,1,Be,2044
712,1,Bw,100255
712,1,X,100264
712,1,Y,100264
713,1,Be,2041
713,1,Bw,100189
713,1,X,100198
713,1,Y,100198
714,1,Be,2044
714,1,Bw,100467
714,1,X,100476
714,1,Y,100476
715,1,Be,2073
715,1,Bw,100599
715,1,X,100605
715,1,Y,100605
716,1,Be,2095
716,1,Bw,100912
716,1,X,100923
716,1,Y,100923
717,1,Be,2054
717,1,Bw,100868
717,1,X,100879
717,1,Y,100879
718,1,Be,2059
718,1,Bw,100583
718,1,X,100592
718,1,Y,100592
719,1,Be,2017
719,1,Bw,100460
719,1,X,100469
719,1,Y,100469
720,1,Be,1994
720,1,Bw,100268
720,1,X,100276
720,1,Y,100276
721,1,Be,1982
721,1,Bw,100297
721,1,X,100308
721,1,Y,100308
722,1,Be,1952
722,1,Bw,100263
722,1,X,100275
722,1,Y,100275
723,1,Be,1924
723,1,Bw,100576
723,1,X,100586
723,1,Y,100586
724,1,Be,1875
724,1,Bw,100653
724,1,X,100661
724,1,Y,100661
725,1,Be,1960
725,1,Bw,100725
725,1,X,100732
725,1,Y,100732
726,1,Be,1969
726,1,Bw,100577
726,1,X,100584
726,1,Y,100584
727,1,Be,2042
727,1,Bw,100635
727,1,X,100641
727,1,Y,100641
728,1,Be,2026
728,1,Bw,100537
728,1,X,100545
728,1,Y,100545
729,1,Be,2012
729,1,Bw,100561
729,1,X,100569
729,1,Y,100569
730,1,Be,1997
730,1,Bw,100327
730,1,X,100336
730,1,Y,100336
731,1,Be,1991
731,1,Bw,100315
731,1,X,100324
731,1,Y,100324
732,1,Be,2024
732,1,Bw,100346
732,1,X,100354
732,1,Y,100354
733,1,Be,2058
733,1,Bw,100538
733,1,X,100545
733,1,Y,100545
734,1,Be,2031
734,1,Bw,100557
734,1,X,100567
734,1,Y,100567
735,1,Be,2014
735,1,Bw,100568
735,1,X,100576
735,1,Y,100576
736,1,Be,2063
736,1,Bw,100640
736,1,X,100649
736,1,Y,100649
737,1,Be,1999
737,1,Bw,100766
737,1,X,100775
737,1,Y,100775
738,1,Be,1988
738,1,Bw,100888
738,1,X,100898
738,1,Y,100898
739,1,Be,1916
739,1,Bw,100908
739,1,X,100919
739,1,Y,100919
740,1,Be,1903
740,1,Bw,100788
740,1,X,100800
740,1,Y,100800
741,1,Be,1901
741,1,Bw,100821
741,1,X,100832
741,1,Y,100832
742,1,Be,1916
742,1,Bw,100451
742,1,X,100459
742,1,Y,100459
743,1,Be,1914
743,1,Bw,100349
743,1,X,100357
743,1,Y,100357
744,1,Be,1902
744,1,Bw,100136
744,1,X,100144
744,1,Y,100144
745,1,Be,1891
745,1,Bw,100561
745,1,X,100567
745,1,Y,100567
746,1,Be,1952
746,1,Bw,100692
746,1,X,100698
746,1,Y,100698
747,1,Be,1957
747,1,Bw,100581
747,1,X,100587
747,1,Y,100587
748,1,Be,1991
748,1,Bw,100664
748,1,X,100671
748,1,Y,100671
749,1,Be,1997
749,1,Bw,100709
749,1,X,100716
749,1,Y,100716
750,1,Be,1936
750,1,Bw,100778
750,1,X,100785
750,1,Y,100785
751,1,Be,1941
751,1,Bw,101157
751,1,X,101165
751,1,Y,101165
752,1,Be,1919
752,1,Bw,101290
752,1,X,101297
752,1,Y,101297
753,1,Be,1916
753,1,Bw,101410
753,1,X,101417
753,1,Y,101417
754,1,Be,1932
754,1,Bw,101064
754,1,X,101074
754,1,Y,101074
755,1,Be,1954
755,1,Bw,101155
755,1,X,101165
755,1,Y,101165
756,1,Be,1983
756,1,Bw,100939
756,1,X,100947
756,1,Y,100947
757,1,Be,1951
757,1,Bw,100838
757,1,X,100844
757,1,Y,100844
758,1,Be,1920
758,1,Bw,100947
758,1,X,100952
758,1,Y,100952
759,1,Be,1925
759,1,Bw,100901
759,1,X,100905
759,1,Y,100905
760,1,Be,1872
760,1,Bw,100685
760,1,X,100690
760,1,Y,100690
761,1,Be,1906
761,1,Bw,100765
761,1,X,100769
761,1,Y,100769
762,1,Be,1856
762,1,Bw,100459
762,1,X,100464
762,1,Y,100464
763,1,Be,1910
763,1,Bw,100756
763,1,X,100762
763,1,Y,100762
764,1,Be,1906
764,1,Bw,100767
764,1,X,100770
764,1,Y,100770
765,1,Be,1903
765,1,Bw,101090
765,1,X,101093
765,1,Y,101093
766,1,Be,1928
766,1,Bw,100911
766,1,X,100914
766,1,Y,100914
767,1,Be,1955
767,1,Bw,100869
767,1,X,100872
767,1,Y,100872
768,1,Be,1987
768,1,Bw,100907
768,1,X,100910
768,1,Y,100910
769,1,Be,1990
769,1,Bw,100873
769,1,X,100879
769,1,Y,100879
770,1,Be,1998
770,1,Bw,100887
770,1,X,100893
770,1,Y,100893
771,1,Be,1979
771,1,Bw,101150
771,1,X,101154
771,1,Y,101154
772,1,Be,1926
772,1,Bw,100903
772,1,X,100906
772,1,Y,100906
773,1,Be,1942
773,1,Bw,100772
773,1,X,100777
773,1,Y,100777
774,1,Be,1898
774,1,Bw,100649
774,1,X,100655
774,1,Y,100655
775,1,Be,1876
775,1,Bw,100774
775,1,X,100779
775,1,Y,100779
776,1,Be,1888
776,1,Bw,100712
776,1,X,100719
776,1,Y,100719
777,1,Be,1853
777,1,Bw,100701
777,1,X,100708
777,1,Y,100708
778,1,Be,1870
778,1,Bw,100762
778,1,X,100768
778,1,Y,100768
779,1,Be,1927
779,1,Bw,100684
779,1,X,100688
779,1,Y,100688
780,1,Be,1937
780,1,Bw,100902
780,1,X,100904
780,1,Y,100904
781,1,Be,1915
781,1,Bw,100706
781,1,X,100708
781,1,Y,100708
782,1,Be,1964
782,1,Bw,101017
782,1,X,101019
782,1,Y,101019
783,1,Be,1977
783,1,Bw,100917
783,1,X,100919
783,1,Y,100919
784,1,Be,1925
784,1,Bw,100840
784,1,X,100842
784,1,Y,100842
785,1,Be,1933
785,1,Bw,101061
785,1,X,101069
785,1,Y,101069
786,1,Be,1972
786,1,Bw,100978
786,1,X,100985
786,1,Y,100985
787,1,Be,1964
787,1,Bw,100943
787,1,X,100948
787,1,Y,100948
788,1,Be,1995
788,1,Bw,100808
788,1,X,100812
788,1,Y,100812
789,1,Be,1982
789,1,Bw,100906
789,1,X,100911
789,1,Y,100911
790,1,Be,1982
790,1,Bw,100979
790,1,X,100984
790,1,Y,100984
791,1,Be,1957
791,1,Bw,101073
791,1,X,101077
791,1,Y,101077
792,1,Be,1978
792,1,Bw,101143
792,1,X,101149
792,1,Y,101149
793,1,Be,1974
793,1,Bw,101340
793,1,X,101345
793,1,Y,101345
794,1,Be,1989
794,1,Bw,101297
794,1,X,101303
794,1,Y,101303
795,1,Be,2025
795,1,Bw,101355
795,1,X,101367
795,1,Y,101367
796,1,Be,1975
796,1,Bw,101455
796,1,X,101466
796,1,Y,101466
797,1,Be,2034
797,1,Bw,101672
797,1,X,101683
797,1,Y,101683
798,1,Be,1991
798,1,Bw,101863
798,1,X,101876
798,1,Y,101876
799,1,Be,2024
799,1,Bw,101776
799,1,X,101784
799,1,Y,101784
800,1,Be,1978
800,1,Bw,102004
800,1,X,102010
800,1,Y,102010
801,1,Be,1943
801,1,Bw,101951
801,1,X,101957
801,1,Y,101957
802,1,Be,1938
802,1,Bw,101846
802,1,X,101852
802,1,Y,101852
803,1,Be,1986
803,1,Bw,101834
803,1,X,101840
803,1,Y,101840
804,1,Be,1941
804,1,Bw,101715
804,1,X,101721
804,1,Y,101721
805,1,Be,1922
805,1,Bw,101538
805,1,X,101546
805,1,Y,101546
806,1,Be,1944
806,1,Bw,101325
806,1,X,101331
806,1,Y,101331
807,1,Be,1976
807,1,Bw,101509
807,1,X,101516
807,1,Y,101516
808,1,Be,1942
808,1,Bw,101366
808,1,X,101372
808,1,Y,101372
809,1,Be,1940
809,1,Bw,101547
809,1,X,101553
809,1,Y,101553
810,1,Be,1982
810,1,Bw,101377
810,1,X,101386
810,1,Y,101386
811,1,Be,1955
811,1,Bw,101477
811,1,X,101485
811,1,Y,101485
812,1,Be,1977
812,1,Bw,101556
812,1,X,101564
812,1,Y,101564
813,1,Be,1943
813,1,Bw,101592
813,1,X,101599
813,1,Y,101599
814,1,Be,1921
814,1,Bw,101610
814,1,X,101616
814,1,Y,101616
815,1,Be,1890
815,1,Bw,101603
815,1,X,101614
815,1,Y,101614
816,1,Be,1864
816,1,Bw,101505
816,1,X,101516
816,1,Y,101516
817,1,Be,1862
817,1,Bw,101509
817,1,X,101519
817,1,Y,101519
818,1,Be,1885
818,1,Bw,101401
818,1,X,101413
818,1,Y,101413
819,1,Be,1870
819,1,Bw,101512
819,1,X,101529
819,1,Y,101529
820,1,Be,1931
820,1,Bw,101640
820,1,X,101654
820,1,Y,101654
821,1,Be,1958
821,1,Bw,101457
821,1,X,101471
821,1,Y,101471
822,1,Be,1908
822,1,Bw,101511
822,1,X,101526
822,1,Y,101526
823,1,Be,1863
823,1,Bw,101393
823,1,X,101406
823,1,Y,101406
824,1,Be,1882
824,1,Bw,101543
824,1,X,101553
824,1,Y,101553
825,1,Be,1924
825,1,Bw,101460
825,1,X,101469
825,1,Y,101469
826,1,Be,1927
826,1,Bw,101109
826,1,X,101120
826,1,Y,101120
827,1,Be,1921
827,1,Bw,101063
827,1,X,101074
827,1,Y,101074
828,1,Be,1909
828,1,Bw,101133
828,1,X,101142
828,1,Y,101142
829,1,Be,1865
829,1,Bw,101354
829,1,X,101361
829,1,Y,101361
830,1,Be,1922
830,1,Bw,101289
830,1,X,101300
830,1,Y,101300
831,1,Be,1917
831,1,Bw,101143
831,1,X,101157
831,1,Y,101157
832,1,Be,1929
832,1,Bw,100972
832,1,X,100984
832,1,Y,100984
833,1,Be,1915
833,1,Bw,101110
833,1,X,101124
833,1,Y,101124
834,1,Be,1915
834,1,Bw,100954
834,1,X,100968
834,1,Y,100968
835,1,Be,1951
835,1,Bw,101124
835,1,X,101137
835,1,Y,101137
836,1,Be,1936
836,1,Bw,100708
836,1,X,100721
836,1,Y,100721
837,1,Be,1915
837,1,Bw,100888
837,1,X,100901
837,1,Y,100901
838,1,Be,1971
838,1,Bw,101243
838,1,X,101252
838,1,Y,101252
839,1,Be,2004
839,1,Bw,101050
839,1,X,101058
839,1,Y,101058
840,1,Be,1954
840,1,Bw,101056
840,1,X,101062
840,1,Y,101062
841,1,Be,1940
841,1,Bw,100975
841,1,X,100980
841,1,Y,100980
842,1,Be,1898
842,1,Bw,100906
842,1,X,100910
842,1,Y,100910
843,1,Be,1894
843,1,Bw,101018
843,1,X,101021
843,1,Y,101021
844,1,Be,1854
844,1,Bw,100732
844,1,X,100734
844,1,Y,100734
845,1,Be,1844
845,1,Bw,100992
845,1,X,100996
845,1,Y,100996
846,1,Be,1810
846,1,Bw,101296
846,1,X,101302
846,1,Y,101302
847,1,Be,1814
847,1,Bw,101475
847,1,X,101481
847,1,Y,101481
848,1,Be,1814
848,1,Bw,101472
848,1,X,101479
848,1,Y,101479
849,1,Be,1787
849,1,Bw,101180
849,1,X,101187
849,1,Y,101187
850,1,Be,1771
850,1,Bw,100825
850,1,X,100830
850,1,Y,100830
851,1,Be,1848
851,1,Bw,100876
851,1,X,100881
851,1,Y,100881
852,1,Be,1882
852,1,Bw,100509
852,1,X,100516
852,1,Y,100516
853,1,Be,1922
853,1,Bw,100618
853,1,X,100625
853,1,Y,100625
854,1,Be,1939
854,1,Bw,100639
854,1,X,100645
854,1,Y,100645
855,1,Be,1906
855,1,Bw,100624
855,1,X,100630
855,1,Y,100630
856,1,Be,1931
856,1,Bw,100799
856,1,X,100804
856,1,Y,100804
857,1,Be,1978
857,1,Bw,100999
857,1,X,101003
857,1,Y,101003
858,1,Be,1984
858,1,Bw,101221
858,1,X,101225
858,1,Y,101225
859,1,Be,1960
859,1,Bw,101297
859,1,X,101302
859,1,Y,101302
860,1,Be,1967
860,1,Bw,101098
860,1,X,101103
860,1,Y,101103
861,1,Be,1946
861,1,Bw,101003
861,1,X,101005
861,1,Y,101005
862,1,Be,1956
862,1,Bw,100863
862,1,X,100868
862,1,Y,100868
863,1,Be,1941
863,1,Bw,101075
863,1,X,101083
863,1,Y,101083
864,1,Be,1949
864,1,Bw,101167
864,1,X,101173
864,1,Y,101173
865,1,Be,1983
865,1,Bw,101313
865,1,X,101319
865,1,Y,101319
866,1,Be,1938
866,1,Bw,101248
866,1,X,101254
866,1,Y,101254
867,1,Be,1971
867,1,Bw,101364
867,1,X,101371
867,1,Y,101371
868,1,Be,1953
868,1,Bw,101080
868,1,X,101087
868,1,Y,101087
869,1,Be,1985
869,1,Bw,101078
869,1,X,101086
869,1,Y,101086
870,1,Be,2001
870,1,Bw,100913
870,1,X,100921
870,1,Y,100921
871,1,Be,1976
871,1,Bw,100813
871,1,X,100824
871,1,Y,100824
872,1,Be,2000
872,1,Bw,100783
872,1,X,100792
872,1,Y,100792
873,1,Be,2015
873,1,Bw,100886
873,1,X,100899
873,1,Y,100899
874,1,Be,2019
874,1,Bw,101144
874,1,X,101158
874,1,Y,101158
875,1,Be,2005
875,1,Bw,101039
875,1,X,101053
875,1,Y,101053
876,1,Be,1999
876,1,Bw,100890
876,1,X,100902
876,1,Y,100902
877,1,Be,2028
877,1,Bw,101080
877,1,X,101095
877,1,Y,101095
878,1,Be,2027
878,1,Bw,101231
878,1,X,101245
878,1,Y,101245
879,1,Be,2018
879,1,Bw,101202
879,1,X,101220
879,1,Y,101220
880,1,Be,2016
880,1,Bw,101067
880,1,X,101084
880,1,Y,101084
881,1,Be,2062
881,1,Bw,100885
881,1,X,100902
881,1,Y,100902
882,1,Be,2063
882,1,Bw,101170
882,1,X,101190
882,1,Y,101190
883,1,Be,2060
883,1,Bw,101294
883,1,X,101315
883,1,Y,101315
884,1,Be,1978
884,1,Bw,101299
884,1,X,101319
884,1,Y,101319
885,1,Be,1960
885,1,Bw,101244
885,1,X,101264
885,1,Y,101264
886,1,Be,2003
886,1,Bw,101503
886,1,X,101520
886,1,Y,101520
887,1,Be,1988
887,1,Bw,101286
887,1,X,101306
887,1,Y,101306
888,1,Be,2002
888,1,Bw,101474
888,1,X,101496
888,1,Y,101496
889,1,Be,1977
889,1,Bw,101499
889,1,X,101520
889,1,Y,101520
890,1,Be,1956
890,1,Bw,101169
890,1,X,101190
890,1,Y,101190
891,1,Be,1975
891,1,Bw,101163
891,1,X,101185
891,1,Y,101185
892,1,Be,1930
892,1,Bw,101042
892,1,X,101061
892,1,Y,101061
893,1,Be,2033
893,1,Bw,101060
893,1,X,101078
893,1,Y,101078
894,1,Be,1978
894,1,Bw,101031
894,1,X,101048
894,1,Y,101048
895,1,Be,2008
895,1,Bw,100914
895,1,X,100932
895,1,Y,100932
896,1,Be,2041
896,1,Bw,101189
896,1,X,101207
896,1,Y,101207
897,1,Be,2085
897,1,Bw,101269
897,1,X,101286
897,1,Y,101286
898,1,Be,2039
898,1,Bw,101377
898,1,X,101391
898,1,Y,101391
899,1,Be,2052
899,1,Bw,101320
899,1,X,101335
899,1,Y,101335
900,1,Be,2051
900,1,Bw,101517
900,1,X,101529
900,1,Y,101529
901,1,Be,2009
901,1,Bw,101573
901,1,X,101584
901,1,Y,101584
902,1,Be,2022
902,1,Bw,101236
902,1,X,101248
902,1,Y,101248
903,1,Be,2006
903,1,Bw,100984
903,1,X,100997
903,1,Y,100997
904,1,Be,1985
904,1,Bw,101227
904,1,X,101238
904,1,Y,101238
905,1,Be,2069
905,1,Bw,101170
905,1,X,101181
905,1,Y,101181
906,1,Be,2072
906,1,Bw,101357
906,1,X,101368
906,1,Y,101368
907,1,Be,2050
907,1,Bw,101367
907,1,X,101377
907,1,Y,101377
908,1,Be,1994
908,1,Bw,101277
908,1,X,101289
908,1,Y,101289
909,1,Be,1989
909,1,Bw,101360
909,1,X,101372
909,1,Y,101372
910,1,Be,2024
910,1,Bw,101309
910,1,X,101321
910,1,Y,101321
911,1,Be,2056
911,1,Bw,101018
911,1,X,101028
911,1,Y,101028
912,1,Be,2033
912,1,Bw,100839
912,1,X,100851
912,1,Y,100851
913,1,Be,2041
913,1,Bw,100633
913,1,X,100647
913,1,Y,100647
914,1,Be,1997
914,1,Bw,100829
914,1,X,100847
914,1,Y,100847
915,1,Be,1969
915,1,Bw,100829
915,1,X,100846
915,1,Y,100846
916,1,Be,1917
916,1,Bw,100871
916,1,X,100887
916,1,Y,100887
917,1,Be,1935
917,1,Bw,100692
917,1,X,100708
917,1,Y,100708
918,1,Be,1932
918,1,Bw,100582
918,1,X,100596
918,1,Y,100596
919,1,Be,1962
919,1,Bw,100687
919,1,X,100699
919,1,Y,100699
920,1,Be,1934
920,1,Bw,100861
920,1,X,100873
920,1,Y,100873
921,1,Be,1990
921,1,Bw,100886
921,1,X,100895
921,1,Y,100895
922,1,Be,2028
922,1,Bw,101024
922,1,X,101033
922,1,Y,101033
923,1,Be,2051
923,1,Bw,101269
923,1,X,101283
923,1,Y,101283
924,1,Be,2073
924,1,Bw,101133
924,1,X,101146
924,1,Y,101146
925,1,Be,2088
925,1,Bw,101351
925,1,X,101361
925,1,Y,101361
926,1,Be,2068
926,1,Bw,101191
926,1,X,101200
926,1,Y,101200
927,1,Be,2029
927,1,Bw,101252
927,1,X,101259
927,1,Y,101259
928,1,Be,2032
928,1,Bw,101184
928,1,X,101190
928,1,Y,101190
929,1,Be,2013
929,1,Bw,100797
929,1,X,100803
929,1,Y,100803
930,1,Be,1966
930,1,Bw,100623
930,1,X,100629
930,1,Y,100629
931,1,Be,1952
931,1,Bw,100720
931,1,X,100727
931,1,Y,100727
932,1,Be,1919
932,1,Bw,101061
932,1,X,101068
932,1,Y,101068
933,1,Be,1922
933,1,Bw,101075
933,1,X,101080
933,1,Y,101080
934,1,Be,1950
934,1,Bw,100891
934,1,X,100900
934,1,Y,100900
935,1,Be,1941
935,1,Bw,100938
935,1,X,100946
935,1,Y,100946
936,1,Be,1920
936,1,Bw,100928
936,1,X,100934
936,1,Y,100934
937,1,Be,1956
937,1,Bw,100828
937,1,X,100833
937,1,Y,100833
938,1,Be,1936
938,1,Bw,100737
938,1,X,100742
938,1,Y,100742
939,1,Be,1953
939,1,Bw,100774
939,1,X,100778
939,1,Y,100778
940,1,Be,1947
940,1,Bw,100550
940,1,X,100553
940,1,Y,100553
941,1,Be,1973
941,1,Bw,100610
941,1,X,100614
941,1,Y,100614
942,1,Be,1951
942,1,Bw,100755
942,1,X,100758
942,1,Y,100758
943,1,Be,1926
943,1,Bw,101150
943,1,X,101153
943,1,Y,101153
944,1,Be,1945
944,1,Bw,101357
944,1,X,101360
944,1,Y,101360
945,1,Be,1989
945,1,Bw,101057
945,1,X,101060
945,1,Y,101060
946,1,Be,1995
946,1,Bw,101228
946,1,X,101233
946,1,Y,101233
947,1,Be,1957
947,1,Bw,101253
947,1,X,101257
947,1,Y,101257
948,1,Be,1975
948,1,Bw,101339
948,1,X,101345
948,1,Y,101345
949,1,Be,1999
949,1,Bw,101453
949,1,X,101460
949,1,Y,101460
950,1,Be,2006
950,1,Bw,101380
950,1,X,101389
950,1,Y,101389
951,1,Be,2003
951,1,Bw,101086
951,1,X,101097
951,1,Y,101097
952,1,Be,1974
952,1,Bw,101094
952,1,X,101104
952,1,Y,101104
953,1,Be,2059
953,1,Bw,101115
953,1,X,101125
953,1,Y,101125
954,1,Be,2044
954,1,Bw,101117
954,1,X,101128
954,1,Y,101128
955,1,Be,2033
955,1,Bw,101009
955,1,X,101018
955,1,Y,101018
956,1,Be,2045
956,1,Bw,101102
956,1,X,101112
956,1,Y,101112
957,1,Be,1998
957,1,Bw,101084
957,1,X,101094
957,1,Y,101094
958,1,Be,1990
958,1,Bw,101207
958,1,X,101218
958,1,Y,101218
959,1,Be,1968
959,1,Bw,101366
959,1,X,101380
959,1,Y,101380
960,1,Be,1966
960,1,Bw,101200
960,1,X,101211
960,1,Y,101211
961,1,Be,2009
961,1,Bw,101264
961,1,X,101275
961,1,Y,101275
962,1,Be,1989
962,1,Bw,101247
962,1,X,101258
962,1,Y,101258
963,1,Be,2006
963,1,Bw,101175
963,1,X,101188
963,1,Y,101188
964,1,Be,2002
964,1,Bw,101040
964,1,X,101052
964,1,Y,101052
965,1,Be,1991
965,1,Bw,100793
965,1,X,100805
965,1,Y,100805
966,1,Be,1988
966,1,Bw,100944
966,1,X,100954
966,1,Y,100954
967,1,Be,1972
967,1,Bw,100735
967,1,X,100746
967,1,Y,100746
968,1,Be,1981
968,1,Bw,100774
968,1,X,100785
968,1,Y,100785
969,1,Be,1967
969,1,Bw,100799
969,1,X,100808
969,1,Y,100808
970,1,Be,2005
970,1,Bw,100795
970,1,X,100804
970,1,Y,100804
971,1,Be,1960
971,1,Bw,100754
971,1,X,100762
971,1,Y,100762
972,1,Be,1955
972,1,Bw,100728
972,1,X,100736
972,1,Y,100736
973,1,Be,1962
973,1,Bw,100687
973,1,X,100694
973,1,Y,100694
974,1,Be,2046
974,1,Bw,100630
974,1,X,100639
974,1,Y,100639
975,1,Be,2031
975,1,Bw,100618
975,1,X,100626
975,1,Y,100626
976,1,Be,2060
976,1,Bw,100827
976,1,X,100835
976,1,Y,100835
977,1,Be,2034
977,1,Bw,100820
977,1,X,100827
977,1,Y,100827
978,1,Be,1940
978,1,Bw,100868
978,1,X,100874
978,1,Y,100874
979,1,Be,1966
979,1,Bw,100933
979,1,X,100943
979,1,Y,100943
980,1,Be,1966
980,1,Bw,100960
980,1,X,100971
980,1,Y,100971
981,1,Be,1938
981,1,Bw,101178
981,1,X,101187
981,1,Y,101187
982,1,Be,1879
982,1,Bw,101124
982,1,X,101133
982,1,Y,101133
983,1,Be,1894
983,1,Bw,100836
983,1,X,100844
983,1,Y,100844
984,1,Be,1945
984,1,Bw,100902
984,1,X,100913
984,1,Y,100913
985,1,Be,1969
985,1,Bw,100743
985,1,X,100760
985,1,Y,100760
986,1,Be,1922
986,1,Bw,100810
986,1,X,100823
986,1,Y,100823
987,1,Be,1909
987,1,Bw,100866
987,1,X,100876
987,1,Y,100876
988,1,Be,1914
988,1,Bw,100970
988,1,X,100979
988,1,Y,100979
989,1,Be,1915
989,1,Bw,101268
989,1,X,101277
989,1,Y,101277
990,1,Be,1882
990,1,Bw,101212
990,1,X,101221
990,1,Y,101221
991,1,Be,1858
991,1,Bw,101210
991,1,X,101218
991,1,Y,101218
992,1,Be,1875
992,1,Bw,101068
992,1,X,101074
992,1,Y,101074
993,1,Be,1893
993,1,Bw,101155
993,1,X,101161
993,1,Y,101161
994,1,Be,1880
994,1,Bw,101259
994,1,X,101265
994,1,Y,101265
995,1,Be,1878
995,1,Bw,101160
995,1,X,101167
995,1,Y,101167
996,1,Be,1855
996,1,Bw,101167
996,1,X,101172
996,1,Y,101172
997,1,Be,1910
997,1,Bw,101054
997,1,X,101060
997,1,Y,101060
998,1,Be,1905
998,1,Bw,100884
998,1,X,100889
998,1,Y,100889
999,1,Be,1925
999,1,Bw,100721
999,1,X,100726
999,1,Y,100726
1000,1,Be,1954
1000,1,Bw,100619
1000,1,X,100626
1000,1,Y,100626
1001,1,Be,1945
1001,1,Bw,100715
1001,1,X,100725
1001,1,Y,100725
1002,1,Be,1926
1002,1,Bw,100973
1002,1,X,100982
1002,1,Y,100982
1003,1,Be,1917
1003,1,Bw,100743
1003,1,X,100750
1003,1,Y,100750
1004,1,Be,1941
1004,1,Bw,100797
1004,1,X,100803
1004,1,Y,100803
1005,1,Be,1958
1005,1,Bw,100845
1005,1,X,100854
1005,1,Y,100854
1006,1,Be,1956
1006,1,Bw,100700
1006,1,X,100711
1006,1,Y,100711
1007,1,Be,1951
1007,1,Bw,100793
1007,1,X,100802
1007,1,Y,100802
1008,1,Be,1919
1008,1,Bw,100787
1008,1,X,100796
1008,1,Y,100796
1009,1,Be,1903
1009,1,Bw,100735
1009,1,X,100745
1009,1,Y,100745
1010,1,Be,1925
1010,1,Bw,100904
1010,1,X,100914
1010,1,Y,100914
1011,1,Be,1953
1011,1,Bw,100853
1011,1,X,100863
1011,1,Y,100863
1012,1,Be,1944
1012,1,Bw,100756
1012,1,X,100764
1012,1,Y,100764
1013,1,Be,1950
1013,1,Bw,100918
1013,1,X,100924
1013,1,Y,100924
1014,1,Be,1930
1014,1,Bw,100803
1014,1,X,100809
1014,1,Y,100809
1015,1,Be,1942
1015,1,Bw,100953
1015,1,X,100958
1015,1,Y,100958
1016,1,Be,1969
1016,1,Bw,100827
1016,1,X,100837
1016,1,Y,100837
1017,1,Be,2026
1017,1,Bw,100990
1017,1,X,100998
1017,1,Y,100998
1018,1,Be,1955
1018,1,Bw,100870
1018,1,X,100878
1018,1,Y,100878
1019,1,Be,1929
1019,1,Bw,101031
1019,1,X,101038
1019,1,Y,101038
1020,1,Be,1972
1020,1,Bw,100984
1020,1,X,100992
1020,1,Y,100992
1021,1,Be,1973
1021,1,Bw,100671
1021,1,X,100679
1021,1,Y,100679
1022,1,Be,1943
1022,1,Bw,100737
1022,1,X,100748
1022,1,Y,100748
1023,1,Be,1928
1023,1,Bw,100717
1023,1,X,100727
1023,1,Y,100727
1024,1,Be,1945
1024,1,Bw,100899
1024,1,X,100909
1024,1,Y,100909
1025,1,Be,1957
1025,1,Bw,100816
1025,1,X,100825
1025,1,Y,100825
1026,1,Be,1951
1026,1,Bw,100854
1026,1,X,100863
1026,1,Y,100863
1027,1,Be,1879
1027,1,Bw,100951
1027,1,X,100958
1027,1,Y,100958
1028,1,Be,1888
1028,1,Bw,101100
1028,1,X,101106
1028,1,Y,101106
1029,1,Be,1885
1029,1,Bw,101351
1029,1,X,101357
1029,1,Y,101357
1030,1,Be,1879
1030,1,Bw,101403
1030,1,X,101409
1030,1,Y,101409
1031,1,Be,1887
1031,1,Bw,101494
1031,1,X,101497
1031,1,Y,101497
1032,1,Be,1922
1032,1,Bw,101771
1032,1,X,101773
1032,1,Y,101773
1033,1,Be,1909
1033,1,Bw,101653
1033,1,X,101656
1033,1,Y,101656
1034,1,Be,1942
1034,1,Bw,101681
1034,1,X,101685
1034,1,Y,101685
1035,1,Be,1945
1035,1,Bw,101422
1035,1,X,101427
1035,1,Y,101427
1036,1,Be,1930
1036,1,Bw,101321
1036,1,X,101325
1036,1,Y,101325
1037,1,Be,2022
1037,1,Bw,101514
1037,1,X,101525
1037,1,Y,101525
1038,1,Be,2036
1038,1,Bw,101621
1038,1,X,101632
1038,1,Y,101632
1039,1,Be,1977
1039,1,Bw,101817
1039,1,X,101827
1039,1,Y,101827
1040,1,Be,2025
1040,1,Bw,101562
1040,1,X,101574
1040,1,Y,101574
1041,1,Be,2005
1041,1,Bw,101375
1041,1,X,101387
1041,1,Y,101387
1042,1,Be,2019
1042,1,Bw,101255
1042,1,X,101268
1042,1,Y,101268
1043,1,Be,2043
1043,1,Bw,101142
1043,1,X,101157
1043,1,Y,101157
1044,1,Be,2056
1044,1,Bw,101123
1044,1,X,101138
1044,1,Y,101138
1045,1,Be,2050
1045,1,Bw,100921
1045,1,X,100933
1045,1,Y,100933
1046,1,Be,1983
1046,1,Bw,100827
1046,1,X,100839
1046,1,Y,100839
1047,1,Be,1993
1047,1,Bw,100799
1047,1,X,100811
1047,1,Y,100811
1048,1,Be,1967
1048,1,Bw,100803
1048,1,X,100810
1048,1,Y,100810
1049,1,Be,2000
1049,1,Bw,100960
1049,1,X,100965
1049,1,Y,100965
1050,1,Be,1995
1050,1,Bw,101157
1050,1,X,101161
1050,1,Y,101161
1051,1,Be,1998
1051,1,Bw,101538
1051,1,X,101543
1051,1,Y,101543
1052,1,Be,1961
1052,1,Bw,101237
1052,1,X,101241
1052,1,Y,101241
1053,1,Be,1938
1053,1,Bw,101272
1053,1,X,101275
1053,1,Y,101275
1054,1,Be,1931
1054,1,Bw,100919
1054,1,X,100924
1054,1,Y,100924
1055,1,Be,1920
1055,1,Bw,100955
1055,1,X,100959
1055,1,Y,100959
1056,1,Be,1866
1056,1,Bw,100570
1056,1,X,100573
1056,1,Y,100573
1057,1,Be,1878
1057,1,Bw,100604
1057,1,X,100607
1057,1,Y,100607
1058,1,Be,1867
1058,1,Bw,100917
1058,1,X,100919
1058,1,Y,100919
1059,1,Be,1927
1059,1,Bw,101135
1059,1,X,101137
1059,1,Y,101137
1060,1,Be,1965
1060,1,Bw,100986
1060,1,X,100987
1060,1,Y,100987
1061,1,Be,1921
1061,1,Bw,100912
1061,1,X,100915
1061,1,Y,100915
1062,1,Be,1949
1062,1,Bw,100880
1062,1,X,100884
1062,1,Y,100884
1063,1,Be,1902
1063,1,Bw,100938
1063,1,X,100945
1063,1,Y,100945
1064,1,Be,1863
1064,1,Bw,101085
1064,1,X,101092
1064,1,Y,101092
1065,1,Be,1861
1065,1,Bw,101069
1065,1,X,101076
1065,1,Y,101076
1066,1,Be,1889
1066,1,Bw,101056
1066,1,X,101062
1066,1,Y,101062
1067,1,Be,1879
1067,1,Bw,101326
1067,1,X,101330
1067,1,Y,101330
1068,1,Be,1901
1068,1,Bw,101071
1068,1,X,101075
1068,1,Y,101075
1069,1,Be,1934
1069,1,Bw,100895
1069,1,X,100902
1069,1,Y,100902
1070,1,Be,1887
1070,1,Bw,100848
1070,1,X,100854
1070,1,Y,100854
1071,1,Be,1927
1071,1,Bw,101195
1071,1,X,101201
1071,1,Y,101201
1072,1,Be,1948
1072,1,Bw,101039
1072,1,X,101047
1072,1,Y,101047
1073,1,Be,1916
1073,1,Bw,101282
1073,1,X,101290
1073,1,Y,101290
1074,1,Be,1980
1074,1,Bw,101479
1074,1,X,101491
1074,1,Y,101491
1075,1,Be,1969
1075,1,Bw,101331
1075,1,X,101347
1075,1,Y,101347
1076,1,Be,1934
1076,1,Bw,101314
1076,1,X,101329
1076,1,Y,101329
1077,1,Be,1964
1077,1,Bw,101253
1077,1,X,101268
1077,1,Y,101268
1078,1,Be,1984
1078,1,Bw,101101
1078,1,X,101113
1078,1,Y,101113
1079,1,Be,2025
1079,1,Bw,101063
1079,1,X,101075
1079,1,Y,101075
1080,1,Be,1999
1080,1,Bw,101041
1080,1,X,101054
1080,1,Y,101054
1081,1,Be,1989
1081,1,Bw,101177
1081,1,X,101190
1081,1,Y,101190
1082,1,Be,2016
1082,1,Bw,101158
1082,1,X,101170
1082,1,Y,101170
1083,1,Be,1974
1083,1,Bw,101147
1083,1,X,101160
1083,1,Y,101160
1084,1,Be,1979
1084,1,Bw,101150
1084,1,X,101164
1084,1,Y,101164
1085,1,Be,1963
1085,1,Bw,100750
1085,1,X,100766
1085,1,Y,100766
1086,1,Be,1971
1086,1,Bw,100681
1086,1,X,100697
1086,1,Y,100697
1087,1,Be,1941
1087,1,Bw,100882
1087,1,X,100898
1087,1,Y,100898
1088,1,Be,1966
1088,1,Bw,101203
1088,1,X,101218
1088,1,Y,101218
1089,1,Be,1928
1089,1,Bw,101084
1089,1,X,101100
1089,1,Y,101100
1090,1,Be,1921
1090,1,Bw,101388
1090,1,X,101407
1090,1,Y,101407
1091,1,Be,1875
1091,1,Bw,101135
1091,1,X,101154
1091,1,Y,101154
1092,1,Be,1868
1092,1,Bw,101223
1092,1,X,101240
1092,1,Y,101240
1093,1,Be,1861
1093,1,Bw,101171
1093,1,X,101188
1093,1,Y,101188
1094,1,Be,1853
1094,1,Bw,101419
1094,1,X,101435
1094,1,Y,101435
1095,1,Be,1896
1095,1,Bw,101578
1095,1,X,101592
1095,1,Y,101592
1096,1,Be,1844
1096,1,Bw,101354
1096,1,X,101367
1096,1,Y,101367
1097,1,Be,1836
1097,1,Bw,101158
1097,1,X,101170
1097,1,Y,101170
1098,1,Be,1918
1098,1,Bw,101134
1098,1,X,101146
1098,1,Y,101146
1099,1,Be,1917
1099,1,Bw,100984
1099,1,X,100996
1099,1,Y,100996
1100,1,Be,1941
1100,1,Bw,100868
1100,1,X,100883
1100,1,Y,100883
1101,1,Be,1994
1101,1,Bw,101009
1101,1,X,101024
1101,1,Y,101024
1102,1,Be,2017
1102,1,Bw,100896
1102,1,X,100914
1102,1,Y,100914
1103,1,Be,2022
1103,1,Bw,101008
1103,1,X,101026
1103,1,Y,101026
1104,1,Be,1982
1104,1,Bw,101161
1104,1,X,101181
1104,1,Y,101181
1105,1,Be,2018
1105,1,Bw,101121
1105,1,X,101144
1105,1,Y,101144
1106,1,Be,2008
1106,1,Bw,101202
1106,1,X,101222
1106,1,Y,101222
1107,1,Be,2017
1107,1,Bw,101296
1107,1,X,101316
1107,1,Y,101316
1108,1,Be,2013
1108,1,Bw,101279
1108,1,X,101299
1108,1,Y,101299
1109,1,Be,2018
1109,1,Bw,101137
1109,1,X,101156
1109,1,Y,101156
1110,1,Be,2006
1110,1,Bw,101464
1110,1,X,101486
1110,1,Y,101486
1111,1,Be,2012
1111,1,Bw,101222
1111,1,X,101244
1111,1,Y,101244
1112,1,Be,1969
1112,1,Bw,101324
1112,1,X,101343
1112,1,Y,101343
1113,1,Be,1930
1113,1,Bw,101392
1113,1,X,101410
1113,1,Y,101410
1114,1,Be,1943
1114,1,Bw,101182
1114,1,X,101202
1114,1,Y,101202
1115,1,Be,1938
1115,1,Bw,101361
1115,1,X,101378
1115,1,Y,101378
1116,1,Be,1920
1116,1,Bw,101361
1116,1,X,101378
1116,1,Y,101378
1117,1,Be,1900
1117,1,Bw,101462
1117,1,X,101478
1117,1,Y,101478
1118,1,Be,1961
1118,1,Bw,101246
1118,1,X,101256
1118,1,Y,101256
1119,1,Be,1988
1119,1,Bw,101291
1119,1,X,101300
1119,1,Y,101300
1120,1,Be,2006
1120,1,Bw,101079
1120,1,X,101087
1120,1,Y,101087
1121,1,Be,1977
1121,1,Bw,101320
1121,1,X,101331
1121,1,Y,101331
1122,1,Be,1973
1122,1,Bw,101234
1122,1,X,101246
1122,1,Y,101246
1123,1,Be,2043
1123,1,Bw,101141
1123,1,X,101153
1123,1,Y,101153
1124,1,Be,2040
1124,1,Bw,101278
1124,1,X,101303
1124,1,Y,101303
1125,1,Be,2013
1125,1,Bw,101170
1125,1,X,101194
1125,1,Y,101194
1126,1,Be,2007
1126,1,Bw,101360
1126,1,X,101385
1126,1,Y,101385
1127,1,Be,1984
1127,1,Bw,101260
1127,1,X,101282
1127,1,Y,101282
1128,1,Be,1976
1128,1,Bw,101247
1128,1,X,101272
1128,1,Y,101272
1129,1,Be,2007
1129,1,Bw,101061
1129,1,X,101085
1129,1,Y,101085
1130,1,Be,2022
1130,1,Bw,100955
1130,1,X,100981
1130,1,Y,100981
1131,1,Be,2006
1131,1,Bw,100882
1131,1,X,100905
1131,1,Y,100905
1132,1,Be,1980
1132,1,Bw,100968
1132,1,X,100990
1132,1,Y,100990
1133,1,Be,2006
1133,1,Bw,101043
1133,1,X,101064
1133,1,Y,101064
1134,1,Be,2007
1134,1,Bw,100968
1134,1,X,100989
1134,1,Y,100989
1135,1,Be,2016
1135,1,Bw,100803
1135,1,X,100825
1135,1,Y,100825
1136,1,Be,1981
1136,1,Bw,101003
1136,1,X,101024
1136,1,Y,101024
1137,1,Be,1958
1137,1,Bw,100741
1137,1,X,100760
1137,1,Y,100760
1138,1,Be,1987
1138,1,Bw,100705
1138,1,X,100722
1138,1,Y,100722
1139,1,Be,1909
1139,1,Bw,100453
1139,1,X,100470
1139,1,Y,100470
1140,1,Be,1933
1140,1,Bw,100680
1140,1,X,100696
1140,1,Y,100696
1141,1,Be,1933
1141,1,Bw,100669
1141,1,X,100685
1141,1,Y,100685
1142,1,Be,1975
1142,1,Bw,100646
1142,1,X,100665
1142,1,Y,100665
1143,1,Be,1965
1143,1,Bw,100963
1143,1,X,100983
1143,1,Y,100983
1144,1,Be,1969
1144,1,Bw,101055
1144,1,X,101075
1144,1,Y,101075
1145,1,Be,1995
1145,1,Bw,101305
1145,1,X,101328
1145,1,Y,101328
1146,1,Be,2025
1146,1,Bw,101347
1146,1,X,101369
1146,1,Y,101369
1147,1,Be,2002
1147,1,Bw,101370
1147,1,X,101390
1147,1,Y,101390
1148,1,Be,1942
1148,1,Bw,101468
1148,1,X,101487
1148,1,Y,101487
1149,1,Be,1943
1149,1,Bw,101481
1149,1,X,101499
1149,1,Y,101499
1150,1,Be,1932
1150,1,Bw,101473
1150,1,X,101491
1150,1,Y,101491
1151,1,Be,1940
1151,1,Bw,100979
1151,1,X,101000
1151,1,Y,101000
1152,1,Be,1938
1152,1,Bw,101192
1152,1,X,101206
1152,1,Y,101206
1153,1,Be,1964
1153,1,Bw,101215
1153,1,X,101231
1153,1,Y,101231
1154,1,Be,2037
1154,1,Bw,101248
1154,1,X,101263
1154,1,Y,101263
1155,1,Be,2043
1155,1,Bw,101054
1155,1,X,101067
1155,1,Y,101067
1156,1,Be,2034
1156,1,Bw,101459
1156,1,X,101468
1156,1,Y,101468
1157,1,Be,2079
1157,1,Bw,101419
1157,1,X,101428
1157,1,Y,101428
1158,1,Be,2076
1158,1,Bw,101388
1158,1,X,101393
1158,1,Y,101393
1159,1,Be,2116
1159,1,Bw,101697
1159,1,X,101704
1159,1,Y,101704
1160,1,Be,2070
1160,1,Bw,101537
1160,1,X,101546
1160,1,Y,101546
1161,1,Be,2021
1161,1,Bw,101350
1161,1,X,101357
1161,1,Y,101357
1162,1,Be,2008
1162,1,Bw,101227
1162,1,X,101234
1162,1,Y,101234
1163,1,Be,1971
1163,1,Bw,101157
1163,1,X,101164
1163,1,Y,101164
1164,1,Be,1996
1164,1,Bw,101230
1164,1,X,101236
1164,1,Y,101236
1165,1,Be,1995
1165,1,Bw,101475
1165,1,X,101480
1165,1,Y,101480
1166,1,Be,1997
1166,1,Bw,101016
1166,1,X,101024
1166,1,Y,101024
1167,1,Be,1961
1167,1,Bw,100895
1167,1,X,100900
1167,1,Y,100900
1168,1,Be,1976
1168,1,Bw,100637
1168,1,X,100643
1168,1,Y,100643
1169,1,Be,1974
1169,1,Bw,101072
1169,1,X,101076
1169,1,Y,101076
1170,1,Be,1958
1170,1,Bw,101084
1170,1,X,101091
1170,1,Y,101091
1171,1,Be,1924
1171,1,Bw,101035
1171,1,X,101042
1171,1,Y,101042
1172,1,Be,1941
1172,1,Bw,101152
1172,1,X,101158
1172,1,Y,101158
1173,1,Be,1933
1173,1,Bw,100850
1173,1,X,100857
1173,1,Y,100857
1174,1,Be,1950
1174,1,Bw,100901
1174,1,X,100908
1174,1,Y,100908
1175,1,Be,1982
1175,1,Bw,100908
1175,1,X,100915
1175,1,Y,100915
1176,1,Be,1967
1176,1,Bw,100960
1176,1,X,100964
1176,1,Y,100964
1177,1,Be,1955
1177,1,Bw,101002
1177,1,X,101008
1177,1,Y,101008
1178,1,Be,1946
1178,1,Bw,101163
1178,1,X,101171
1178,1,Y,101171
1179,1,Be,1924
1179,1,Bw,101195
1179,1,X,101202
1179,1,Y,101202
1180,1,Be,1879
1180,1,Bw,101031
1180,1,X,101038
1180,1,Y,101038
1181,1,Be,1903
1181,1,Bw,101029
1181,1,X,101037
1181,1,Y,101037
1182,1,Be,1930
1182,1,Bw,100954
1182,1,X,100965
1182,1,Y,100965
1183,1,Be,1875
1183,1,Bw,101094
1183,1,X,101104
1183,1,Y,101104
1184,1,Be,1897
1184,1,Bw,101126
1184,1,X,101141
1184,1,Y,101141
1185,1,Be,1910
1185,1,Bw,101179
1185,1,X,101192
1185,1,Y,101192
1186,1,Be,1919
1186,1,Bw,100980
1186,1,X,100989
1186,1,Y,100989
1187,1,Be,1920
1187,1,Bw,101154
1187,1,X,101163
1187,1,Y,101163
1188,1,Be,1898
1188,1,Bw,100962
1188,1,X,100973
1188,1,Y,100973
1189,1,Be,1914
1189,1,Bw,100805
1189,1,X,100816
1189,1,Y,100816
1190,1,Be,1934
1190,1,Bw,100967
1190,1,X,100976
1190,1,Y,100976
1191,1,Be,1947
1191,1,Bw,100878
1191,1,X,100887
1191,1,Y,100887
1192,1,Be,1972
1192,1,Bw,100751
1192,1,X,100759
1192,1,Y,100759
1193,1,Be,2000
1193,1,Bw,100823
1193,1,X,100830
1193,1,Y,100830
1194,1,Be,2006
1194,1,Bw,100797
1194,1,X,100803
1194,1,Y,100803
1195,1,Be,1991
1195,1,Bw,101048
1195,1,X,101054
1195,1,Y,101054
1196,1,Be,1970
1196,1,Bw,101054
1196,1,X,101060
1196,1,Y,101060
1197,1,Be,1984
1197,1,Bw,100982
1197,1,X,100988
1197,1,Y,100988
1198,1,Be,1951
1198,1,Bw,101117
1198,1,X,101122
1198,1,Y,101122
1199,1,Be,1970
1199,1,Bw,101441
1199,1,X,101449
1199,1,Y,101449
1200,1,Be,2015
1200,1,Bw,101431
1200,1,X,101440
1200,1,Y,101440
1201,1,Be,1971
1201,1,Bw,101471
1201,1,X,101480
1201,1,Y,101480
1202,1,Be,1968
1202,1,Bw,101436
1202,1,X,101445
1202,1,Y,101445
1203,1,Be,2025
1203,1,Bw,101608
1203,1,X,101617
1203,1,Y,101617
1204,1,Be,2046
1204,1,Bw,101513
1204,1,X,101522
1204,1,Y,101522
1205,1,Be,2015
1205,1,Bw,101394
1205,1,X,101402
1205,1,Y,101402
1206,1,Be,2019
1206,1,Bw,101325
1206,1,X,101334
1206,1,Y,101334
1207,1,Be,1967
1207,1,Bw,101261
1207,1,X,101266
1207,1,Y,101266
1208,1,Be,1958
1208,1,Bw,101014
1208,1,X,101019
1208,1,Y,101019
1209,1,Be,1947
1209,1,Bw,100764
1209,1,X,100770
1209,1,Y,100770
1210,1,Be,1963
1210,1,Bw,100672
1210,1,X,100679
1210,1,Y,100679
1211,1,Be,1930
1211,1,Bw,100739
1211,1,X,100745
1211,1,Y,100745
1212,1,Be,1944
1212,1,Bw,100596
1212,1,X,100601
1212,1,Y,100601
1213,1,Be,1969
1213,1,Bw,100576
1213,1,X,100584
1213,1,Y,100584
1214,1,Be,1963
1214,1,Bw,100558
1214,1,X,100567
1214,1,Y,100567
1215,1,Be,1899
1215,1,Bw,100627
1215,1,X,100634
1215,1,Y,100634
1216,1,Be,1884
1216,1,Bw,100688
1216,1,X,100696
1216,1,Y,100696
1217,1,Be,1850
1217,1,Bw,100567
1217,1,X,100577
1217,1,Y,100577
1218,1,Be,1920
1218,1,Bw,100516
1218,1,X,100526
1218,1,Y,100526
1219,1,Be,1954
1219,1,Bw,100337
1219,1,X,100346
1219,1,Y,100346
1220,1,Be,1953
1220,1,Bw,100262
1220,1,X,100271
1220,1,Y,100271
1221,1,Be,1961
1221,1,Bw,100489
1221,1,X,100498
1221,1,Y,100498
1222,1,Be,1946
1222,1,Bw,100650
1222,1,X,100661
1222,1,Y,100661
1223,1,Be,1966
1223,1,Bw,100556
1223,1,X,100567
1223,1,Y,100567
1224,1,Be,1978
1224,1,Bw,100841
1224,1,X,100851
1224,1,Y,100851
1225,1,Be,1958
1225,1,Bw,100697
1225,1,X,100707
1225,1,Y,100707
1226,1,Be,1887
1226,1,Bw,100490
1226,1,X,100500
1226,1,Y,100500
1227,1,Be,1899
1227,1,Bw,100471
1227,1,X,100482
1227,1,Y,100482
1228,1,Be,1939
1228,1,Bw,100473
1228,1,X,100483
1228,1,Y,100483
1229,1,Be,1923
1229,1,Bw,100681
1229,1,X,100689
1229,1,Y,100689
1230,1,Be,1908
1230,1,Bw,100886
1230,1,X,100896
1230,1,Y,100896
1231,1,Be,1906
1231,1,Bw,101076
1231,1,X,101086
1231,1,Y,101086
1232,1,Be,1959
1232,1,Bw,101319
1232,1,X,101328
1232,1,Y,101328
1233,1,Be,1971
1233,1,Bw,101381
1233,1,X,101389
1233,1,Y,101389
1234,1,Be,1919
1234,1,Bw,101319
1234,1,X,101326
1234,1,Y,101326
1235,1,Be,1939
1235,1,Bw,101073
1235,1,X,101076
1235,1,Y,101076
1236,1,Be,1952
1236,1,Bw,101414
1236,1,X,101416
1236,1,Y,101416
1237,1,Be,1960
1237,1,Bw,101622
1237,1,X,101628
1237,1,Y,101628
1238,1,Be,1892
1238,1,Bw,101402
1238,1,X,101408
1238,1,Y,101408
1239,1,Be,1893
1239,1,Bw,101558
1239,1,X,101566
1239,1,Y,101566
1240,1,Be,1917
1240,1,Bw,101475
1240,1,X,101484
1240,1,Y,101484
1241,1,Be,1901
1241,1,Bw,101382
1241,1,X,101389
1241,1,Y,101389
1242,1,Be,1899
1242,1,Bw,101386
1242,1,X,101395
1242,1,Y,101395
1243,1,Be,1928
1243,1,Bw,101168
1243,1,X,101184
1243,1,Y,101184
1244,1,Be,1951
1244,1,Bw,101377
1244,1,X,101393
1244,1,Y,101393
1245,1,Be,1916
1245,1,Bw,101233
1245,1,X,101250
1245,1,Y,101250
1246,1,Be,1895
1246,1,Bw,101210
1246,1,X,101230
1246,1,Y,101230
1247,1,Be,1932
1247,1,Bw,101057
1247,1,X,101075
1247,1,Y,101075
1248,1,Be,1928
1248,1,Bw,100741
1248,1,X,100760
1248,1,Y,100760
1249,1,Be,1976
1249,1,Bw,100677
1249,1,X,100692
1249,1,Y,100692
1250,1,Be,1948
1250,1,Bw,100802
1250,1,X,100818
1250,1,Y,100818
1251,1,Be,1925
1251,1,Bw,100829
1251,1,X,100845
1251,1,Y,100845
1252,1,Be,1911
1252,1,Bw,100899
1252,1,X,100914
1252,1,Y,100914
1253,1,Be,1948
1253,1,Bw,100808
1253,1,X,100823
1253,1,Y,100823
1254,1,Be,1921
1254,1,Bw,100974
1254,1,X,100988
1254,1,Y,100988
1255,1,Be,1871
1255,1,Bw,101063
1255,1,X,101076
1255,1,Y,101076
1256,1,Be,1853
1256,1,Bw,101309
1256,1,X,101320
1256,1,Y,101320
1257,1,Be,1838
1257,1,Bw,101219
1257,1,X,101230
1257,1,Y,101230
1258,1,Be,1831
1258,1,Bw,101428
1258,1,X,101438
1258,1,Y,101438
1259,1,Be,1853
1259,1,Bw,101318
1259,1,X,101328
1259,1,Y,101328
1260,1,Be,1890
1260,1,Bw,101470
1260,1,X,101476
1260,1,Y,101476
1261,1,Be,1948
1261,1,Bw,101472
1261,1,X,101479
1261,1,Y,101479
1262,1,Be,1958
1262,1,Bw,101321
1262,1,X,101330
1262,1,Y,101330
1263,1,Be,1962
1263,1,Bw,101167
1263,1,X,101172
1263,1,Y,101172
1264,1,Be,1985
1264,1,Bw,101166
1264,1,X,101175
1264,1,Y,101175
1265,1,Be,1964
1265,1,Bw,101277
1265,1,X,101287
1265,1,Y,101287
1266,1,Be,1977
1266,1,Bw,101510
1266,1,X,101520
1266,1,Y,101520
1267,1,Be,1950
1267,1,Bw,101538
1267,1,X,101551
1267,1,Y,101551
1268,1,Be,1915
1268,1,Bw,101519
1268,1,X,101532
1268,1,Y,101532
1269,1,Be,1910
1269,1,Bw,101170
1269,1,X,101184
1269,1,Y,101184
1270,1,Be,1915
1270,1,Bw,101240
1270,1,X,101253
1270,1,Y,101253
1271,1,Be,1866
1271,1,Bw,101057
1271,1,X,101070
1271,1,Y,101070
1272,1,Be,1888
1272,1,Bw,101037
1272,1,X,101048
1272,1,Y,101048
1273,1,Be,1880
1273,1,Bw,100962
1273,1,X,100973
1273,1,Y,100973
1274,1,Be,1904
1274,1,Bw,100772
1274,1,X,100787
1274,1,Y,100787
1275,1,Be,1876
1275,1,Bw,100687
1275,1,X,100701
1275,1,Y,100701
1276,1,Be,1830
1276,1,Bw,100748
1276,1,X,100761
1276,1,Y,100761
1277,1,Be,1844
1277,1,Bw,100677
1277,1,X,100691
1277,1,Y,100691
1278,1,Be,1865
1278,1,Bw,100806
1278,1,X,100821
1278,1,Y,100821
1279,1,Be,1883
1279,1,Bw,100974
1279,1,X,100988
1279,1,Y,100988
1280,1,Be,1926
1280,1,Bw,101049
1280,1,X,101062
1280,1,Y,101062
1281,1,Be,1940
1281,1,Bw,100946
1281,1,X,100959
1281,1,Y,100959
1282,1,Be,1932
1282,1,Bw,101277
1282,1,X,101292
1282,1,Y,101292
1283,1,Be,1986
1283,1,Bw,101329
1283,1,X,101340
1283,1,Y,101340
1284,1,Be,1956
1284,1,Bw,101296
1284,1,X,101304
1284,1,Y,101304
1285,1,Be,1920
1285,1,Bw,101376
1285,1,X,101385
1285,1,Y,101385
1286,1,Be,1856
1286,1,Bw,101325
1286,1,X,101333
1286,1,Y,101333
1287,1,Be,1843
1287,1,Bw,101281
1287,1,X,101291
1287,1,Y,101291
1288,1,Be,1887
1288,1,Bw,101343
1288,1,X,101352
1288,1,Y,101352
1289,1,Be,1909
1289,1,Bw,101296
1289,1,X,101307
1289,1,Y,101307
1290,1,Be,1885
1290,1,Bw,101454
1290,1,X,101463
1290,1,Y,101463
1291,1,Be,1888
1291,1,Bw,101446
1291,1,X,101458
1291,1,Y,101458
1292,1,Be,1924
1292,1,Bw,101522
1292,1,X,101533
1292,1,Y,101533
1293,1,Be,1899
1293,1,Bw,101407
1293,1,X,101418
1293,1,Y,101418
1294,1,Be,1900
1294,1,Bw,101387
1294,1,X,101396
1294,1,Y,101396
1295,1,Be,1933
1295,1,Bw,101206
1295,1,X,101222
1295,1,Y,101222
1296,1,Be,1912
1296,1,Bw,101209
1296,1,X,101223
1296,1,Y,101223
1297,1,Be,1938
1297,1,Bw,101215
1297,1,X,101227
1297,1,Y,101227
1298,1,Be,1897
1298,1,Bw,101078
1298,1,X,101087
1298,1,Y,101087
1299,1,Be,1856
1299,1,Bw,101109
1299,1,X,101118
1299,1,Y,101118
1300,1,Be,1817
1300,1,Bw,101009
1300,1,X,101017
1300,1,Y,101017
1301,1,Be,1825
1301,1,Bw,100986
1301,1,X,100996
1301,1,Y,100996
1302,1,Be,1899
1302,1,Bw,101104
1302,1,X,101113
1302,1,Y,101113
1303,1,Be,1915
1303,1,Bw,101019
1303,1,X,101027
1303,1,Y,101027
1304,1,Be,1887
1304,1,Bw,101114
1304,1,X,101122
1304,1,Y,101122
1305,1,Be,1939
1305,1,Bw,101242
1305,1,X,101247
1305,1,Y,101247
1306,1,Be,1897
1306,1,Bw,100940
1306,1,X,100945
1306,1,Y,100945
1307,1,Be,1953
1307,1,Bw,100872
1307,1,X,100881
1307,1,Y,100881
1308,1,Be,1975
1308,1,Bw,100938
1308,1,X,100946
1308,1,Y,100946
1309,1,Be,1974
1309,1,Bw,101025
1309,1,X,101034
1309,1,Y,101034
1310,1,Be,1979
1310,1,Bw,100888
1310,1,X,100900
1310,1,Y,100900
1311,1,Be,1951
1311,1,Bw,101072
1311,1,X,101084
1311,1,Y,101084
1312,1,Be,1923
1312,1,Bw,100508
1312,1,X,100520
1312,1,Y,100520
1313,1,Be,1939
1313,1,Bw,100623
1313,1,X,100634
1313,1,Y,100634
1314,1,Be,1928
1314,1,Bw,100426
1314,1,X,100436
1314,1,Y,100436
1315,1,Be,1937
1315,1,Bw,100514
1315,1,X,100524
1315,1,Y,100524
1316,1,Be,1980
1316,1,Bw,100413
1316,1,X,100421
1316,1,Y,100421
1317,1,Be,1997
1317,1,Bw,100606
1317,1,X,100614
1317,1,Y,100614
1318,1,Be,1963
1318,1,Bw,100542
1318,1,X,100549
1318,1,Y,100549
1319,1,Be,2000
1319,1,Bw,100716
1319,1,X,100721
1319,1,Y,100721
1320,1,Be,2000
1320,1,Bw,100664
1320,1,X,100669
1320,1,Y,100669
1321,1,Be,1961
1321,1,Bw,100719
1321,1,X,100723
1321,1,Y,100723
1322,1,Be,1969
1322,1,Bw,100788
1322,1,X,100793
1322,1,Y,100793
1323,1,Be,2002
1323,1,Bw,100724
1323,1,X,100731
1323,1,Y,100731
1324,1,Be,1975
1324,1,Bw,100726
1324,1,X,100733
1324,1,Y,100733
1325,1,Be,1933
1325,1,Bw,100759
1325,1,X,100765
1325,1,Y,100765
1326,1,Be,1871
1326,1,Bw,100530
1326,1,X,100535
1326,1,Y,100535
1327,1,Be,1873
1327,1,Bw,100593
1327,1,X,100598
1327,1,Y,100598
1328,1,Be,1870
1328,1,Bw,100771
1328,1,X,100777
1328,1,Y,100777
1329,1,Be,1855
1329,1,Bw,100772
1329,1,X,100777
1329,1,Y,100777
1330,1,Be,1847
1330,1,Bw,100634
1330,1,X,100638
1330,1,Y,100638
1331,1,Be,1787
1331,1,Bw,100770
1331,1,X,100774
1331,1,Y,100774
1332,1,Be,1779
1332,1,Bw,100839
1332,1,X,100841
1332,1,Y,100841
1333,1,Be,1828
1333,1,Bw,100817
1333,1,X,100819
1333,1,Y,100819
1334,1,Be,1852
1334,1,Bw,100768
1334,1,X,100770
1334,1,Y,100770
1335,1,Be,1834
1335,1,Bw,101072
1335,1,X,101075
1335,1,Y,101075
1336,1,Be,1859
1336,1,Bw,100938
1336,1,X,100942
1336,1,Y,100942
1337,1,Be,1876
1337,1,Bw,100968
1337,1,X,100972
1337,1,Y,100972
1338,1,Be,1897
1338,1,Bw,101052
1338,1,X,101058
1338,1,Y,101058
1339,1,Be,1891
1339,1,Bw,101198
1339,1,X,101205
1339,1,Y,101205
1340,1,Be,1912
1340,1,Bw,101196
1340,1,X,101203
1340,1,Y,101203
1341,1,Be,1869
1341,1,Bw,101282
1341,1,X,101288
1341,1,Y,101288
1342,1,Be,1877
1342,1,Bw,101244
1342,1,X,101249
1342,1,Y,101249
1343,1,Be,1943
1343,1,Bw,101456
1343,1,X,101461
1343,1,Y,101461
1344,1,Be,1866
1344,1,Bw,100992
1344,1,X,100998
1344,1,Y,100998
1345,1,Be,1796
1345,1,Bw,101041
1345,1,X,101046
1345,1,Y,101046
1346,1,Be,1800
1346,1,Bw,100888
1346,1,X,100898
1346,1,Y,100898
1347,1,Be,1759
1347,1,Bw,101009
1347,1,X,101020
1347,1,Y,101020
1348,1,Be,1744
1348,1,Bw,101070
1348,1,X,101080
1348,1,Y,101080
1349,1,Be,1806
1349,1,Bw,101191
1349,1,X,101200
1349,1,Y,101200
1350,1,Be,1748
1350,1,Bw,100958
1350,1,X,100967
1350,1,Y,100967
1351,1,Be,1711
1351,1,Bw,100866
1351,1,X,100876
1351,1,Y,100876
1352,1,Be,1697
1352,1,Bw,100853
1352,1,X,100867
1352,1,Y,100867
1353,1,Be,1719
1353,1,Bw,101008
1353,1,X,101022
1353,1,Y,101022
1354,1,Be,1729
1354,1,Bw,101068
1354,1,X,101084
1354,1,Y,101084
1355,1,Be,1747
1355,1,Bw,100959
1355,1,X,100978
1355,1,Y,100978
1356,1,Be,1811
1356,1,Bw,101132
1356,1,X,101151
1356,1,Y,101151
1357,1,Be,1827
1357,1,Bw,101209
1357,1,X,101226
1357,1,Y,101226
1358,1,Be,1812
1358,1,Bw,101111
1358,1,X,101127
1358,1,Y,101127
1359,1,Be,1801
1359,1,Bw,100987
1359,1,X,101005
1359,1,Y,101005
1360,1,Be,1820
1360,1,Bw,101354
1360,1,X,101371
1360,1,Y,101371
1361,1,Be,1809
1361,1,Bw,101183
1361,1,X,101204
1361,1,Y,101204
1362,1,Be,1846
1362,1,Bw,101213
1362,1,X,101234
1362,1,Y,101234
1363,1,Be,1819
1363,1,Bw,101455
1363,1,X,101473
1363,1,Y,101473
1364,1,Be,1822
1364,1,Bw,101501
1364,1,X,101519
1364,1,Y,101519
1365,1,Be,1842
1365,1,Bw,101815
1365,1,X,101834
1365,1,Y,101834
1366,1,Be,1849
1366,1,Bw,101780
1366,1,X,101794
1366,1,Y,101794
1367,1,Be,1849
1367,1,Bw,101567
1367,1,X,101580
1367,1,Y,101580
1368,1,Be,1837
1368,1,Bw,101542
1368,1,X,101554
1368,1,Y,101554
1369,1,Be,1861
1369,1,Bw,101470
1369,1,X,101481
1369,1,Y,101481
1370,1,Be,1908
1370,1,Bw,101371
1370,1,X,101381
1370,1,Y,101381
1371,1,Be,1910
1371,1,Bw,101328
1371,1,X,101337
1371,1,Y,101337
1372,1,Be,1909
1372,1,Bw,100919
1372,1,X,100932
1372,1,Y,100932
1373,1,Be,1909
1373,1,Bw,101007
1373,1,X,101020
1373,1,Y,101020
1374,1,Be,1867
1374,1,Bw,101031
1374,1,X,101045
1374,1,Y,101045
1375,1,Be,1862
1375,1,Bw,100862
1375,1,X,100875
1375,1,Y,100875
1376,1,Be,1882
1376,1,Bw,101059
1376,1,X,101073
1376,1,Y,101073
1377,1,Be,1876
1377,1,Bw,100886
1377,1,X,100899
1377,1,Y,100899
1378,1,Be,1824
1378,1,Bw,100937
1378,1,X,100952
1378,1,Y,100952
1379,1,Be,1848
1379,1,Bw,100902
1379,1,X,100919
1379,1,Y,100919
1380,1,Be,1877
1380,1,Bw,100928
1380,1,X,100945
1380,1,Y,100945
1381,1,Be,1878
1381,1,Bw,101111
1381,1,X,101127
1381,1,Y,101127
1382,1,Be,1846
1382,1,Bw,100862
1382,1,X,100874
1382,1,Y,100874
1383,1,Be,1812
1383,1,Bw,100994
1383,1,X,101008
1383,1,Y,101008
1384,1,Be,1814
1384,1,Bw,100848
1384,1,X,100863
1384,1,Y,100863
1385,1,Be,1826
1385,1,Bw,100841
1385,1,X,100854
1385,1,Y,100854
1386,1,Be,1870
1386,1,Bw,100779
1386,1,X,100791
1386,1,Y,100791
1387,1,Be,1852
1387,1,Bw,100719
1387,1,X,100731
1387,1,Y,100731
1388,1,Be,1815
1388,1,Bw,100883
1388,1,X,100895
1388,1,Y,100895
1389,1,Be,1792
1389,1,Bw,100900
1389,1,X,100912
1389,1,Y,100912
1390,1,Be,1843
1390,1,Bw,100782
1390,1,X,100793
1390,1,Y,100793
1391,1,Be,1838
1391,1,Bw,100853
1391,1,X,100862
1391,1,Y,100862
1392,1,Be,1800
1392,1,Bw,100718
1392,1,X,100727
1392,1,Y,100727
1393,1,Be,1801
1393,1,Bw,100874
1393,1,X,100882
1393,1,Y,100882
1394,1,Be,1807
1394,1,Bw,101039
1394,1,X,101047
1394,1,Y,101047
1395,1,Be,1882
1395,1,Bw,101354
1395,1,X,101360
1395,1,Y,101360
1396,1,Be,1854
1396,1,Bw,101343
1396,1,X,101348
1396,1,Y,101348
1397,1,Be,1832
1397,1,Bw,101354
1397,1,X,101360
1397,1,Y,101360
1398,1,Be,1811
1398,1,Bw,101274
1398,1,X,101281
1398,1,Y,101281
1399,1,Be,1783
1399,1,Bw,101219
1399,1,X,101226
1399,1,Y,101226
1400,1,Be,1843
1400,1,Bw,101214
1400,1,X,101221
1400,1,Y,101221
1401,1,Be,1796
1401,1,Bw,101036
1401,1,X,101041
1401,1,Y,101041
1402,1,Be,1767
1402,1,Bw,101155
1402,1,X,101162
1402,1,Y,101162
1403,1,Be,1800
1403,1,Bw,101294
1403,1,X,101301
1403,1,Y,101301
1404,1,Be,1795
1404,1,Bw,101345
1404,1,X,101351
1404,1,Y,101351
1405,1,Be,1772
1405,1,Bw,101491
1405,1,X,101498
1405,1,Y,101498
1406,1,Be,1773
1406,1,Bw,101314
1406,1,X,101321
1406,1,Y,101321
1407,1,Be,1729
1407,1,Bw,101143
1407,1,X,101150
1407,1,Y,101150
1408,1,Be,1725
1408,1,Bw,101220
1408,1,X,101227
1408,1,Y,101227
1409,1,Be,1679
1409,1,Bw,101153
1409,1,X,101161
1409,1,Y,101161
1410,1,Be,1747
1410,1,Bw,101286
1410,1,X,101295
1410,1,Y,101295
1411,1,Be,1754
1411,1,Bw,101548
1411,1,X,101556
1411,1,Y,101556
1412,1,Be,1744
1412,1,Bw,101427
1412,1,X,101433
1412,1,Y,101433
1413,1,Be,1752
1413,1,Bw,101450
1413,1,X,101455
1413,1,Y,101455
1414,1,Be,1796
1414,1,Bw,101456
1414,1,X,101462
1414,1,Y,101462
1415,1,Be,1768
1415,1,Bw,101456
1415,1,X,101464
1415,1,Y,101464
1416,1,Be,1793
1416,1,Bw,101528
1416,1,X,101536
1416,1,Y,101536
1417,1,Be,1770
1417,1,Bw,101331
1417,1,X,101339
1417,1,Y,101339
1418,1,Be,1814
1418,1,Bw,101393
1418,1,X,101399
1418,1,Y,101399
1419,1,Be,1827
1419,1,Bw,101305
1419,1,X,101312
1419,1,Y,101312
1420,1,Be,1811
1420,1,Bw,101340
1420,1,X,101346
1420,1,Y,101346
1421,1,Be,1825
1421,1,Bw,101537
1421,1,X,101545
1421,1,Y,101545
1422,1,Be,1841
1422,1,Bw,101445
1422,1,X,101452
1422,1,Y,101452
1423,1,Be,1819
1423,1,Bw,101447
1423,1,X,101453
1423,1,Y,101453
1424,1,Be,1808
1424,1,Bw,101118
1424,1,X,101125
1424,1,Y,101125
1425,1,Be,1813
1425,1,Bw,101116
1425,1,X,101123
1425,1,Y,101123
1426,1,Be,1823
1426,1,Bw,100992
1426,1,X,101000
1426,1,Y,101000
1427,1,Be,1808
1427,1,Bw,101012
1427,1,X,101023
1427,1,Y,101023
1428,1,Be,1780
1428,1,Bw,100992
1428,1,X,101000
1428,1,Y,101000
1429,1,Be,1803
1429,1,Bw,100952
1429,1,X,100961
1429,1,Y,100961
1430,1,Be,1824
1430,1,Bw,100765
1430,1,X,100773
1430,1,Y,100773
1431,1,Be,1802
1431,1,Bw,100605
1431,1,X,100616
1431,1,Y,100616
1432,1,Be,1782
1432,1,Bw,100581
1432,1,X,100589
1432,1,Y,100589
1433,1,Be,1760
1433,1,Bw,100897
1433,1,X,100905
1433,1,Y,100905
1434,1,Be,1736
1434,1,Bw,101077
1434,1,X,101084
1434,1,Y,101084
1435,1,Be,1747
1435,1,Bw,100611
1435,1,X,100618
1435,1,Y,100618
1436,1,Be,1818
1436,1,Bw,100904
1436,1,X,100911
1436,1,Y,100911
1437,1,Be,1841
1437,1,Bw,101017
1437,1,X,101023
1437,1,Y,101023
1438,1,Be,1849
1438,1,Bw,101254
1438,1,X,101261
1438,1,Y,101261
1439,1,Be,1856
1439,1,Bw,101254
1439,1,X,101260
1439,1,Y,101260
1440,1,Be,1850
1440,1,Bw,101374
1440,1,X,101379
1440,1,Y,101379
1441,1,Be,1827
1441,1,Bw,101164
1441,1,X,101171
1441,1,Y,101171
1442,1,Be,1809
1442,1,Bw,101101
1442,1,X,101107
1442,1,Y,101107
1443,1,Be,1809
1443,1,Bw,100718
1443,1,X,100724
1443,1,Y,100724
1444,1,Be,1814
1444,1,Bw,101072
1444,1,X,101078
1444,1,Y,101078
1445,1,Be,1753
1445,1,Bw,100949
1445,1,X,100954
1445,1,Y,100954
1446,1,Be,1772
1446,1,Bw,101079
1446,1,X,101084
1446,1,Y,101084
1447,1,Be,1792
1447,1,Bw,101178
1447,1,X,101183
1447,1,Y,101183
1448,1,Be,1775
1448,1,Bw,101156
1448,1,X,101164
1448,1,Y,101164
1449,1,Be,1820
1449,1,Bw,101153
1449,1,X,101161
1449,1,Y,101161
1450,1,Be,1776
1450,1,Bw,100949
1450,1,X,100955
1450,1,Y,100955
1451,1,Be,1787
1451,1,Bw,100984
1451,1,X,100992
1451,1,Y,100992
1452,1,Be,1747
1452,1,Bw,101012
1452,1,X,101022
1452,1,Y,101022
1453,1,Be,1767
1453,1,Bw,100929
1453,1,X,100943
1453,1,Y,100943
1454,1,Be,1759
1454,1,Bw,100770
1454,1,X,100783
1454,1,Y,100783
1455,1,Be,1788
1455,1,Bw,100804
1455,1,X,100817
1455,1,Y,100817
1456,1,Be,1812
1456,1,Bw,100524
1456,1,X,100534
1456,1,Y,100534
1457,1,Be,1826
1457,1,Bw,100432
1457,1,X,100441
1457,1,Y,100441
1458,1,Be,1797
1458,1,Bw,100398
1458,1,X,100408
1458,1,Y,100408
1459,1,Be,1799
1459,1,Bw,100299
1459,1,X,100308
1459,1,Y,100308
